http://publicspending.medialab.ntua.gr/resource/paymentAgents/997615158;Δήμος Αβδήρων;ΔΗΜΟΣ ΑΒΔΗΡΩΝ
http://publicspending.medialab.ntua.gr/resource/paymentAgents/090098820;Δήμος Αγαθονησίου;ΔΗΜΟΣ ΑΓΑΘΟΝΗΣΙΟΥ
http://publicspending.medialab.ntua.gr/resource/paymentAgents/099711740;Δήμος Αγιάς;ΔΗΜΟΣ ΑΓΙΑΣ
http://publicspending.medialab.ntua.gr/resource/paymentAgents/090338714;Δήμος Αγίας Βαρβάρας;ΔΗΜΟΣ ΑΓ ΒΑΡΒΑΡΑΣ
http://publicspending.medialab.ntua.gr/resource/paymentAgents/090085626;Δήμος Αγίας Παρασκευής;ΔΗΜΟΣ ΑΓΙΑ ΠΑΡΑΣΚΕΥΗΣ
http://publicspending.medialab.ntua.gr/resource/paymentAgents/997820848;Δήμος Αγίου Βασιλείου;ΔΗΜΟΣ ΑΓΙΟΥ ΒΑΣΙΛΕΙΟΥ
http://publicspending.medialab.ntua.gr/resource/paymentAgents/090317374;Δήμος Αγίου Δημητρίου;ΔΗΜΟΣ ΑΓ ΔΗΜΗΤΡΙΟΥ
http://publicspending.medialab.ntua.gr/resource/paymentAgents/090390252;Δήμος Αγίου Ευστρατίου;ΔΗΜΟΣ ΑΓΙΟΥ ΕΥΣΤΡΑΤΙΟΥ
http://publicspending.medialab.ntua.gr/resource/paymentAgents/090093325;Δήμος Αγίου Νικολάου;ΔΗΜΟΣ ΑΓ ΝΙΚΟΛΑΟΥ
http://publicspending.medialab.ntua.gr/resource/paymentAgents/998396742;Δήμος Αγίων Αναργύρων-Καματερού;ΔΗΜΟΣ ΑΓΙΩΝ ΑΝΑΡΓΥΡΩΝ ΚΑΜΑΤΕΡΟΥ
http://publicspending.medialab.ntua.gr/resource/paymentAgents/090046940;Δήμος Αγκιστρίου;ΔΗΜΟΣ ΑΓΚΙΣΤΡΙΟΥ
http://publicspending.medialab.ntua.gr/resource/paymentAgents/997699780;Δήμος Αγρινίου;ΔΗΜΟΣ ΑΓΡΙΝΙΟΥ
http://publicspending.medialab.ntua.gr/resource/paymentAgents/090025537;Δήμος Αθηναίων;ΔΗΜΟΣ ΑΘΗΝΑΙΩΝ
http://publicspending.medialab.ntua.gr/resource/paymentAgents/090197140;Δήμος Αιγάλεω;ΔΗΜΟΣ ΑΙΓΑΛΕΩ
http://publicspending.medialab.ntua.gr/resource/paymentAgents/997934121;Δήμος Αιγιαλείας;ΔΗΜΟΣ ΑΙΓΙΑΛΕΙΑΣ
http://publicspending.medialab.ntua.gr/resource/paymentAgents/090046938;Δήμος Αίγινας;ΔΗΜΟΣ ΑΙΓΙΝΑΣ
http://publicspending.medialab.ntua.gr/resource/paymentAgents/099202692;Δήμος Ακτίου - Βόνιτσας;ΔΗΜΟΣ ΑΚΤΙΟΥ ΒΟΝΙΤΣΑΣ
http://publicspending.medialab.ntua.gr/resource/paymentAgents/997813777;Δήμος Αλεξάνδρειας;ΔΗΜΟΣ ΑΛΕΞΑΝΔΡΕΙΑΣ
http://publicspending.medialab.ntua.gr/resource/paymentAgents/997712303;Δήμος Αλεξανδρούπολης;ΔΗΜΟΣ ΑΛΕΞΑΝΔΡΟΥΠΟΛΗΣ
http://publicspending.medialab.ntua.gr/resource/paymentAgents/998016252;Δήμος Αλιάρτου;ΔΗΜΟΣ ΑΛΙΑΡΤΟΥ
http://publicspending.medialab.ntua.gr/resource/paymentAgents/090261546;Δήμος Αλίμου;ΔΗΜΟΣ ΑΛΙΜΟΥ
http://publicspending.medialab.ntua.gr/resource/paymentAgents/998230533;Δήμος Αλμυρού;ΔΗΜΟΣ ΑΛΜΥΡΟΥ
http://publicspending.medialab.ntua.gr/resource/paymentAgents/997600077;Δήμος Αλμωπίας;ΔΗΜΟΣ ΑΛΜΩΠΙΑΣ
http://publicspending.medialab.ntua.gr/resource/paymentAgents/090101041;Δήμος Αλοννήσου;ΔΗΜΟΣ ΑΛΟΝΗΣΣΟΥ
http://publicspending.medialab.ntua.gr/resource/paymentAgents/997820873;Δήμος Αμαρίου;ΔΗΜΟΣ ΑΜΑΡΙΟΥ
http://publicspending.medialab.ntua.gr/resource/paymentAgents/090312495;Δήμος Αμαρουσίου;ΔΗΜΟΣ ΑΜΑΡΟΥΣΙΟΥ
http://publicspending.medialab.ntua.gr/resource/paymentAgents/090256954;Δήμος Αμοργού;ΔΗΜΟΣ ΑΜΟΡΓΟΥ
http://publicspending.medialab.ntua.gr/resource/paymentAgents/997742400;Δήμος Αμπελοκήπων - Μενεμένης;ΔΗΜΟΣ ΑΜΠΕΛΟΚΗΠΩΝ ΜΕΝΕΜΕΝΗΣ
http://publicspending.medialab.ntua.gr/resource/paymentAgents/999108285;Δήμος Αμυνταίου;ΔΗΜΟΣ ΑΜΥΝΤΑΙΟΥ
http://publicspending.medialab.ntua.gr/resource/paymentAgents/800067050;Δήμος Αμφίκλειας - Ελάτειας;ΔΗΜΟΣ ΑΜΦΙΚΛΕΙΑΣ ΕΛΑΤΕΙΑΣ
http://publicspending.medialab.ntua.gr/resource/paymentAgents/998786086;Δήμος Αμφιλοχίας;ΔΗΜΟΣ ΑΜΦΙΛΟΧΙΑΣ
http://publicspending.medialab.ntua.gr/resource/paymentAgents/800246874;Δήμος Αμφίπολης;ΔΗΜΟΣ ΑΜΦΙΠΟΛΗΣ
http://publicspending.medialab.ntua.gr/resource/paymentAgents/800092832;Δήμος Ανατολικής Μάνης;ΔΗΜΟΣ ΑΝΑΤΟΛΙΚΗΣ ΜΑΝΗΣ
http://publicspending.medialab.ntua.gr/resource/paymentAgents/090156248;Δήμος Ανάφης;ΔΗΜΟΣ ΑΝΑΦΗΣ
http://publicspending.medialab.ntua.gr/resource/paymentAgents/099154390;Δήμος Ανδραβίδας - Κυλλήνης;ΔΗΜΟΣ ΑΝΔΡΑΒΙΔΑΣ ΚΥΛΛΗΝΗΣ
http://publicspending.medialab.ntua.gr/resource/paymentAgents/800166075;Δήμος Ανδρίτσαινας - Κρεστένων;ΔΗΜΟΣ ΑΝΔΡΙΤΣΑΙΝΑΣ ΚΡΕΣΤΕΝΩΝ
http://publicspending.medialab.ntua.gr/resource/paymentAgents/998239700;Δήμος Άνδρου;ΔΗΜΟΣ ΑΝΔΡΟΥ
http://publicspending.medialab.ntua.gr/resource/paymentAgents/999247040;Δήμος Αντιπάρου;ΔΗΜΟΣ ΑΝΤΙΠΑΡΟΥ
http://publicspending.medialab.ntua.gr/resource/paymentAgents/090034939;Δήμος Ανωγείων;ΔΗΜΟΣ ΑΝΩΓΕΙΩΝ
http://publicspending.medialab.ntua.gr/resource/paymentAgents/997570100;Δήμος Αποκορώνου;ΔΗΜΟΣ ΑΠΟΚΟΡΩΝΟΥ
http://publicspending.medialab.ntua.gr/resource/paymentAgents/998177895;Δήμος Άργους - Μυκηνών;ΔΗΜΟΣ ΑΡΓΟΥΣ ΜΥΚΗΝΩΝ
http://publicspending.medialab.ntua.gr/resource/paymentAgents/998744730;Δήμος Αριστοτέλη;ΔΗΜΟΣ ΑΡΙΣΤΟΤΕΛΗ
http://publicspending.medialab.ntua.gr/resource/paymentAgents/997681820;Δήμος Αρταίων;ΔΗΜΟΣ ΑΡΤΑΙΩΝ
http://publicspending.medialab.ntua.gr/resource/paymentAgents/997851051;Δήμος Αρχαίας Ολυμπίας;ΔΗΜΟΣ ΑΡΧΑΙΑΣ ΟΛΥΜΠΙΑΣ
http://publicspending.medialab.ntua.gr/resource/paymentAgents/997579303;Δήμος Αρχανών - Αστερουσίων;ΔΗΜΟΣ ΑΡΧΑΝΩΝ ΑΣΤΕΡΟΥΣΙΩΝ
http://publicspending.medialab.ntua.gr/resource/paymentAgents/090182414;Δήμος Ασπροπύργου;ΔΗΜΟΣ ΑΣΠΡΟΠΥΡΓΟΥ
http://publicspending.medialab.ntua.gr/resource/paymentAgents/090001146;Δήμος Αστυπάλαιας;ΔΗΜΟΣ ΑΣΤΥΠΑΛΑΙΑΣ
http://publicspending.medialab.ntua.gr/resource/paymentAgents/997573323;Δήμος Βάρης - Βούλας - Βουλιαγμένης;ΔΗΜΟΣ ΒΑΡΗΣ ΒΟΥΛΑΣ ΒΟΥΛΙΑΓΜΕΝΗΣ
http://publicspending.medialab.ntua.gr/resource/paymentAgents/997860963;Δήμος Βέλου - Βόχας;ΔΗΜΟΣ ΒΕΛΟΥ ΒΟΧΑΣ
http://publicspending.medialab.ntua.gr/resource/paymentAgents/997973841;Δήμος Βέροιας;ΔΗΜΟΣ ΒΕΡΟΙΑΣ
http://publicspending.medialab.ntua.gr/resource/paymentAgents/099281144;Δήμος Βιάννου;ΔΗΜΟΣ ΒΙΑΝΝΟΥ
http://publicspending.medialab.ntua.gr/resource/paymentAgents/998020646;Δήμος Βισαλτίας;ΔΗΜΟΣ ΒΙΣΑΛΤΙΑΣ
http://publicspending.medialab.ntua.gr/resource/paymentAgents/998059393;Δήμος Βοΐου;ΔΗΜΟΣ ΒΟΙΟΥ
http://publicspending.medialab.ntua.gr/resource/paymentAgents/998246635;Δήμος Βόλβης;ΔΗΜΟΣ ΒΟΛΒΗΣ
http://publicspending.medialab.ntua.gr/resource/paymentAgents/997898793;Δήμος Βόλου;ΔΗΜΟΣ ΒΟΛΟΥ
http://publicspending.medialab.ntua.gr/resource/paymentAgents/997854446;Δήμος Βορείων Τζουμέρκων;ΔΗΜΟΣ ΒΟΡΕΙΩΝ ΤΖΟΥΜΕΡΚΩΝ
http://publicspending.medialab.ntua.gr/resource/paymentAgents/090160342;Δήμος Βριλησσίων;ΔΗΜΟΣ ΒΡΙΛΗΣΣΙΩΝ
http://publicspending.medialab.ntua.gr/resource/paymentAgents/090296835;Δήμος Βύρωνος;ΔΗΜΟΣ ΒΥΡΩΝΑ
http://publicspending.medialab.ntua.gr/resource/paymentAgents/099506116;Δήμος Γαύδου;ΔΗΜΟΣ ΓΑΥΔΟΥ
http://publicspending.medialab.ntua.gr/resource/paymentAgents/997681832;Δήμος Γεωργίου Καραϊσκάκη;ΔΗΜΟΣ ΓΕΩΡΓΙΟΥ ΚΑΡΑΙΣΚΑΚΗ
http://publicspending.medialab.ntua.gr/resource/paymentAgents/090052400;Δήμος Γλυφάδας;ΔΗΜΟΣ ΓΛΥΦΑΔΑΣ
http://publicspending.medialab.ntua.gr/resource/paymentAgents/999174215;Δήμος Γόρτυνας;ΔΗΜΟΣ ΓΟΡΤΥΝΑΣ
http://publicspending.medialab.ntua.gr/resource/paymentAgents/800100885;Δήμος Γορτυνίας;ΔΗΜΟΣ ΓΟΡΤΥΝΙΑΣ
http://publicspending.medialab.ntua.gr/resource/paymentAgents/997921832;Δήμος Γρεβενών;ΔΗΜΟΣ ΓΡΕΒΕΝΩΝ
http://publicspending.medialab.ntua.gr/resource/paymentAgents/998607826;Δήμος Δάφνης - Υμηττού;ΔΗΜΟΣ ΔΑΦΝΗΣ ΥΜΗΤΤΟΥ
http://publicspending.medialab.ntua.gr/resource/paymentAgents/997630659;Δήμος Δέλτα;ΔΗΜΟΣ ΔΕΛΤΑ
http://publicspending.medialab.ntua.gr/resource/paymentAgents/998592151;Δήμος Δελφών;ΔΗΜΟΣ ΔΕΛΦΩΝ
http://publicspending.medialab.ntua.gr/resource/paymentAgents/099573325;Δήμος Δεσκάτης;ΔΗΜΟΣ ΔΕΣΚΑΤΗΣ
http://publicspending.medialab.ntua.gr/resource/paymentAgents/800107980;Δήμος Διδυμοτείχου;ΔΗΜΟΣ ΔΙΔΥΜΟΤΕΙΧΟΥ
http://publicspending.medialab.ntua.gr/resource/paymentAgents/997690910;Δήμος Διονύσου;ΔΗΜΟΣ ΔΙΟΝΥΣΟΥ
http://publicspending.medialab.ntua.gr/resource/paymentAgents/997766391;Δήμος Δίου - Ολύμπου;ΔΗΜΟΣ ΔΙΟΥ ΟΛΥΜΠΟΥ
http://publicspending.medialab.ntua.gr/resource/paymentAgents/997591330;Δήμος Διρφύων - Μεσσαπίων;ΔΗΜΟΣ ΔΙΡΦΥΩΝ ΜΕΣΣΑΠΙΩΝ
http://publicspending.medialab.ntua.gr/resource/paymentAgents/998016264;Δήμος Διστόμου-Αράχοβας-Αντίκυρας;ΔΗΜΟΣ ΔΙΣΤΟΜΟΥ ΑΡΑΧΟΒΑΣ ΑΝΤΙΚΥΡΑΣ
http://publicspending.medialab.ntua.gr/resource/paymentAgents/090032565;Δήμος Δομοκού;ΔΗΜΟΣ ΔΟΜΟΚΟΥ
http://publicspending.medialab.ntua.gr/resource/paymentAgents/997784913;Δήμος Δοξάτου;ΔΗΜΟΣ ΔΟΞΑΤΟΥ
http://publicspending.medialab.ntua.gr/resource/paymentAgents/997784894;Δήμος Δράμας;ΔΗΜΟΣ ΔΡΑΜΑΣ
http://publicspending.medialab.ntua.gr/resource/paymentAgents/998751013;Δήμος Δυτικής Αχαΐας;ΔΗΜΟΣ ΔΥΤΙΚΗΣ ΑΧΑΙΑΣ
http://publicspending.medialab.ntua.gr/resource/paymentAgents/997911980;Δήμος Δυτικής Μάνης;ΔΗΜΟΣ ΔΥΤΙΚΗΣ ΜΑΝΗΣ
http://publicspending.medialab.ntua.gr/resource/paymentAgents/997854471;Δήμος Δωδώνης;ΔΗΜΟΣ ΔΩΔΩΝΗΣ
http://publicspending.medialab.ntua.gr/resource/paymentAgents/800196610;Δήμος Δωρίδος;ΔΗΜΟΣ ΔΩΡΙΔΟΣ
http://publicspending.medialab.ntua.gr/resource/paymentAgents/998721868;Δήμος Έδεσσας;ΔΗΜΟΣ ΕΔΕΣΣΑΣ
http://publicspending.medialab.ntua.gr/resource/paymentAgents/999254983;Δήμος Ελασσόνας;ΔΗΜΟΣ ΕΛΑΣΣΟΝΑΣ
http://publicspending.medialab.ntua.gr/resource/paymentAgents/997763874;Δήμος Ελευσίνας;ΔΗΜΟΣ ΕΛΕΥΣΙΝΑΣ
http://publicspending.medialab.ntua.gr/resource/paymentAgents/997645384;Δήμος Ελληνικού - Αργυρούπολης;ΔΗΜΟΣ ΕΛΛΗΝΙΚΟΥ ΑΡΓΥΡΟΥΠΟΛΗΣ
http://publicspending.medialab.ntua.gr/resource/paymentAgents/998979241;Δήμος Εμμανουήλ Παππά;ΔΗΜΟΣ ΕΜΜΑΝΟΥΗΛ ΠΑΠΠΑ
http://publicspending.medialab.ntua.gr/resource/paymentAgents/998054361;Δήμος Εορδαίας;ΔΗΜΟΣ ΕΟΡΔΑΙΑΣ
http://publicspending.medialab.ntua.gr/resource/paymentAgents/998142373;Δήμος Επιδαύρου;ΔΗΜΟΣ ΕΠΙΔΑΥΡΟΥ
http://publicspending.medialab.ntua.gr/resource/paymentAgents/997609152;Δήμος Ερμιονίδας;ΔΗΜΟΣ ΕΡΜΙΟΝΙΔΑΣ
http://publicspending.medialab.ntua.gr/resource/paymentAgents/997748035;Δήμος Ερυμάνθου;ΔΗΜΟΣ ΕΡΥΜΑΝΘΟΥ
http://publicspending.medialab.ntua.gr/resource/paymentAgents/099652457;Δήμος Ευρώτα;ΔΗΜΟΣ ΕΥΡΩΤΑ
http://publicspending.medialab.ntua.gr/resource/paymentAgents/997898781;Δήμος Ζαγοράς - Μουρεσίου;ΔΗΜΟΣ ΖΑΓΟΡΑΣ ΜΟΥΡΕΣΙΟΥ
http://publicspending.medialab.ntua.gr/resource/paymentAgents/997854483;Δήμος Ζαγορίου;ΔΗΜΟΣ ΖΑΓΟΡΙΟΥ
http://publicspending.medialab.ntua.gr/resource/paymentAgents/998199586;Δήμος Ζακύνθου;ΔΗΜΟΣ ΖΑΚΥΝΘΟΥ
http://publicspending.medialab.ntua.gr/resource/paymentAgents/800121230;Δήμος Ζαχάρως;ΔΗΜΟΣ ΖΑΧΑΡΩΣ
http://publicspending.medialab.ntua.gr/resource/paymentAgents/099229170;Δήμος Ζηρού;ΔΗΜΟΣ ΖΗΡΟΥ
http://publicspending.medialab.ntua.gr/resource/paymentAgents/997854502;Δήμος Ζίτσας;ΔΗΜΟΣ ΖΙΤΣΑΣ
http://publicspending.medialab.ntua.gr/resource/paymentAgents/090276406;Δήμος Ζωγράφου;ΔΗΜΟΣ ΖΩΓΡΑΦΟΥ
http://publicspending.medialab.ntua.gr/resource/paymentAgents/997925241;Δήμος Ηγουμενίτσας;ΔΗΜΟΣ ΗΓΟΥΜΕΝΙΤΣΑΣ
http://publicspending.medialab.ntua.gr/resource/paymentAgents/800064187;Δήμος Ήλιδας;ΔΗΜΟΣ ΗΛΙΔΑΣ
http://publicspending.medialab.ntua.gr/resource/paymentAgents/090206453;Δήμος Ηλιούπολης;ΔΗΜΟΣ ΗΛΙΟΥΠΟΛΗΣ
http://publicspending.medialab.ntua.gr/resource/paymentAgents/090199297;Δήμος Ηρακλείας;ΔΗΜΟΣ ΗΡΑΚΛΕΙΑΣ
http://publicspending.medialab.ntua.gr/resource/paymentAgents/090084629;Δήμος Ηρακλείου Αττικής;ΔΗΜΟΣ ΗΡΑΚΛΕΙΟΥ ΑΤΤΙΚΗΣ
http://publicspending.medialab.ntua.gr/resource/paymentAgents/997579296;Δήμος Ηρακλείου Κρήτης;ΔΗΜΟΣ ΗΡΑΚΛΕΙΟΥ ΚΡΗΤΗΣ
http://publicspending.medialab.ntua.gr/resource/paymentAgents/997567090;Δήμος Θερμαϊκού;ΔΗΜΟΣ ΘΕΡΜΑΙΚΟΥ
http://publicspending.medialab.ntua.gr/resource/paymentAgents/997612550;Δήμος Θέρμης;ΔΗΜΟΣ ΘΕΡΜΗΣ
http://publicspending.medialab.ntua.gr/resource/paymentAgents/090134385;Δήμος Θέρμου;ΔΗΜΟΣ ΘΕΡΜΟΥ
http://publicspending.medialab.ntua.gr/resource/paymentAgents/998082845;Δήμος Θεσσαλονίκης;ΔΗΜΟΣ ΘΕΣΣΑΛΟΝΙΚΗΣ
http://publicspending.medialab.ntua.gr/resource/paymentAgents/997597230;Δήμος Θηβαίων;ΔΗΜΟΣ ΘΗΒΑΙΩΝ
http://publicspending.medialab.ntua.gr/resource/paymentAgents/997877331;Δήμος Θήρας;ΔΗΜΟΣ ΘΗΡΑΣ
http://publicspending.medialab.ntua.gr/resource/paymentAgents/997687953;Δήμος Ιάσμου;ΔΗΜΟΣ ΙΑΣΜΟΥ
http://publicspending.medialab.ntua.gr/resource/paymentAgents/997696347;Δήμος Ιεράπετρας;ΔΗΜΟΣ ΙΕΡΑΠΕΤΡΑΣ
http://publicspending.medialab.ntua.gr/resource/paymentAgents/998505846;Δήμος Ιεράς Πόλης Μεσολογγίου;ΔΗΜΟΣ ΙΕΡΑΣ ΠΟΛΗΣ ΜΕΣΟΛΟΓΓΙΟΥ
http://publicspending.medialab.ntua.gr/resource/paymentAgents/090383027;Δήμος Ιητών;ΔΗΜΟΣ ΙΗΤΩΝ
http://publicspending.medialab.ntua.gr/resource/paymentAgents/090125733;Δήμος Ιθάκης;ΔΗΜΟΣ ΙΘΑΚΗΣ
http://publicspending.medialab.ntua.gr/resource/paymentAgents/800057485;Δήμος Ικαρίας;ΔΗΜΟΣ ΙΚΑΡΙΑΣ
http://publicspending.medialab.ntua.gr/resource/paymentAgents/090076918;Δήμος Ιλίου;ΔΗΜΟΣ ΙΛΙΟΥ
http://publicspending.medialab.ntua.gr/resource/paymentAgents/800139036;Δήμος Ιστιαίας - Αιδηψού;ΔΗΜΟΣ ΙΣΤΙΑΙΑΣ ΑΙΔΗΨΟΥ
http://publicspending.medialab.ntua.gr/resource/paymentAgents/997908926;Δήμος Ιωαννιτών;ΔΗΜΟΣ ΙΩΑΝΝΙΤΩΝ
http://publicspending.medialab.ntua.gr/resource/paymentAgents/997582067;Δήμος Καβάλας;ΔΗΜΟΣ ΚΑΒΑΛΑΣ
http://publicspending.medialab.ntua.gr/resource/paymentAgents/099116022;Δήμος Καισαριανής;ΔΗΜΟΣ ΚΑΙΣΑΡΙΑΝΗΣ
http://publicspending.medialab.ntua.gr/resource/paymentAgents/800141173;Δήμος Καλαβρύτων;ΔΗΜΟΣ ΚΑΛΑΒΡΥΤΩΝ
http://publicspending.medialab.ntua.gr/resource/paymentAgents/090226243;Δήμος Καλαμαριάς;ΔΗΜΟΣ ΚΑΛΑΜΑΡΙΑΣ
http://publicspending.medialab.ntua.gr/resource/paymentAgents/997911992;Δήμος Καλαμάτας;ΔΗΜΟΣ ΚΑΛΑΜΑΤΑΣ
http://publicspending.medialab.ntua.gr/resource/paymentAgents/998753608;Δήμος Καλαμπάκας;ΔΗΜΟΣ ΚΑΛΑΜΠΑΚΑΣ
http://publicspending.medialab.ntua.gr/resource/paymentAgents/090319080;Δήμος Καλλιθέας;ΔΗΜΟΣ ΚΑΛΛΙΘΕΑΣ
http://publicspending.medialab.ntua.gr/resource/paymentAgents/090001122;Δήμος Καλυμνίων;ΔΗΜΟΣ ΚΑΛΥΜΝΟΥ
http://publicspending.medialab.ntua.gr/resource/paymentAgents/997570070;Δήμος Καντάνου - Σελίνου;ΔΗΜΟΣ ΚΑΝΤΑΝΟΥ ΣΕΛΙΝΟΥ
http://publicspending.medialab.ntua.gr/resource/paymentAgents/997648454;Δήμος Καρδίτσας;ΔΗΜΟΣ ΚΑΡΔΙΤΣΑΣ
http://publicspending.medialab.ntua.gr/resource/paymentAgents/099688245;Δήμος Καρπάθου;ΔΗΜΟΣ ΚΑΡΠΑΘΟΥ
http://publicspending.medialab.ntua.gr/resource/paymentAgents/998895715;Δήμος Καρπενησίου;ΔΗΜΟΣ ΚΑΡΠΕΝΗΣΙΟΥ
http://publicspending.medialab.ntua.gr/resource/paymentAgents/998204472;Δήμος Κασσάνδρας;ΔΗΜΟΣ ΚΑΣΣΑΝΔΡΑΣ
http://publicspending.medialab.ntua.gr/resource/paymentAgents/997840976;Δήμος Καστοριάς;ΔΗΜΟΣ ΚΑΣΤΟΡΙΑΣ
http://publicspending.medialab.ntua.gr/resource/paymentAgents/998066810;Δήμος Κατερίνης;ΔΗΜΟΣ ΚΑΤΕΡΙΝΗΣ
http://publicspending.medialab.ntua.gr/resource/paymentAgents/090116331;Δήμος Κέας;ΔΗΜΟΣ ΚΕΑΣ
http://publicspending.medialab.ntua.gr/resource/paymentAgents/997681807;Δήμος Κεντρικών Τζουμέρκων;ΔΗΜΟΣ ΚΕΝΤΡΙΚΩΝ ΤΖΟΥΜΕΡΚΩΝ
http://publicspending.medialab.ntua.gr/resource/paymentAgents/997880950;Δήμος Κερατσινίου - Δραπετσώνας;ΔΗΜΟΣ ΚΕΡΑΤΣΙΝΙΟΥ ΔΡΑΠΕΤΣΩΝΑΣ
http://publicspending.medialab.ntua.gr/resource/paymentAgents/997913727;Δήμος Κέρκυρας;ΔΗΜΟΣ ΚΕΡΚΥΡΑΣ
http://publicspending.medialab.ntua.gr/resource/paymentAgents/997627133;Δήμος Κεφαλλονιάς;ΔΗΜΟΣ ΚΕΦΑΛΛΟΝΙΑΣ
http://publicspending.medialab.ntua.gr/resource/paymentAgents/997715679;Δήμος Κηφισιάς;ΔΗΜΟΣ ΚΗΦΙΣΙΑΣ
http://publicspending.medialab.ntua.gr/resource/paymentAgents/998223751;Δήμος Κιλελέρ;ΔΗΜΟΣ ΚΙΛΕΛΕΡ
http://publicspending.medialab.ntua.gr/resource/paymentAgents/997961749;Δήμος Κιλκίς;ΔΗΜΟΣ ΚΙΛΚΙΣ
http://publicspending.medialab.ntua.gr/resource/paymentAgents/997738238;Δήμος Κισσάμου;ΔΗΜΟΣ ΚΙΣΣΑΜΟΥ
http://publicspending.medialab.ntua.gr/resource/paymentAgents/997769577;Δήμος Κοζάνης;ΔΗΜΟΣ ΚΟΖΑΝΗΣ
http://publicspending.medialab.ntua.gr/resource/paymentAgents/997687930;Δήμος Κομοτηνής;ΔΗΜΟΣ ΚΟΜΟΤΗΝΗΣ
http://publicspending.medialab.ntua.gr/resource/paymentAgents/800161749;Δήμος Κόνιτσας;ΔΗΜΟΣ ΚΟΝΙΤΣΑΣ
http://publicspending.medialab.ntua.gr/resource/paymentAgents/997742450;Δήμος Κορδελιού -Ευόσμου;ΔΗΜΟΣ ΚΟΡΔΕΛΙΟΥ ΕΥΟΣΜΟΥ
http://publicspending.medialab.ntua.gr/resource/paymentAgents/090125604;Δήμος Κρωπίας;ΔΗΜΟΣ ΚΡΩΠΙΑΣ
http://publicspending.medialab.ntua.gr/resource/paymentAgents/099723332;Δήμος Κυθήρων;ΔΗΜΟΣ ΚΥΘΗΡΩΝ
http://publicspending.medialab.ntua.gr/resource/paymentAgents/090410925;Δήμος Κύθνου;ΔΗΜΟΣ ΚΥΘΝΟΥ
http://publicspending.medialab.ntua.gr/resource/paymentAgents/997723692;Δήμος Κύμης - Αλιβερίου;ΔΗΜΟΣ ΚΥΜΗΣ ΑΛΙΒΕΡΙΟΥ
http://publicspending.medialab.ntua.gr/resource/paymentAgents/997918919;Δήμος Κω;ΔΗΜΟΣ ΚΩ
http://publicspending.medialab.ntua.gr/resource/paymentAgents/998246659;Δήμος Λαγκαδά;ΔΗΜΟΣ ΛΑΓΚΑΔΑ
http://publicspending.medialab.ntua.gr/resource/paymentAgents/997947640;Δήμος Λαμιέων;ΔΗΜΟΣ ΛΑΜΙΕΩΝ
http://publicspending.medialab.ntua.gr/resource/paymentAgents/997844860;Δήμος Λαρισαίων;ΔΗΜΟΣ ΛΑΡΙΣΑΙΩΝ
http://publicspending.medialab.ntua.gr/resource/paymentAgents/998292246;Δήμος Λαυρεωτικής;ΔΗΜΟΣ ΛΑΥΡΕΩΤΙΚΗΣ
http://publicspending.medialab.ntua.gr/resource/paymentAgents/998016227;Δήμος Λεβαδέων;ΔΗΜΟΣ ΛΕΒΑΔΕΩΝ
http://publicspending.medialab.ntua.gr/resource/paymentAgents/090025549;Δήμος Λειψών;ΔΗΜΟΣ ΛΕΙΨΩΝ
http://publicspending.medialab.ntua.gr/resource/paymentAgents/090001134;Δήμος Λέρου;ΔΗΜΟΣ ΛΕΡΟΥ
http://publicspending.medialab.ntua.gr/resource/paymentAgents/997817113;Δήμος Λέσβου;ΔΗΜΟΣ ΛΕΣΒΟΥ
http://publicspending.medialab.ntua.gr/resource/paymentAgents/997916281;Δήμος Λευκάδας;ΔΗΜΟΣ ΛΕΥΚΑΔΑΣ
http://publicspending.medialab.ntua.gr/resource/paymentAgents/800189144;Δήμος Λήμνου;ΔΗΜΟΣ ΛΗΜΝΟΥ
http://publicspending.medialab.ntua.gr/resource/paymentAgents/997648480;Δήμος Λίμνης Πλαστήρα;ΔΗΜΟΣ ΛΙΜΝΗΣ ΠΛΑΣΤΗΡΑ
http://publicspending.medialab.ntua.gr/resource/paymentAgents/998441139;Δήμος Λοκρών;ΔΗΜΟΣ ΛΟΚΡΩΝ
http://publicspending.medialab.ntua.gr/resource/paymentAgents/997860940;Δήμος Λουτρακίου - Αγίων Θεοδώρων;ΔΗΜΟΣ ΛΟΥΤΡΑΚΙΟΥ ΑΓΙΩΝ ΘΕΟΔΩΡΩΝ
http://publicspending.medialab.ntua.gr/resource/paymentAgents/997625190;Δήμος Λυκόβρυσης - Πεύκης;ΔΗΜΟΣ ΛΥΚΟΒΡΥΣΗΣ ΠΕΥΚΗΣ
http://publicspending.medialab.ntua.gr/resource/paymentAgents/800206956;Δήμος Μακρακώμης;ΔΗΜΟΣ ΜΑΚΡΑΚΩΜΗΣ
http://publicspending.medialab.ntua.gr/resource/paymentAgents/997791639;Δήμος Μαλεβιζίου;ΔΗΜΟΣ  ΜΑΛΕΒΙΖΙΟΥ
http://publicspending.medialab.ntua.gr/resource/paymentAgents/997606752;Δήμος Μαραθώνος;ΔΗΜΟΣ ΜΑΡΑΘΩΝΟΣ
http://publicspending.medialab.ntua.gr/resource/paymentAgents/090125500;Δήμος Μαρκόπουλου Μεσογαίας;ΔΗΜΟΣ ΜΑΡΚΟΠΟΥΛΟΥ ΜΕΣΟΓΑΙΑΣ
http://publicspending.medialab.ntua.gr/resource/paymentAgents/800281907;Δήμος Μαρώνειας - Σαπών;ΔΗΜΟΣ ΜΑΡΩΝΕΙΑΣ ΣΑΠΩΝ
http://publicspending.medialab.ntua.gr/resource/paymentAgents/998260826;Δήμος Μεγαλόπολης;ΔΗΜΟΣ ΜΕΓΑΛΟΠΟΛΗΣ
http://publicspending.medialab.ntua.gr/resource/paymentAgents/090134594;Δήμος Μεγανησίου;ΔΗΜΟΣ ΜΕΓΑΝΗΣΙΟΥ
http://publicspending.medialab.ntua.gr/resource/paymentAgents/997693310;Δήμος Μεγάρεων;ΔΗΜΟΣ ΜΕΓΑΡΕΩΝ
http://publicspending.medialab.ntua.gr/resource/paymentAgents/090319214;Δήμος Μεγίστης;ΔΗΜΟΣ ΜΕΓΙΣΤΗΣ
http://publicspending.medialab.ntua.gr/resource/paymentAgents/998762513;Δήμος Μεσσήνης;ΔΗΜΟΣ ΜΕΣΣΗΝΗΣ
http://publicspending.medialab.ntua.gr/resource/paymentAgents/090107358;Δήμος Μεταμορφώσεως;ΔΗΜΟΣ ΜΕΤΑΜΟΡΦΩΣΕΩΣ
http://publicspending.medialab.ntua.gr/resource/paymentAgents/800220963;Δήμος Μετσόβου;ΔΗΜΟΣ ΜΕΤΣΟΒΟΥ
http://publicspending.medialab.ntua.gr/resource/paymentAgents/090281858;Δήμος Μήλου;ΔΗΜΟΣ ΜΗΛΟΥ
http://publicspending.medialab.ntua.gr/resource/paymentAgents/099285315;Δήμος Μινώα Πεδιάδας;ΔΗΜΟΣ ΜΙΝΩΑ ΠΕΔΙΑΔΑΣ
http://publicspending.medialab.ntua.gr/resource/paymentAgents/998717658;Δήμος Μονεμβασιάς;ΔΗΜΟΣ ΜΟΝΕΜΒΑΣΙΑΣ
http://publicspending.medialab.ntua.gr/resource/paymentAgents/997564129;Δήμος Μοσχάτου - Ταύρου;ΔΗΜΟΣ ΜΟΣΧΑΤΟΥ ΤΑΥΡΟΥ
http://publicspending.medialab.ntua.gr/resource/paymentAgents/800231941;Δήμος Μουζακίου;ΔΗΜΟΣ ΜΟΥΖΑΚΙΟΥ
http://publicspending.medialab.ntua.gr/resource/paymentAgents/997615160;Δήμος Μύκης;ΔΗΜΟΣ ΜΥΚΗΣ
http://publicspending.medialab.ntua.gr/resource/paymentAgents/090235079;Δήμος Μυκόνου;ΔΗΜΟΣ ΜΥΚΟΝΙΩΝ
http://publicspending.medialab.ntua.gr/resource/paymentAgents/997820850;Δήμος Μυλοποτάμου;ΔΗΜΟΣ ΜΥΛΟΠΟΤΑΜΟΥ
http://publicspending.medialab.ntua.gr/resource/paymentAgents/997947687;Δήμος Μώλου - Αγίου Κωνσταντίνου;ΔΗΜΟΣ ΜΩΛΟΥ ΑΓΙΟΥ ΚΩΝΣΤΑΝΤΙΝΟΥ
http://publicspending.medialab.ntua.gr/resource/paymentAgents/997558031;Δήμος Νάξου & Μικρών Κυκλάδων;ΔΗΜΟΣ ΝΑΞΟΥ ΚΑΙ ΜΙΚΡΩΝ ΚΥΚΛΑΔΩΝ
http://publicspending.medialab.ntua.gr/resource/paymentAgents/998841450;Δήμος Νάουσας;ΔΗΜΟΣ ΝΑΟΥΣΑΣ
http://publicspending.medialab.ntua.gr/resource/paymentAgents/998517151;Δήμος Ναυπακτίας;ΔΗΜΟΣ ΝΑΥΠΑΚΤΙΑΣ
http://publicspending.medialab.ntua.gr/resource/paymentAgents/998142361;Δήμος Ναυπλιέων;ΔΗΜΟΣ ΝΑΥΠΛΙΕΩΝ
http://publicspending.medialab.ntua.gr/resource/paymentAgents/998502113;Δήμος Νεάπολης - Συκεών;ΔΗΜΟΣ ΝΕΑΠΟΛΗΣ ΣΥΚΕΩΝ
http://publicspending.medialab.ntua.gr/resource/paymentAgents/800246886;Δήμος Νέας Ζίχνης;ΔΗΜΟΣ ΝΕΑΣ ΖΙΧΝΗΣ
http://publicspending.medialab.ntua.gr/resource/paymentAgents/090127044;Δήμος Νέας Ιωνίας Αττικής;ΔΗΜΟΣ Ν ΙΩΝΙΑΣ ΑΤΤΙΚΗΣ
http://publicspending.medialab.ntua.gr/resource/paymentAgents/998529948;Δήμος Νέας Προποντίδας;ΔΗΜΟΣ ΝΕΑΣ ΠΡΟΠΟΝΤΙΔΑΣ
http://publicspending.medialab.ntua.gr/resource/paymentAgents/099041081;Δήμος Νέας Σμύρνης;ΔΗΜΟΣ ΝΕΑΣ ΣΜΥΡΝΗΣ
http://publicspending.medialab.ntua.gr/resource/paymentAgents/090398932;Δήμος Νεμέας;ΔΗΜΟΣ ΝΕΜΕΑΣ
http://publicspending.medialab.ntua.gr/resource/paymentAgents/800255883;Δήμος Νεστορίου;ΔΗΜΟΣ ΝΕΣΤΟΡΙΟΥ
http://publicspending.medialab.ntua.gr/resource/paymentAgents/999198944;Δήμος Νέστου;ΔΗΜΟΣ ΝΕΣΤΟΥ
http://publicspending.medialab.ntua.gr/resource/paymentAgents/997642253;Δήμος Νίκαιας Αγίου Ιωάννη Ρέντη;ΔΗΜΟΣ ΝΙΚΑΙΑΣ ΑΓΙΟΥ ΙΩΑΝΝΗ ΡΕΝΤΗ
http://publicspending.medialab.ntua.gr/resource/paymentAgents/997681819;Δήμος Νικολάου Σκουφά;ΔΗΜΟΣ ΝΙΚΟΛΑΟΥ ΣΚΟΥΦΑ
http://publicspending.medialab.ntua.gr/resource/paymentAgents/099269211;Δήμος Νισύρου;ΔΗΜΟΣ ΝΙΣΥΡΟΥ
http://publicspending.medialab.ntua.gr/resource/paymentAgents/099165551;Δήμος Νότιας Κυνουρίας;ΔΗΜΟΣ ΝΟΤΙΑΣ ΚΥΝΟΥΡΙΑΣ
http://publicspending.medialab.ntua.gr/resource/paymentAgents/997898770;Δήμος Νοτίου Πηλίου;ΔΗΜΟΣ ΝΟΤΙΟΥ ΠΗΛΙΟΥ
http://publicspending.medialab.ntua.gr/resource/paymentAgents/997654473;Δήμος Ξάνθης;ΔΗΜΟΣ ΞΑΝΘΗΣ
http://publicspending.medialab.ntua.gr/resource/paymentAgents/800076242;Δήμος Ξηρομέρου;ΔΗΜΟΣ ΞΗΡΟΜΕΡΟΥ
http://publicspending.medialab.ntua.gr/resource/paymentAgents/800262468;Δήμος Ξυλοκάστρου - Ευρωστίνης;ΔΗΜΟΣ ΞΥΛΟΚΑΣΤΡΟΥ ΕΥΡΩΣΤΙΝΗΣ
http://publicspending.medialab.ntua.gr/resource/paymentAgents/099184497;Δήμος Οιχαλίας;ΔΗΜΟΣ ΟΙΧΑΛΙΑΣ
http://publicspending.medialab.ntua.gr/resource/paymentAgents/998583210;Δήμος Ορεστιάδας;ΔΗΜΟΣ ΟΡΕΣΤΙΑΔΑΣ
http://publicspending.medialab.ntua.gr/resource/paymentAgents/099295879;Δήμος Ορέστιδος;ΔΗΜΟΣ ΟΡΕΣΤΙΔΟΣ
http://publicspending.medialab.ntua.gr/resource/paymentAgents/090360500;Δήμος Οροπεδίου Λασιθίου;ΔΗΜΟΣ ΟΡΟΠΕΔΙΟΥ ΛΑΣΙΘΙΟΥ
http://publicspending.medialab.ntua.gr/resource/paymentAgents/998016240;Δήμος Ορχομενού;ΔΗΜΟΣ ΟΡΧΟΜΕΝΟΥ
http://publicspending.medialab.ntua.gr/resource/paymentAgents/997732707;Δήμος Παγγαίου;ΔΗΜΟΣ ΠΑΓΓΑΙΟΥ
http://publicspending.medialab.ntua.gr/resource/paymentAgents/997961713;Δήμος Παιονίας;ΔΗΜΟΣ ΠΑΙΟΝΙΑΣ
http://publicspending.medialab.ntua.gr/resource/paymentAgents/090261509;Δήμος Παλαιού Φαλήρου;ΔΗΜΟΣ Π ΦΑΛΗΡΟΥ
http://publicspending.medialab.ntua.gr/resource/paymentAgents/998608743;Δήμος Παλαμά;ΔΗΜΟΣ ΠΑΛΑΜΑ
http://publicspending.medialab.ntua.gr/resource/paymentAgents/997606696;Δήμος Παλλήνης;ΔΗΜΟΣ ΠΑΛΛΗΝΗΣ
http://publicspending.medialab.ntua.gr/resource/paymentAgents/090114939;Δήμος Παξών;ΔΗΜΟΣ ΠΑΞΩΝ
http://publicspending.medialab.ntua.gr/resource/paymentAgents/998154279;Δήμος Παπάγου - Χολαργού;ΔΗΜΟΣ ΠΑΠΑΓΟΥ ΧΟΛΑΡΓΟΥ
http://publicspending.medialab.ntua.gr/resource/paymentAgents/997784901;Δήμος Παρανεστίου;ΔΗΜΟΣ ΠΑΡΑΝΕΣΤΙΟΥ
http://publicspending.medialab.ntua.gr/resource/paymentAgents/997963210;Δήμος Πάργας;ΔΗΜΟΣ ΠΑΡΓΑΣ
http://publicspending.medialab.ntua.gr/resource/paymentAgents/097664995;Δήμος Πάρου;ΔΗΜΟΣ ΠΑΡΟΥ
http://publicspending.medialab.ntua.gr/resource/paymentAgents/090001110;Δήμος Πάτμου;ΔΗΜΟΣ ΠΑΤΜΟΥ
http://publicspending.medialab.ntua.gr/resource/paymentAgents/997992450;Δήμος Πατρέων;ΔΗΜΟΣ ΠΑΤΡΕΩΝ
http://publicspending.medialab.ntua.gr/resource/paymentAgents/997989617;Δήμος Παύλου Μελά;ΔΗΜΟΣ ΠΑΥΛΟΥ ΜΕΛΑ
http://publicspending.medialab.ntua.gr/resource/paymentAgents/090001263;Δήμος Πειραιώς;ΔΗΜΟΣ ΠΕΙΡΑΙΑ
http://publicspending.medialab.ntua.gr/resource/paymentAgents/998010099;Δήμος Πέλλας;ΔΗΜΟΣ ΠΕΛΛΑΣ
http://publicspending.medialab.ntua.gr/resource/paymentAgents/997625176;Δήμος Πεντέλης;ΔΗΜΟΣ ΠΕΝΤΕΛΗΣ
http://publicspending.medialab.ntua.gr/resource/paymentAgents/099077446;Δήμος Περάματος;ΔΗΜΟΣ ΠΕΡΑΜΑΤΟΣ
http://publicspending.medialab.ntua.gr/resource/paymentAgents/090094082;Δήμος Περιστερίου;ΔΗΜΟΣ ΠΕΡΙΣΤΕΡΙΟΥ
http://publicspending.medialab.ntua.gr/resource/paymentAgents/090137535;Δήμος Πετρουπόλεως;ΔΗΜΟΣ ΠΕΤΡΟΥΠΟΛΗΣ
http://publicspending.medialab.ntua.gr/resource/paymentAgents/099663921;Δήμος Πηνειού;ΔΗΜΟΣ ΠΗΝΕΙΟΥ
http://publicspending.medialab.ntua.gr/resource/paymentAgents/997570112;Δήμος Πλατανιά;ΔΗΜΟΣ ΠΛΑΤΑΝΙΑ
http://publicspending.medialab.ntua.gr/resource/paymentAgents/998493345;Δήμος Πολυγύρου;ΔΗΜΟΣ ΠΟΛΥΓΥΡΟΥ
http://publicspending.medialab.ntua.gr/resource/paymentAgents/090120842;Δήμος Πόρου;ΔΗΜΟΣ ΠΟΡΟΥ ΤΡΟΙΖΗΝΙΑΣ
http://publicspending.medialab.ntua.gr/resource/paymentAgents/997861879;Δήμος Πρέβεζας;ΔΗΜΟΣ ΠΡΕΒΕΖΑΣ
http://publicspending.medialab.ntua.gr/resource/paymentAgents/998565714;Δήμος Πρεσπών;ΔΗΜΟΣ ΠΡΕΣΠΩΝ
http://publicspending.medialab.ntua.gr/resource/paymentAgents/997784882;Δήμος Προσοτσάνης;ΔΗΜΟΣ ΠΡΟΣΟΤΣΑΝΗΣ
http://publicspending.medialab.ntua.gr/resource/paymentAgents/099607100;Δήμος Πύδνας - Κολινδρού;ΔΗΜΟΣ ΠΥΔΝΑΣ ΚΟΛΙΝΔΡΟΥ
http://publicspending.medialab.ntua.gr/resource/paymentAgents/997612469;Δήμος Πυλαίας - Χορτιάτη;ΔΗΜΟΣ ΠΥΛΑΙΑΣ ΧΟΡΤΙΑΤΗ
http://publicspending.medialab.ntua.gr/resource/paymentAgents/998284560;Δήμος Πύλης;ΔΗΜΟΣ ΠΥΛΗΣ
http://publicspending.medialab.ntua.gr/resource/paymentAgents/099685753;Δήμος Πύλου - Νέστορος;ΔΗΜΟΣ ΠΥΛΟΥ ΝΕΣΤΟΡΟΣ
http://publicspending.medialab.ntua.gr/resource/paymentAgents/997851040;Δήμος Πύργου;ΔΗΜΟΣ ΠΥΡΓΟΥ
http://publicspending.medialab.ntua.gr/resource/paymentAgents/997854458;Δήμος Πωγωνίου;ΔΗΜΟΣ ΠΩΓΩΝΙΟΥ
http://publicspending.medialab.ntua.gr/resource/paymentAgents/997606703;Δήμος Ραφήνας - Πικερμίου;ΔΗΜΟΣ ΡΑΦΗΝΑΣ ΠΙΚΕΡΜΙΟΥ
http://publicspending.medialab.ntua.gr/resource/paymentAgents/997820861;Δήμος Ρεθύμνου;ΔΗΜΟΣ ΡΕΘΥΜΝΗΣ
http://publicspending.medialab.ntua.gr/resource/paymentAgents/997708302;Δήμος Ρήγα Φεραίου;ΔΗΜΟΣ ΡΗΓΑ ΦΕΡΑΙΟΥ
http://publicspending.medialab.ntua.gr/resource/paymentAgents/997561152;Δήμος Ρόδου;ΔΗΜΟΣ ΡΟΔΟΥ
http://publicspending.medialab.ntua.gr/resource/paymentAgents/998378908;Δήμος Σαλαμίνας;ΔΗΜΟΣ ΣΑΛΑΜΙΝΑΣ
http://publicspending.medialab.ntua.gr/resource/paymentAgents/090072723;Δήμος Σαμοθράκης;ΔΗΜΟΣ ΣΑΜΟΘΡΑΚΗΣ
http://publicspending.medialab.ntua.gr/resource/paymentAgents/997966689;Δήμος Σάμου;ΔΗΜΟΣ ΣΑΜΟΥ
http://publicspending.medialab.ntua.gr/resource/paymentAgents/997727408;Δήμος Σαρωνικού;ΔΗΜΟΣ ΣΑΡΩΝΙΚΟΥ
http://publicspending.medialab.ntua.gr/resource/paymentAgents/099580746;Δήμος Σερβίων - Βελβεντού;ΔΗΜΟΣ ΣΕΡΒΙΩΝ ΒΕΛΒΕΝΤΟΥ
http://publicspending.medialab.ntua.gr/resource/paymentAgents/090281914;Δήμος Σερίφου;ΔΗΜΟΣ ΣΕΡΙΦΟΥ
http://publicspending.medialab.ntua.gr/resource/paymentAgents/997657764;Δήμος Σερρών;ΔΗΜΟΣ ΣΕΡΡΩΝ
http://publicspending.medialab.ntua.gr/resource/paymentAgents/998792831;Δήμος Σητείας;ΔΗΜΟΣ ΣΗΤΕΙΑΣ
http://publicspending.medialab.ntua.gr/resource/paymentAgents/998493357;Δήμος Σιθωνίας;ΔΗΜΟΣ ΣΙΘΩΝΙΑΣ
http://publicspending.medialab.ntua.gr/resource/paymentAgents/099638358;Δήμος Σικίνου;ΔΗΜΟΣ ΣΙΚΙΝΟΥ
http://publicspending.medialab.ntua.gr/resource/paymentAgents/997636180;Δήμος Σικυωνίων;ΔΗΜΟΣ ΣΙΚΥΩΝΙΩΝ
http://publicspending.medialab.ntua.gr/resource/paymentAgents/999420013;Δήμος Σιντικής;ΔΗΜΟΣ ΣΙΝΤΙΚΗΣ
http://publicspending.medialab.ntua.gr/resource/paymentAgents/090354671;Δήμος Σίφνου;ΔΗΜΟΣ ΣΙΦΝΟΥ
http://publicspending.medialab.ntua.gr/resource/paymentAgents/090122675;Δήμος Σκιάθου;ΔΗΜΟΣ ΣΚΙΑΘΟΥ
http://publicspending.medialab.ntua.gr/resource/paymentAgents/998525359;Δήμος Σκύδρας;ΔΗΜΟΣ ΣΚΥΔΡΑΣ
http://publicspending.medialab.ntua.gr/resource/paymentAgents/090183484;Δήμος Σκύρου;ΔΗΜΟΣ ΣΚΥΡΟΥ
http://publicspending.medialab.ntua.gr/resource/paymentAgents/099631382;Δήμος Σουλίου;ΔΗΜΟΣ ΣΟΥΛΙΟΥ
http://publicspending.medialab.ntua.gr/resource/paymentAgents/800287309;Δήμος Σουφλίου;ΔΗΜΟΣ ΣΟΥΦΛΙΟΥ
http://publicspending.medialab.ntua.gr/resource/paymentAgents/099217841;Δήμος Σοφάδων;ΔΗΜΟΣ ΣΟΦΑΔΩΝ
http://publicspending.medialab.ntua.gr/resource/paymentAgents/997892229;Δήμος Σπάρτης;ΔΗΜΟΣ ΣΠΑΡΤΗΣ
http://publicspending.medialab.ntua.gr/resource/paymentAgents/997606740;Δήμος Σπάτων - Αρτέμιδος;ΔΗΜΟΣ ΣΠΑΤΩΝ ΑΡΤΕΜΙΔΟΣ
http://publicspending.medialab.ntua.gr/resource/paymentAgents/090099540;Δήμος Σπετσών;ΔΗΜΟΣ ΣΠΕΤΣΩΝ
http://publicspending.medialab.ntua.gr/resource/paymentAgents/800297211;Δήμος Στυλίδας;ΔΗΜΟΣ ΣΤΥΛΙΔΑΣ
http://publicspending.medialab.ntua.gr/resource/paymentAgents/090001183;Δήμος Σύμης;ΔΗΜΟΣ ΣΥΜΗΣ
http://publicspending.medialab.ntua.gr/resource/paymentAgents/998225756;Δήμος Σύρου - Ερμούπολης;ΔΗΜΟΣ ΣΥΡΟΥ ΕΡΜΟΥΠΟΛΗΣ
http://publicspending.medialab.ntua.gr/resource/paymentAgents/090326727;Δήμος Σφακίων;ΔΗΜΟΣ ΣΦΑΚΙΩΝ
http://publicspending.medialab.ntua.gr/resource/paymentAgents/997597228;Δήμος Τανάγρας;ΔΗΜΟΣ ΤΑΝΑΓΡΑΣ
http://publicspending.medialab.ntua.gr/resource/paymentAgents/998019463;Δήμος Τεμπών;ΔΗΜΟΣ ΤΕΜΠΩΝ
http://publicspending.medialab.ntua.gr/resource/paymentAgents/090220343;Δήμος Τήλου;ΔΗΜΟΣ ΤΗΛΟΥ
http://publicspending.medialab.ntua.gr/resource/paymentAgents/800302968;Δήμος Τήνου;ΔΗΜΟΣ ΤΗΝΟΥ
http://publicspending.medialab.ntua.gr/resource/paymentAgents/090379296;Δήμος Τοπείρου;ΔΗΜΟΣ ΤΟΠΕΙΡΟΥ
http://publicspending.medialab.ntua.gr/resource/paymentAgents/997830264;Δήμος Τρικκαίων;ΔΗΜΟΣ ΤΡΙΚΚΑΙΩΝ
http://publicspending.medialab.ntua.gr/resource/paymentAgents/998037407;Δήμος Τρίπολης;ΔΗΜΟΣ ΤΡΙΠΟΛΗΣ
http://publicspending.medialab.ntua.gr/resource/paymentAgents/800173110;Δήμος Τριφυλίας;ΔΗΜΟΣ ΤΡΙΦΥΛΙΑΣ
http://publicspending.medialab.ntua.gr/resource/paymentAgents/998257963;Δήμος Τροιζηνίας;ΔΗΜΟΣ ΤΡΟΙΖΗΝΙΑΣ
http://publicspending.medialab.ntua.gr/resource/paymentAgents/998576300;Δήμος Τυρνάβου;ΔΗΜΟΣ ΤΥΡΝΑΒΟΥ
http://publicspending.medialab.ntua.gr/resource/paymentAgents/090120750;Δήμος Ύδρας;ΔΗΜΟΣ ΥΔΡΑΣ
http://publicspending.medialab.ntua.gr/resource/paymentAgents/999174227;Δήμος Φαιστού;ΔΗΜΟΣ ΦΑΙΣΤΟΥ
http://publicspending.medialab.ntua.gr/resource/paymentAgents/998698756;Δήμος Φαρκαδόνας;ΔΗΜΟΣ ΦΑΡΚΑΔΟΝΑΣ
http://publicspending.medialab.ntua.gr/resource/paymentAgents/998416991;Δήμος Φαρσάλων;ΔΗΜΟΣ ΦΑΡΣΑΛΩΝ
http://publicspending.medialab.ntua.gr/resource/paymentAgents/997588219;Δήμος Φιλαδέλφειας - Χαλκηδόνος;ΔΗΜΟΣ ΦΙΛΑΔΕΛΦΕΙΑΣ ΧΑΛΚΗΔΟΝΟΣ
http://publicspending.medialab.ntua.gr/resource/paymentAgents/099628168;Δήμος Φιλιατών;ΔΗΜΟΣ ΦΙΛΙΑΤΩΝ
http://publicspending.medialab.ntua.gr/resource/paymentAgents/997953565;Δήμος Φιλοθέης - Ψυχικού;ΔΗΜΟΣ ΦΙΛΟΘΕΗΣ ΨΥΧΙΚΟΥ
http://publicspending.medialab.ntua.gr/resource/paymentAgents/998565702;Δήμος Φλώρινας;ΔΗΜΟΣ ΦΛΩΡΙΝΑΣ
http://publicspending.medialab.ntua.gr/resource/paymentAgents/090382971;Δήμος Φολεγάνδρου;ΔΗΜΟΣ ΦΟΛΕΓΑΝΔΡΟΥ
http://publicspending.medialab.ntua.gr/resource/paymentAgents/090393125;Δήμος Φούρνων Κορσεών;ΔΗΜΟΣ ΦΟΥΡΝΩΝ
http://publicspending.medialab.ntua.gr/resource/paymentAgents/997675481;Δήμος Φυλής;ΔΗΜΟΣ ΦΥΛΗΣ
http://publicspending.medialab.ntua.gr/resource/paymentAgents/090206914;Δήμος Χαϊδαρίου;ΔΗΜΟΣ ΧΑΙΔΑΡΙΟΥ
http://publicspending.medialab.ntua.gr/resource/paymentAgents/090191830;Δήμος Χαλανδρίου;ΔΗΜΟΣ ΧΑΛΑΝΔΡΙΟΥ
http://publicspending.medialab.ntua.gr/resource/paymentAgents/997630623;Δήμος Χαλκηδόνος;ΔΗΜΟΣ ΧΑΛΚΗΔΟΝΟΣ
http://publicspending.medialab.ntua.gr/resource/paymentAgents/099470059;Δήμος Χάλκης;ΔΗΜΟΣ ΧΑΛΚΗΣ
http://publicspending.medialab.ntua.gr/resource/paymentAgents/997591353;Δήμος Χαλκιδέων;ΔΗΜΟΣ ΧΑΛΚΙΔΕΩΝ
http://publicspending.medialab.ntua.gr/resource/paymentAgents/997678759;Δήμος Χανίων;ΔΗΜΟΣ ΧΑΝΙΩΝ
http://publicspending.medialab.ntua.gr/resource/paymentAgents/997579272;Δήμος Χερσονήσου;ΔΗΜΟΣ ΧΕΡΣΟΝΗΣΟΥ
http://publicspending.medialab.ntua.gr/resource/paymentAgents/997895268;Δήμος Χίου;ΔΗΜΟΣ ΧΙΟΥ
http://publicspending.medialab.ntua.gr/resource/paymentAgents/090406463;Δήμος Ψαρών;ΔΗΜΟΣ ΨΑΡΩΝ
http://publicspending.medialab.ntua.gr/resource/paymentAgents/997652001;Δήμος Ωραιοκάστρου;ΔΗΜΟΣ ΩΡΑΙΟΚΑΣΤΡΟΥ
http://publicspending.medialab.ntua.gr/resource/paymentAgents/997690908;Δήμος Ωρωπού;ΔΗΜΟΣ ΩΡΩΠΟΥ
