"http://publicspending.medialab.ntua.gr/resource/paymentAgents/997615158","http://www.w3.org/2002/07/owl#sameAs","http://el.dbpedia.org/resource/Δήμος_Αβδήρων"
"http://publicspending.medialab.ntua.gr/resource/paymentAgents/090098820","http://www.w3.org/2002/07/owl#sameAs","http://el.dbpedia.org/resource/Δήμος_Αγαθονησίου"
"http://publicspending.medialab.ntua.gr/resource/paymentAgents/099711740","http://www.w3.org/2002/07/owl#sameAs","http://el.dbpedia.org/resource/Δήμος_Αγιάς"
"http://publicspending.medialab.ntua.gr/resource/paymentAgents/090338714","http://www.w3.org/2002/07/owl#sameAs","http://el.dbpedia.org/resource/Δήμος_Αγίας_Βαρβάρας"
"http://publicspending.medialab.ntua.gr/resource/paymentAgents/090085626","http://www.w3.org/2002/07/owl#sameAs","http://el.dbpedia.org/resource/Αγία_Παρασκευή_Αττικής"
"http://publicspending.medialab.ntua.gr/resource/paymentAgents/997820848","http://www.w3.org/2002/07/owl#sameAs","http://el.dbpedia.org/resource/Δήμος_Αγίου_Βασιλείου"
"http://publicspending.medialab.ntua.gr/resource/paymentAgents/090317374","http://www.w3.org/2002/07/owl#sameAs","http://el.dbpedia.org/resource/Άγιος_Δημήτριος"
"http://publicspending.medialab.ntua.gr/resource/paymentAgents/090390252","http://www.w3.org/2002/07/owl#sameAs","http://el.dbpedia.org/resource/Δήμος_Αγίου_Ευστρατίου"
"http://publicspending.medialab.ntua.gr/resource/paymentAgents/090093325","http://www.w3.org/2002/07/owl#sameAs","http://el.dbpedia.org/resource/Δήμος_Αγίου_Νικολάου"
"http://publicspending.medialab.ntua.gr/resource/paymentAgents/998396742","http://www.w3.org/2002/07/owl#sameAs","http://el.dbpedia.org/resource/Δήμος_Αγίων_Αναργύρων-Καματερού"
"http://publicspending.medialab.ntua.gr/resource/paymentAgents/090046940","http://www.w3.org/2002/07/owl#sameAs","http://el.dbpedia.org/resource/Δήμος_Αγκιστρίου"
"http://publicspending.medialab.ntua.gr/resource/paymentAgents/997699780","http://www.w3.org/2002/07/owl#sameAs","http://el.dbpedia.org/resource/Δήμος_Αγρινίου"
"http://publicspending.medialab.ntua.gr/resource/paymentAgents/090025537","http://www.w3.org/2002/07/owl#sameAs","http://el.dbpedia.org/resource/Δήμος_Αθηναίων"
"http://publicspending.medialab.ntua.gr/resource/paymentAgents/090197140","http://www.w3.org/2002/07/owl#sameAs","http://el.dbpedia.org/resource/Αιγάλεω"
"http://publicspending.medialab.ntua.gr/resource/paymentAgents/997934121","http://www.w3.org/2002/07/owl#sameAs","http://el.dbpedia.org/resource/Δήμος_Αιγιαλείας"
"http://publicspending.medialab.ntua.gr/resource/paymentAgents/090046938","http://www.w3.org/2002/07/owl#sameAs","http://el.dbpedia.org/resource/Δήμος_Αίγινας"
"http://publicspending.medialab.ntua.gr/resource/paymentAgents/099202692","http://www.w3.org/2002/07/owl#sameAs","http://el.dbpedia.org/resource/Δήμος_Ακτίου_-_Βόνιτσας"
"http://publicspending.medialab.ntua.gr/resource/paymentAgents/997813777","http://www.w3.org/2002/07/owl#sameAs","http://el.dbpedia.org/resource/Δήμος_Αλεξάνδρειας"
"http://publicspending.medialab.ntua.gr/resource/paymentAgents/997712303","http://www.w3.org/2002/07/owl#sameAs","http://el.dbpedia.org/resource/Δήμος_Αλεξανδρούπολης"
"http://publicspending.medialab.ntua.gr/resource/paymentAgents/998016252","http://www.w3.org/2002/07/owl#sameAs","http://el.dbpedia.org/resource/Δήμος_Αλιάρτου"
"http://publicspending.medialab.ntua.gr/resource/paymentAgents/090261546","http://www.w3.org/2002/07/owl#sameAs","http://el.dbpedia.org/resource/Δήμος_Αλίμου"
"http://publicspending.medialab.ntua.gr/resource/paymentAgents/998230533","http://www.w3.org/2002/07/owl#sameAs","http://el.dbpedia.org/resource/Δήμος_Αλμυρού"
"http://publicspending.medialab.ntua.gr/resource/paymentAgents/997600077","http://www.w3.org/2002/07/owl#sameAs","http://el.dbpedia.org/resource/Δήμος_Αλμωπίας"
"http://publicspending.medialab.ntua.gr/resource/paymentAgents/090101041","http://www.w3.org/2002/07/owl#sameAs","http://el.dbpedia.org/resource/Δήμος_Αλοννήσου"
"http://publicspending.medialab.ntua.gr/resource/paymentAgents/997820873","http://www.w3.org/2002/07/owl#sameAs","http://el.dbpedia.org/resource/Δήμος_Αμαρίου"
"http://publicspending.medialab.ntua.gr/resource/paymentAgents/090312495","http://www.w3.org/2002/07/owl#sameAs","http://el.dbpedia.org/resource/Μαρούσι"
"http://publicspending.medialab.ntua.gr/resource/paymentAgents/090256954","http://www.w3.org/2002/07/owl#sameAs","http://el.dbpedia.org/resource/Δήμος_Αμοργού"
"http://publicspending.medialab.ntua.gr/resource/paymentAgents/997742400","http://www.w3.org/2002/07/owl#sameAs","http://el.dbpedia.org/resource/Δήμος_Αμπελοκήπων_-_Μενεμένης"
"http://publicspending.medialab.ntua.gr/resource/paymentAgents/999108285","http://www.w3.org/2002/07/owl#sameAs","http://el.dbpedia.org/resource/Δήμος_Αμυνταίου"
"http://publicspending.medialab.ntua.gr/resource/paymentAgents/800067050","http://www.w3.org/2002/07/owl#sameAs","http://el.dbpedia.org/resource/Δήμος_Αμφίκλειας_-_Ελάτειας"
"http://publicspending.medialab.ntua.gr/resource/paymentAgents/998786086","http://www.w3.org/2002/07/owl#sameAs","http://el.dbpedia.org/resource/Δήμος_Αμφιλοχίας"
"http://publicspending.medialab.ntua.gr/resource/paymentAgents/800246874","http://www.w3.org/2002/07/owl#sameAs","http://el.dbpedia.org/resource/Δήμος_Αμφίπολης"
"http://publicspending.medialab.ntua.gr/resource/paymentAgents/800092832","http://www.w3.org/2002/07/owl#sameAs","http://el.dbpedia.org/resource/Δήμος_Ανατολικής_Μάνης"
"http://publicspending.medialab.ntua.gr/resource/paymentAgents/090156248","http://www.w3.org/2002/07/owl#sameAs","http://el.dbpedia.org/resource/Δήμος_Ανάφης"
"http://publicspending.medialab.ntua.gr/resource/paymentAgents/099154390","http://www.w3.org/2002/07/owl#sameAs","http://el.dbpedia.org/resource/Δήμος_Ανδραβίδας_-_Κυλλήνης"
"http://publicspending.medialab.ntua.gr/resource/paymentAgents/800166075","http://www.w3.org/2002/07/owl#sameAs","http://el.dbpedia.org/resource/Δήμος_Ανδρίτσαινας_-_Κρεστένων"
"http://publicspending.medialab.ntua.gr/resource/paymentAgents/998239700","http://www.w3.org/2002/07/owl#sameAs","http://el.dbpedia.org/resource/Δήμος_Άνδρου"
"http://publicspending.medialab.ntua.gr/resource/paymentAgents/999247040","http://www.w3.org/2002/07/owl#sameAs","http://el.dbpedia.org/resource/Δήμος_Αντιπάρου"
"http://publicspending.medialab.ntua.gr/resource/paymentAgents/090034939","http://www.w3.org/2002/07/owl#sameAs","http://el.dbpedia.org/resource/Δήμος_Ανωγείων"
"http://publicspending.medialab.ntua.gr/resource/paymentAgents/997570100","http://www.w3.org/2002/07/owl#sameAs","http://el.dbpedia.org/resource/Δήμος_Αποκορώνου"
"http://publicspending.medialab.ntua.gr/resource/paymentAgents/998177895","http://www.w3.org/2002/07/owl#sameAs","http://el.dbpedia.org/resource/Δήμος_Άργους_-_Μυκηνών"
"http://publicspending.medialab.ntua.gr/resource/paymentAgents/998744730","http://www.w3.org/2002/07/owl#sameAs","http://el.dbpedia.org/resource/Δήμος_Αριστοτέλη"
"http://publicspending.medialab.ntua.gr/resource/paymentAgents/997681820","http://www.w3.org/2002/07/owl#sameAs","http://el.dbpedia.org/resource/Δήμος_Αρταίων"
"http://publicspending.medialab.ntua.gr/resource/paymentAgents/997851051","http://www.w3.org/2002/07/owl#sameAs","http://el.dbpedia.org/resource/Δήμος_Αρχαίας_Ολυμπίας"
"http://publicspending.medialab.ntua.gr/resource/paymentAgents/997579303","http://www.w3.org/2002/07/owl#sameAs","http://el.dbpedia.org/resource/Δήμος_Αρχανών_-_Αστερουσίων"
"http://publicspending.medialab.ntua.gr/resource/paymentAgents/090182414","http://www.w3.org/2002/07/owl#sameAs","http://el.dbpedia.org/resource/Δήμος_Ασπροπύργου"
"http://publicspending.medialab.ntua.gr/resource/paymentAgents/090001146","http://www.w3.org/2002/07/owl#sameAs","http://el.dbpedia.org/resource/Δήμος_Αστυπάλαιας"
"http://publicspending.medialab.ntua.gr/resource/paymentAgents/997573323","http://www.w3.org/2002/07/owl#sameAs","http://el.dbpedia.org/resource/Δήμος_Βάρης_-_Βούλας_-_Βουλιαγμένης"
"http://publicspending.medialab.ntua.gr/resource/paymentAgents/997860963","http://www.w3.org/2002/07/owl#sameAs","http://el.dbpedia.org/resource/Δήμος_Βέλου_-_Βόχας"
"http://publicspending.medialab.ntua.gr/resource/paymentAgents/997973841","http://www.w3.org/2002/07/owl#sameAs","http://el.dbpedia.org/resource/Δήμος_Βέροιας"
"http://publicspending.medialab.ntua.gr/resource/paymentAgents/099281144","http://www.w3.org/2002/07/owl#sameAs","http://el.dbpedia.org/resource/Δήμος_Βιάννου"
"http://publicspending.medialab.ntua.gr/resource/paymentAgents/998020646","http://www.w3.org/2002/07/owl#sameAs","http://el.dbpedia.org/resource/Δήμος_Βισαλτίας"
"http://publicspending.medialab.ntua.gr/resource/paymentAgents/998059393","http://www.w3.org/2002/07/owl#sameAs","http://el.dbpedia.org/resource/Δήμος_Βοΐου"
"http://publicspending.medialab.ntua.gr/resource/paymentAgents/998246635","http://www.w3.org/2002/07/owl#sameAs","http://el.dbpedia.org/resource/Δήμος_Βόλβης"
"http://publicspending.medialab.ntua.gr/resource/paymentAgents/997898793","http://www.w3.org/2002/07/owl#sameAs","http://el.dbpedia.org/resource/Δήμος_Βόλου"
"http://publicspending.medialab.ntua.gr/resource/paymentAgents/997854446","http://www.w3.org/2002/07/owl#sameAs","http://el.dbpedia.org/resource/Δήμος_Βορείων_Τζουμέρκων"
"http://publicspending.medialab.ntua.gr/resource/paymentAgents/090160342","http://www.w3.org/2002/07/owl#sameAs","http://el.dbpedia.org/resource/Βριλήσσια"
"http://publicspending.medialab.ntua.gr/resource/paymentAgents/090296835","http://www.w3.org/2002/07/owl#sameAs","http://el.dbpedia.org/resource/Βύρωνας"
"http://publicspending.medialab.ntua.gr/resource/paymentAgents/099506116","http://www.w3.org/2002/07/owl#sameAs","http://el.dbpedia.org/resource/Κοινότητα_Γαύδου"
"http://publicspending.medialab.ntua.gr/resource/paymentAgents/997681832","http://www.w3.org/2002/07/owl#sameAs","http://el.dbpedia.org/resource/Δήμος_Γεωργίου_Καραϊσκάκη"
"http://publicspending.medialab.ntua.gr/resource/paymentAgents/090052400","http://www.w3.org/2002/07/owl#sameAs","http://el.dbpedia.org/resource/Γλυφάδα"
"http://publicspending.medialab.ntua.gr/resource/paymentAgents/999174215","http://www.w3.org/2002/07/owl#sameAs","http://el.dbpedia.org/resource/Δήμος_Γόρτυνας"
"http://publicspending.medialab.ntua.gr/resource/paymentAgents/800100885","http://www.w3.org/2002/07/owl#sameAs","http://el.dbpedia.org/resource/Δήμος_Γορτυνίας"
"http://publicspending.medialab.ntua.gr/resource/paymentAgents/997921832","http://www.w3.org/2002/07/owl#sameAs","http://el.dbpedia.org/resource/Δήμος_Γρεβενών"
"http://publicspending.medialab.ntua.gr/resource/paymentAgents/998607826","http://www.w3.org/2002/07/owl#sameAs","http://el.dbpedia.org/resource/Δήμος_Δάφνης-Υμηττού"
"http://publicspending.medialab.ntua.gr/resource/paymentAgents/997630659","http://www.w3.org/2002/07/owl#sameAs","http://el.dbpedia.org/resource/Δήμος_Δέλτα"
"http://publicspending.medialab.ntua.gr/resource/paymentAgents/998592151","http://www.w3.org/2002/07/owl#sameAs","http://el.dbpedia.org/resource/Δήμος_Δελφών"
"http://publicspending.medialab.ntua.gr/resource/paymentAgents/099573325","http://www.w3.org/2002/07/owl#sameAs","http://el.dbpedia.org/resource/Δήμος_Δεσκάτης"
"http://publicspending.medialab.ntua.gr/resource/paymentAgents/800107980","http://www.w3.org/2002/07/owl#sameAs","http://el.dbpedia.org/resource/Δήμος_Διδυμοτείχου"
"http://publicspending.medialab.ntua.gr/resource/paymentAgents/997690910","http://www.w3.org/2002/07/owl#sameAs","http://el.dbpedia.org/resource/Δήμος_Διονύσου"
"http://publicspending.medialab.ntua.gr/resource/paymentAgents/997766391","http://www.w3.org/2002/07/owl#sameAs","http://el.dbpedia.org/resource/Δήμος_Δίου_-_Ολύμπου"
"http://publicspending.medialab.ntua.gr/resource/paymentAgents/997591330","http://www.w3.org/2002/07/owl#sameAs","http://el.dbpedia.org/resource/Δήμος_Διρφύων_-_Μεσσαπίων"
"http://publicspending.medialab.ntua.gr/resource/paymentAgents/998016264","http://www.w3.org/2002/07/owl#sameAs","http://el.dbpedia.org/resource/Δήμος_Διστόμου_-_Αράχοβας_-_Αντίκυρας"
"http://publicspending.medialab.ntua.gr/resource/paymentAgents/090032565","http://www.w3.org/2002/07/owl#sameAs","http://el.dbpedia.org/resource/Δήμος_Δομοκού"
"http://publicspending.medialab.ntua.gr/resource/paymentAgents/997784913","http://www.w3.org/2002/07/owl#sameAs","http://el.dbpedia.org/resource/Δήμος_Δοξάτου"
"http://publicspending.medialab.ntua.gr/resource/paymentAgents/997784894","http://www.w3.org/2002/07/owl#sameAs","http://el.dbpedia.org/resource/Δήμος_Δράμας"
"http://publicspending.medialab.ntua.gr/resource/paymentAgents/998751013","http://www.w3.org/2002/07/owl#sameAs","http://el.dbpedia.org/resource/Δήμος_Δυτικής_Αχαΐας"
"http://publicspending.medialab.ntua.gr/resource/paymentAgents/997911980","http://www.w3.org/2002/07/owl#sameAs","http://el.dbpedia.org/resource/Δήμος_Δυτικής_Μάνης"
"http://publicspending.medialab.ntua.gr/resource/paymentAgents/997854471","http://www.w3.org/2002/07/owl#sameAs","http://el.dbpedia.org/resource/Δήμος_Δωδώνης"
"http://publicspending.medialab.ntua.gr/resource/paymentAgents/800196610","http://www.w3.org/2002/07/owl#sameAs","http://el.dbpedia.org/resource/Δήμος_Δωρίδος"
"http://publicspending.medialab.ntua.gr/resource/paymentAgents/998721868","http://www.w3.org/2002/07/owl#sameAs","http://el.dbpedia.org/resource/Δήμος_Έδεσσας"
"http://publicspending.medialab.ntua.gr/resource/paymentAgents/999254983","http://www.w3.org/2002/07/owl#sameAs","http://el.dbpedia.org/resource/Δήμος_Ελασσόνας"
"http://publicspending.medialab.ntua.gr/resource/paymentAgents/997763874","http://www.w3.org/2002/07/owl#sameAs","http://el.dbpedia.org/resource/Δήμος_Ελευσίνας"
"http://publicspending.medialab.ntua.gr/resource/paymentAgents/997645384","http://www.w3.org/2002/07/owl#sameAs","http://el.dbpedia.org/resource/Δήμος_Ελληνικού_-_Αργυρούπολης"
"http://publicspending.medialab.ntua.gr/resource/paymentAgents/998979241","http://www.w3.org/2002/07/owl#sameAs","http://el.dbpedia.org/resource/Δήμος_Εμμανουήλ_Παππά"
"http://publicspending.medialab.ntua.gr/resource/paymentAgents/998054361","http://www.w3.org/2002/07/owl#sameAs","http://el.dbpedia.org/resource/Δήμος_Εορδαίας"
"http://publicspending.medialab.ntua.gr/resource/paymentAgents/998142373","http://www.w3.org/2002/07/owl#sameAs","http://el.dbpedia.org/resource/Δήμος_Επιδαύρου"
"http://publicspending.medialab.ntua.gr/resource/paymentAgents/997609152","http://www.w3.org/2002/07/owl#sameAs","http://el.dbpedia.org/resource/Δήμος_Ερμιονίδας"
"http://publicspending.medialab.ntua.gr/resource/paymentAgents/997748035","http://www.w3.org/2002/07/owl#sameAs","http://el.dbpedia.org/resource/Δήμος_Ερυμάνθου"
"http://publicspending.medialab.ntua.gr/resource/paymentAgents/099652457","http://www.w3.org/2002/07/owl#sameAs","http://el.dbpedia.org/resource/Δήμος_Ευρώτα"
"http://publicspending.medialab.ntua.gr/resource/paymentAgents/997898781","http://www.w3.org/2002/07/owl#sameAs","http://el.dbpedia.org/resource/Δήμος_Ζαγοράς_-_Μουρεσίου"
"http://publicspending.medialab.ntua.gr/resource/paymentAgents/997854483","http://www.w3.org/2002/07/owl#sameAs","http://el.dbpedia.org/resource/Δήμος_Ζαγορίου"
"http://publicspending.medialab.ntua.gr/resource/paymentAgents/998199586","http://www.w3.org/2002/07/owl#sameAs","http://el.dbpedia.org/resource/Δήμος_Ζακύνθου"
"http://publicspending.medialab.ntua.gr/resource/paymentAgents/800121230","http://www.w3.org/2002/07/owl#sameAs","http://el.dbpedia.org/resource/Δήμος_Ζαχάρως"
"http://publicspending.medialab.ntua.gr/resource/paymentAgents/099229170","http://www.w3.org/2002/07/owl#sameAs","http://el.dbpedia.org/resource/Δήμος_Ζηρού"
"http://publicspending.medialab.ntua.gr/resource/paymentAgents/997854502","http://www.w3.org/2002/07/owl#sameAs","http://el.dbpedia.org/resource/Δήμος_Ζίτσας"
"http://publicspending.medialab.ntua.gr/resource/paymentAgents/090276406","http://www.w3.org/2002/07/owl#sameAs","http://el.dbpedia.org/resource/Ζωγράφου"
"http://publicspending.medialab.ntua.gr/resource/paymentAgents/997925241","http://www.w3.org/2002/07/owl#sameAs","http://el.dbpedia.org/resource/Δήμος_Ηγουμενίτσας"
"http://publicspending.medialab.ntua.gr/resource/paymentAgents/800064187","http://www.w3.org/2002/07/owl#sameAs","http://el.dbpedia.org/resource/Δήμος_Ήλιδας"
"http://publicspending.medialab.ntua.gr/resource/paymentAgents/090206453","http://www.w3.org/2002/07/owl#sameAs","http://el.dbpedia.org/resource/Ηλιούπολη"
"http://publicspending.medialab.ntua.gr/resource/paymentAgents/090199297","http://www.w3.org/2002/07/owl#sameAs","http://el.dbpedia.org/resource/Δήμος_Ηρακλείας"
"http://publicspending.medialab.ntua.gr/resource/paymentAgents/090084629","http://www.w3.org/2002/07/owl#sameAs","http://el.dbpedia.org/resource/Ηράκλεο_Αττικής"
"http://publicspending.medialab.ntua.gr/resource/paymentAgents/997579296","http://www.w3.org/2002/07/owl#sameAs","http://el.dbpedia.org/resource/Δήμος_Ηρακλείου"
"http://publicspending.medialab.ntua.gr/resource/paymentAgents/997567090","http://www.w3.org/2002/07/owl#sameAs","http://el.dbpedia.org/resource/Δήμος_Θερμαϊκού"
"http://publicspending.medialab.ntua.gr/resource/paymentAgents/997612550","http://www.w3.org/2002/07/owl#sameAs","http://el.dbpedia.org/resource/Δήμος_Θέρμης"
"http://publicspending.medialab.ntua.gr/resource/paymentAgents/090134385","http://www.w3.org/2002/07/owl#sameAs","http://el.dbpedia.org/resource/Δήμος_Θέρμου"
"http://publicspending.medialab.ntua.gr/resource/paymentAgents/998082845","http://www.w3.org/2002/07/owl#sameAs","http://el.dbpedia.org/resource/Δήμος_Θεσσαλονίκης"
"http://publicspending.medialab.ntua.gr/resource/paymentAgents/997597230","http://www.w3.org/2002/07/owl#sameAs","http://el.dbpedia.org/resource/Δήμος_Θηβαίων"
"http://publicspending.medialab.ntua.gr/resource/paymentAgents/997877331","http://www.w3.org/2002/07/owl#sameAs","http://el.dbpedia.org/resource/Δήμος_Θήρας"
"http://publicspending.medialab.ntua.gr/resource/paymentAgents/997687953","http://www.w3.org/2002/07/owl#sameAs","http://el.dbpedia.org/resource/Δήμος_Ιάσμου"
"http://publicspending.medialab.ntua.gr/resource/paymentAgents/997696347","http://www.w3.org/2002/07/owl#sameAs","http://el.dbpedia.org/resource/Δήμος_Ιεράπετρας"
"http://publicspending.medialab.ntua.gr/resource/paymentAgents/998505846","http://www.w3.org/2002/07/owl#sameAs","http://el.dbpedia.org/resource/Δήμος_Ιεράς_Πόλεως_Μεσολογγίου"
"http://publicspending.medialab.ntua.gr/resource/paymentAgents/090383027","http://www.w3.org/2002/07/owl#sameAs","http://el.dbpedia.org/resource/Δήμος_Ιητών"
"http://publicspending.medialab.ntua.gr/resource/paymentAgents/090125733","http://www.w3.org/2002/07/owl#sameAs","http://el.dbpedia.org/resource/Δήμος_Ιθάκης"
"http://publicspending.medialab.ntua.gr/resource/paymentAgents/800057485","http://www.w3.org/2002/07/owl#sameAs","http://el.dbpedia.org/resource/Δήμος_Ικαρίας"
"http://publicspending.medialab.ntua.gr/resource/paymentAgents/090076918","http://www.w3.org/2002/07/owl#sameAs","http://el.dbpedia.org/resource/Ίλιον_Αττικής"
"http://publicspending.medialab.ntua.gr/resource/paymentAgents/800139036","http://www.w3.org/2002/07/owl#sameAs","http://el.dbpedia.org/resource/Δήμος_Ιστιαίας_-_Αιδηψού"
"http://publicspending.medialab.ntua.gr/resource/paymentAgents/997908926","http://www.w3.org/2002/07/owl#sameAs","http://el.dbpedia.org/resource/Δήμος_Ιωαννιτών"
"http://publicspending.medialab.ntua.gr/resource/paymentAgents/997582067","http://www.w3.org/2002/07/owl#sameAs","http://el.dbpedia.org/resource/Δήμος_Καβάλας"
"http://publicspending.medialab.ntua.gr/resource/paymentAgents/099116022","http://www.w3.org/2002/07/owl#sameAs","http://el.dbpedia.org/resource/Καισαριανή"
"http://publicspending.medialab.ntua.gr/resource/paymentAgents/800141173","http://www.w3.org/2002/07/owl#sameAs","http://el.dbpedia.org/resource/Δήμος_Καλαβρύτων"
"http://publicspending.medialab.ntua.gr/resource/paymentAgents/090226243","http://www.w3.org/2002/07/owl#sameAs","http://el.dbpedia.org/resource/Δήμος_Καλαμαριάς"
"http://publicspending.medialab.ntua.gr/resource/paymentAgents/997911992","http://www.w3.org/2002/07/owl#sameAs","http://el.dbpedia.org/resource/Δήμος_Καλαμάτας"
"http://publicspending.medialab.ntua.gr/resource/paymentAgents/998753608","http://www.w3.org/2002/07/owl#sameAs","http://el.dbpedia.org/resource/Δήμος_Καλαμπάκας"
"http://publicspending.medialab.ntua.gr/resource/paymentAgents/090319080","http://www.w3.org/2002/07/owl#sameAs","http://el.dbpedia.org/resource/Καλλιθέα_Αττικής"
"http://publicspending.medialab.ntua.gr/resource/paymentAgents/090001122","http://www.w3.org/2002/07/owl#sameAs","http://el.dbpedia.org/resource/Κάλυμνος#Ο_Δήμος_Καλυμνίων"
"http://publicspending.medialab.ntua.gr/resource/paymentAgents/997570070","http://www.w3.org/2002/07/owl#sameAs","http://el.dbpedia.org/resource/Δήμος_Καντάνου_-_Σελίνου"
"http://publicspending.medialab.ntua.gr/resource/paymentAgents/997648454","http://www.w3.org/2002/07/owl#sameAs","http://el.dbpedia.org/resource/Δήμος_Καρδίτσας"
"http://publicspending.medialab.ntua.gr/resource/paymentAgents/099688245","http://www.w3.org/2002/07/owl#sameAs","http://el.dbpedia.org/resource/Δήμος_Καρπάθου"
"http://publicspending.medialab.ntua.gr/resource/paymentAgents/998895715","http://www.w3.org/2002/07/owl#sameAs","http://el.dbpedia.org/resource/Δήμος_Καρπενησίου"
"http://publicspending.medialab.ntua.gr/resource/paymentAgents/998204472","http://www.w3.org/2002/07/owl#sameAs","http://el.dbpedia.org/resource/Δήμος_Κασσάνδρας"
"http://publicspending.medialab.ntua.gr/resource/paymentAgents/997840976","http://www.w3.org/2002/07/owl#sameAs","http://el.dbpedia.org/resource/Δήμος_Καστοριάς"
"http://publicspending.medialab.ntua.gr/resource/paymentAgents/998066810","http://www.w3.org/2002/07/owl#sameAs","http://el.dbpedia.org/resource/Δήμος_Κατερίνης"
"http://publicspending.medialab.ntua.gr/resource/paymentAgents/090116331","http://www.w3.org/2002/07/owl#sameAs","http://el.dbpedia.org/resource/Κέα#Ο_Δήμος_Κέας"
"http://publicspending.medialab.ntua.gr/resource/paymentAgents/997681807","http://www.w3.org/2002/07/owl#sameAs","http://el.dbpedia.org/resource/Δήμος_Κεντρικών_Τζουμέρκων"
"http://publicspending.medialab.ntua.gr/resource/paymentAgents/997880950","http://www.w3.org/2002/07/owl#sameAs","http://el.dbpedia.org/resource/Δήμος_Κερατσινίου_-_Δραπετσώνας"
"http://publicspending.medialab.ntua.gr/resource/paymentAgents/997913727","http://www.w3.org/2002/07/owl#sameAs","http://el.dbpedia.org/resource/Δήμος_Κέρκυρας"
"http://publicspending.medialab.ntua.gr/resource/paymentAgents/997627133","http://www.w3.org/2002/07/owl#sameAs","http://el.dbpedia.org/resource/Δήμος_Κεφαλλονιάς"
"http://publicspending.medialab.ntua.gr/resource/paymentAgents/997715679","http://www.w3.org/2002/07/owl#sameAs","http://el.dbpedia.org/resource/Δήμος_Κηφισιάς"
"http://publicspending.medialab.ntua.gr/resource/paymentAgents/998223751","http://www.w3.org/2002/07/owl#sameAs","http://el.dbpedia.org/resource/Δήμος_Κιλελέρ"
"http://publicspending.medialab.ntua.gr/resource/paymentAgents/997961749","http://www.w3.org/2002/07/owl#sameAs","http://el.dbpedia.org/resource/Δήμος_Κιλκίς"
"http://publicspending.medialab.ntua.gr/resource/paymentAgents/997738238","http://www.w3.org/2002/07/owl#sameAs","http://el.dbpedia.org/resource/Δήμος_Κισσάμου"
"http://publicspending.medialab.ntua.gr/resource/paymentAgents/997769577","http://www.w3.org/2002/07/owl#sameAs","http://el.dbpedia.org/resource/Δήμος_Κοζάνης"
"http://publicspending.medialab.ntua.gr/resource/paymentAgents/997687930","http://www.w3.org/2002/07/owl#sameAs","http://el.dbpedia.org/resource/Δήμος_Κομοτηνής"
"http://publicspending.medialab.ntua.gr/resource/paymentAgents/800161749","http://www.w3.org/2002/07/owl#sameAs","http://el.dbpedia.org/resource/Δήμος_Κόνιτσας"
"http://publicspending.medialab.ntua.gr/resource/paymentAgents/997742450","http://www.w3.org/2002/07/owl#sameAs","http://el.dbpedia.org/resource/Δήμος_Κορδελιού_-_Ευόσμου"
"http://publicspending.medialab.ntua.gr/resource/paymentAgents/090125604","http://www.w3.org/2002/07/owl#sameAs","http://el.dbpedia.org/resource/Δήμος_Κρωπίας"
"http://publicspending.medialab.ntua.gr/resource/paymentAgents/099723332","http://www.w3.org/2002/07/owl#sameAs","http://el.dbpedia.org/resource/Δήμος_Κυθήρων"
"http://publicspending.medialab.ntua.gr/resource/paymentAgents/090410925","http://www.w3.org/2002/07/owl#sameAs","http://el.dbpedia.org/resource/Κύθνος#Ο_Δήμος_Κύθνου"
"http://publicspending.medialab.ntua.gr/resource/paymentAgents/997723692","http://www.w3.org/2002/07/owl#sameAs","http://el.dbpedia.org/resource/Δήμος_Κύμης_-_Αλιβερίου"
"http://publicspending.medialab.ntua.gr/resource/paymentAgents/997918919","http://www.w3.org/2002/07/owl#sameAs","http://el.dbpedia.org/resource/Δήμος_Κω"
"http://publicspending.medialab.ntua.gr/resource/paymentAgents/998246659","http://www.w3.org/2002/07/owl#sameAs","http://el.dbpedia.org/resource/Δήμος_Λαγκαδά"
"http://publicspending.medialab.ntua.gr/resource/paymentAgents/997947640","http://www.w3.org/2002/07/owl#sameAs","http://el.dbpedia.org/resource/Δήμος_Λαμιέων"
"http://publicspending.medialab.ntua.gr/resource/paymentAgents/997844860","http://www.w3.org/2002/07/owl#sameAs","http://el.dbpedia.org/resource/Δήμος_Λαρισαίων"
"http://publicspending.medialab.ntua.gr/resource/paymentAgents/998292246","http://www.w3.org/2002/07/owl#sameAs","http://el.dbpedia.org/resource/Δήμος_Λαυρεωτικής"
"http://publicspending.medialab.ntua.gr/resource/paymentAgents/998016227","http://www.w3.org/2002/07/owl#sameAs","http://el.dbpedia.org/resource/Δήμος_Λεβαδέων"
"http://publicspending.medialab.ntua.gr/resource/paymentAgents/090025549","http://www.w3.org/2002/07/owl#sameAs","http://el.dbpedia.org/resource/Λειψοί#Ο_Δήμος_Λειψών"
"http://publicspending.medialab.ntua.gr/resource/paymentAgents/090001134","http://www.w3.org/2002/07/owl#sameAs","http://el.dbpedia.org/resource/Δήμος_Λέρου"
"http://publicspending.medialab.ntua.gr/resource/paymentAgents/997817113","http://www.w3.org/2002/07/owl#sameAs","http://el.dbpedia.org/resource/Δήμος_Λέσβου"
"http://publicspending.medialab.ntua.gr/resource/paymentAgents/997916281","http://www.w3.org/2002/07/owl#sameAs","http://el.dbpedia.org/resource/Δήμος_Λευκάδας"
"http://publicspending.medialab.ntua.gr/resource/paymentAgents/800189144","http://www.w3.org/2002/07/owl#sameAs","http://el.dbpedia.org/resource/Δήμος_Λήμνου"
"http://publicspending.medialab.ntua.gr/resource/paymentAgents/997648480","http://www.w3.org/2002/07/owl#sameAs","http://el.dbpedia.org/resource/Δήμος_Λίμνης_Πλαστήρα"
"http://publicspending.medialab.ntua.gr/resource/paymentAgents/998441139","http://www.w3.org/2002/07/owl#sameAs","http://el.dbpedia.org/resource/Δήμος_Λοκρών"
"http://publicspending.medialab.ntua.gr/resource/paymentAgents/997860940","http://www.w3.org/2002/07/owl#sameAs","http://el.dbpedia.org/resource/Δήμος_Λουτρακίου_-_Αγίων_Θεοδώρων"
"http://publicspending.medialab.ntua.gr/resource/paymentAgents/997625190","http://www.w3.org/2002/07/owl#sameAs","http://el.dbpedia.org/resource/Δήμος_Λυκόβρυσης-Πεύκης"
"http://publicspending.medialab.ntua.gr/resource/paymentAgents/800206956","http://www.w3.org/2002/07/owl#sameAs","http://el.dbpedia.org/resource/Δήμος_Μακρακώμης"
"http://publicspending.medialab.ntua.gr/resource/paymentAgents/997791639","http://www.w3.org/2002/07/owl#sameAs","http://el.dbpedia.org/resource/Δήμος_Μαλεβιζίου"
"http://publicspending.medialab.ntua.gr/resource/paymentAgents/997606752","http://www.w3.org/2002/07/owl#sameAs","http://el.dbpedia.org/resource/Δήμος_Μαραθώνος"
"http://publicspending.medialab.ntua.gr/resource/paymentAgents/090125500","http://www.w3.org/2002/07/owl#sameAs","http://el.dbpedia.org/resource/Δήμος_Μαρκοπούλου_Μεσογαίας"
"http://publicspending.medialab.ntua.gr/resource/paymentAgents/800281907","http://www.w3.org/2002/07/owl#sameAs","http://el.dbpedia.org/resource/Δήμος_Μαρωνείας_-_Σαπών"
"http://publicspending.medialab.ntua.gr/resource/paymentAgents/998260826","http://www.w3.org/2002/07/owl#sameAs","http://el.dbpedia.org/resource/Δήμος_Μεγαλόπολης"
"http://publicspending.medialab.ntua.gr/resource/paymentAgents/090134594","http://www.w3.org/2002/07/owl#sameAs","http://el.dbpedia.org/resource/Δήμος_Μεγανησίου"
"http://publicspending.medialab.ntua.gr/resource/paymentAgents/997693310","http://www.w3.org/2002/07/owl#sameAs","http://el.dbpedia.org/resource/Δήμος_Μεγάρεων"
"http://publicspending.medialab.ntua.gr/resource/paymentAgents/090319214","http://www.w3.org/2002/07/owl#sameAs","http://el.dbpedia.org/resource/Δήμος_Μεγίστης"
"http://publicspending.medialab.ntua.gr/resource/paymentAgents/998762513","http://www.w3.org/2002/07/owl#sameAs","http://el.dbpedia.org/resource/Δήμος_Μεσσήνης"
"http://publicspending.medialab.ntua.gr/resource/paymentAgents/090107358","http://www.w3.org/2002/07/owl#sameAs","http://el.dbpedia.org/resource/Μεταμόρφωση_Αττικής"
"http://publicspending.medialab.ntua.gr/resource/paymentAgents/800220963","http://www.w3.org/2002/07/owl#sameAs","http://el.dbpedia.org/resource/Δήμος_Μετσόβου"
"http://publicspending.medialab.ntua.gr/resource/paymentAgents/090281858","http://www.w3.org/2002/07/owl#sameAs","http://el.dbpedia.org/resource/Δήμος_Μήλου"
"http://publicspending.medialab.ntua.gr/resource/paymentAgents/099285315","http://www.w3.org/2002/07/owl#sameAs","http://el.dbpedia.org/resource/Δήμος_Μινώα_Πεδιάδας"
"http://publicspending.medialab.ntua.gr/resource/paymentAgents/998717658","http://www.w3.org/2002/07/owl#sameAs","http://el.dbpedia.org/resource/Δήμος_Μονεμβασιάς"
"http://publicspending.medialab.ntua.gr/resource/paymentAgents/997564129","http://www.w3.org/2002/07/owl#sameAs","http://el.dbpedia.org/resource/Δήμος_Μοσχάτου-Ταύρου"
"http://publicspending.medialab.ntua.gr/resource/paymentAgents/800231941","http://www.w3.org/2002/07/owl#sameAs","http://el.dbpedia.org/resource/Δήμος_Μουζακίου"
"http://publicspending.medialab.ntua.gr/resource/paymentAgents/997615160","http://www.w3.org/2002/07/owl#sameAs","http://el.dbpedia.org/resource/Δήμος_Μύκης"
"http://publicspending.medialab.ntua.gr/resource/paymentAgents/090235079","http://www.w3.org/2002/07/owl#sameAs","http://el.dbpedia.org/resource/Δήμος_Μυκόνου"
"http://publicspending.medialab.ntua.gr/resource/paymentAgents/997820850","http://www.w3.org/2002/07/owl#sameAs","http://el.dbpedia.org/resource/Δήμος_Μυλοποτάμου"
"http://publicspending.medialab.ntua.gr/resource/paymentAgents/997947687","http://www.w3.org/2002/07/owl#sameAs","http://el.dbpedia.org/resource/Δήμος_Μώλου_-_Αγίου_Κωνσταντίνου"
"http://publicspending.medialab.ntua.gr/resource/paymentAgents/997558031","http://www.w3.org/2002/07/owl#sameAs","http://el.dbpedia.org/resource/Δήμος_Νάξου"
"http://publicspending.medialab.ntua.gr/resource/paymentAgents/998841450","http://www.w3.org/2002/07/owl#sameAs","http://el.dbpedia.org/resource/Δήμος_Ηρωικής_Πόλης_Νάουσας"
"http://publicspending.medialab.ntua.gr/resource/paymentAgents/998517151","http://www.w3.org/2002/07/owl#sameAs","http://el.dbpedia.org/resource/Δήμος_Ναυπακτίας"
"http://publicspending.medialab.ntua.gr/resource/paymentAgents/998142361","http://www.w3.org/2002/07/owl#sameAs","http://el.dbpedia.org/resource/Δήμος_Ναυπλιέων"
"http://publicspending.medialab.ntua.gr/resource/paymentAgents/998502113","http://www.w3.org/2002/07/owl#sameAs","http://el.dbpedia.org/resource/Δήμος_Νεάπολης_-_Συκεών"
"http://publicspending.medialab.ntua.gr/resource/paymentAgents/800246886","http://www.w3.org/2002/07/owl#sameAs","http://el.dbpedia.org/resource/Δήμος_Νέας_Ζίχνης"
"http://publicspending.medialab.ntua.gr/resource/paymentAgents/090127044","http://www.w3.org/2002/07/owl#sameAs","http://el.dbpedia.org/resource/Νέα_Ιωνία_Αττικής"
"http://publicspending.medialab.ntua.gr/resource/paymentAgents/998529948","http://www.w3.org/2002/07/owl#sameAs","http://el.dbpedia.org/resource/Δήμος_Νέας_Προποντίδας"
"http://publicspending.medialab.ntua.gr/resource/paymentAgents/099041081","http://www.w3.org/2002/07/owl#sameAs","http://el.dbpedia.org/resource/Νέα_Σμύρνη"
"http://publicspending.medialab.ntua.gr/resource/paymentAgents/090398932","http://www.w3.org/2002/07/owl#sameAs","http://el.dbpedia.org/resource/Δήμος_Νεμέας"
"http://publicspending.medialab.ntua.gr/resource/paymentAgents/800255883","http://www.w3.org/2002/07/owl#sameAs","http://el.dbpedia.org/resource/Δήμος_Νεστορίου"
"http://publicspending.medialab.ntua.gr/resource/paymentAgents/999198944","http://www.w3.org/2002/07/owl#sameAs","http://el.dbpedia.org/resource/Δήμος_Νέστου"
"http://publicspending.medialab.ntua.gr/resource/paymentAgents/997642253","http://www.w3.org/2002/07/owl#sameAs","http://el.dbpedia.org/resource/Δήμος_Νίκαιας_-_Αγίου_Ιωάννη_Ρέντη"
"http://publicspending.medialab.ntua.gr/resource/paymentAgents/997681819","http://www.w3.org/2002/07/owl#sameAs","http://el.dbpedia.org/resource/Δήμος_Νικολάου_Σκουφά"
"http://publicspending.medialab.ntua.gr/resource/paymentAgents/099269211","http://www.w3.org/2002/07/owl#sameAs","http://el.dbpedia.org/resource/Δήμος_Νισύρου"
"http://publicspending.medialab.ntua.gr/resource/paymentAgents/099165551","http://www.w3.org/2002/07/owl#sameAs","http://el.dbpedia.org/resource/Δήμος_Νότιας_Κυνουρίας"
"http://publicspending.medialab.ntua.gr/resource/paymentAgents/997898770","http://www.w3.org/2002/07/owl#sameAs","http://el.dbpedia.org/resource/Δήμος_Νοτίου_Πηλίου"
"http://publicspending.medialab.ntua.gr/resource/paymentAgents/997654473","http://www.w3.org/2002/07/owl#sameAs","http://el.dbpedia.org/resource/Δήμος_Ξάνθης"
"http://publicspending.medialab.ntua.gr/resource/paymentAgents/800076242","http://www.w3.org/2002/07/owl#sameAs","http://el.dbpedia.org/resource/Δήμος_Ξηρομέρου"
"http://publicspending.medialab.ntua.gr/resource/paymentAgents/800262468","http://www.w3.org/2002/07/owl#sameAs","http://el.dbpedia.org/resource/Δήμος_Ξυλοκάστρου_-_Ευρωστίνης"
"http://publicspending.medialab.ntua.gr/resource/paymentAgents/099184497","http://www.w3.org/2002/07/owl#sameAs","http://el.dbpedia.org/resource/Δήμος_Οιχαλίας"
"http://publicspending.medialab.ntua.gr/resource/paymentAgents/998583210","http://www.w3.org/2002/07/owl#sameAs","http://el.dbpedia.org/resource/Δήμος_Ορεστιάδας"
"http://publicspending.medialab.ntua.gr/resource/paymentAgents/099295879","http://www.w3.org/2002/07/owl#sameAs","http://el.dbpedia.org/resource/Δήμος_Ορέστιδος"
"http://publicspending.medialab.ntua.gr/resource/paymentAgents/090360500","http://www.w3.org/2002/07/owl#sameAs","http://el.dbpedia.org/resource/Δήμος_Οροπεδίου_Λασιθίου"
"http://publicspending.medialab.ntua.gr/resource/paymentAgents/998016240","http://www.w3.org/2002/07/owl#sameAs","http://el.dbpedia.org/resource/Δήμος_Ορχομενού"
"http://publicspending.medialab.ntua.gr/resource/paymentAgents/997732707","http://www.w3.org/2002/07/owl#sameAs","http://el.dbpedia.org/resource/Δήμος_Παγγαίου"
"http://publicspending.medialab.ntua.gr/resource/paymentAgents/997961713","http://www.w3.org/2002/07/owl#sameAs","http://el.dbpedia.org/resource/Δήμος_Παιονίας"
"http://publicspending.medialab.ntua.gr/resource/paymentAgents/090261509","http://www.w3.org/2002/07/owl#sameAs","http://el.dbpedia.org/resource/Παλαιό_Φάληρο"
"http://publicspending.medialab.ntua.gr/resource/paymentAgents/998608743","http://www.w3.org/2002/07/owl#sameAs","http://el.dbpedia.org/resource/Δήμος_Παλαμά"
"http://publicspending.medialab.ntua.gr/resource/paymentAgents/997606696","http://www.w3.org/2002/07/owl#sameAs","http://el.dbpedia.org/resource/Δήμος_Παλλήνης_Αττικής"
"http://publicspending.medialab.ntua.gr/resource/paymentAgents/090114939","http://www.w3.org/2002/07/owl#sameAs","http://el.dbpedia.org/resource/Δήμος_Παξών"
"http://publicspending.medialab.ntua.gr/resource/paymentAgents/998154279","http://www.w3.org/2002/07/owl#sameAs","http://el.dbpedia.org/resource/Δήμος_Παπάγου-Χολαργού"
"http://publicspending.medialab.ntua.gr/resource/paymentAgents/997784901","http://www.w3.org/2002/07/owl#sameAs","http://el.dbpedia.org/resource/Δήμος_Παρανεστίου"
"http://publicspending.medialab.ntua.gr/resource/paymentAgents/997963210","http://www.w3.org/2002/07/owl#sameAs","http://el.dbpedia.org/resource/Δήμος_Πάργας"
"http://publicspending.medialab.ntua.gr/resource/paymentAgents/097664995","http://www.w3.org/2002/07/owl#sameAs","http://el.dbpedia.org/resource/Δήμος_Πάρου"
"http://publicspending.medialab.ntua.gr/resource/paymentAgents/090001110","http://www.w3.org/2002/07/owl#sameAs","http://el.dbpedia.org/resource/Δήμος_Πάτμου"
"http://publicspending.medialab.ntua.gr/resource/paymentAgents/997992450","http://www.w3.org/2002/07/owl#sameAs","http://el.dbpedia.org/resource/Δήμος_Πατρέων"
"http://publicspending.medialab.ntua.gr/resource/paymentAgents/997989617","http://www.w3.org/2002/07/owl#sameAs","http://el.dbpedia.org/resource/Δήμος_Παύλου_Μελά"
"http://publicspending.medialab.ntua.gr/resource/paymentAgents/090001263","http://www.w3.org/2002/07/owl#sameAs","http://el.dbpedia.org/resource/Δήμος_Πειραιώς"
"http://publicspending.medialab.ntua.gr/resource/paymentAgents/998010099","http://www.w3.org/2002/07/owl#sameAs","http://el.dbpedia.org/resource/Δήμος_Πέλλας"
"http://publicspending.medialab.ntua.gr/resource/paymentAgents/997625176","http://www.w3.org/2002/07/owl#sameAs","http://el.dbpedia.org/resource/Δήμος_Πεντέλης"
"http://publicspending.medialab.ntua.gr/resource/paymentAgents/099077446","http://www.w3.org/2002/07/owl#sameAs","http://el.dbpedia.org/resource/Πέραμα"
"http://publicspending.medialab.ntua.gr/resource/paymentAgents/090094082","http://www.w3.org/2002/07/owl#sameAs","http://el.dbpedia.org/resource/Περιστέρι_Αττικής"
"http://publicspending.medialab.ntua.gr/resource/paymentAgents/090137535","http://www.w3.org/2002/07/owl#sameAs","http://el.dbpedia.org/resource/Πετρούπολη"
"http://publicspending.medialab.ntua.gr/resource/paymentAgents/099663921","http://www.w3.org/2002/07/owl#sameAs","http://el.dbpedia.org/resource/Δήμος_Πηνειού"
"http://publicspending.medialab.ntua.gr/resource/paymentAgents/997570112","http://www.w3.org/2002/07/owl#sameAs","http://el.dbpedia.org/resource/Δήμος_Πλατανιά"
"http://publicspending.medialab.ntua.gr/resource/paymentAgents/998493345","http://www.w3.org/2002/07/owl#sameAs","http://el.dbpedia.org/resource/Δήμος_Πολυγύρου"
"http://publicspending.medialab.ntua.gr/resource/paymentAgents/090120842","http://www.w3.org/2002/07/owl#sameAs","http://el.dbpedia.org/resource/Δήμος_Πόρου"
"http://publicspending.medialab.ntua.gr/resource/paymentAgents/997861879","http://www.w3.org/2002/07/owl#sameAs","http://el.dbpedia.org/resource/Δήμος_Πρέβεζας"
"http://publicspending.medialab.ntua.gr/resource/paymentAgents/998565714","http://www.w3.org/2002/07/owl#sameAs","http://el.dbpedia.org/resource/Δήμος_Πρεσπών"
"http://publicspending.medialab.ntua.gr/resource/paymentAgents/997784882","http://www.w3.org/2002/07/owl#sameAs","http://el.dbpedia.org/resource/Δήμος_Προσοτσάνης"
"http://publicspending.medialab.ntua.gr/resource/paymentAgents/099607100","http://www.w3.org/2002/07/owl#sameAs","http://el.dbpedia.org/resource/Δήμος_Πύδνας_-_Κολινδρού"
"http://publicspending.medialab.ntua.gr/resource/paymentAgents/997612469","http://www.w3.org/2002/07/owl#sameAs","http://el.dbpedia.org/resource/Δήμος_Πυλαίας_-_Χορτιάτη"
"http://publicspending.medialab.ntua.gr/resource/paymentAgents/998284560","http://www.w3.org/2002/07/owl#sameAs","http://el.dbpedia.org/resource/Δήμος_Πύλης"
"http://publicspending.medialab.ntua.gr/resource/paymentAgents/099685753","http://www.w3.org/2002/07/owl#sameAs","http://el.dbpedia.org/resource/Δήμος_Πύλου_-_Νέστορος"
"http://publicspending.medialab.ntua.gr/resource/paymentAgents/997851040","http://www.w3.org/2002/07/owl#sameAs","http://el.dbpedia.org/resource/Δήμος_Πύργου"
"http://publicspending.medialab.ntua.gr/resource/paymentAgents/997854458","http://www.w3.org/2002/07/owl#sameAs","http://el.dbpedia.org/resource/Δήμος_Πωγωνίου"
"http://publicspending.medialab.ntua.gr/resource/paymentAgents/997606703","http://www.w3.org/2002/07/owl#sameAs","http://el.dbpedia.org/resource/Δήμος_Ραφήνας_-_Πικερμίου"
"http://publicspending.medialab.ntua.gr/resource/paymentAgents/997820861","http://www.w3.org/2002/07/owl#sameAs","http://el.dbpedia.org/resource/Δήμος_Ρεθύμνου"
"http://publicspending.medialab.ntua.gr/resource/paymentAgents/997708302","http://www.w3.org/2002/07/owl#sameAs","http://el.dbpedia.org/resource/Δήμος_Ρήγα_Φεραίου"
"http://publicspending.medialab.ntua.gr/resource/paymentAgents/997561152","http://www.w3.org/2002/07/owl#sameAs","http://el.dbpedia.org/resource/Δήμος_Ρόδου"
"http://publicspending.medialab.ntua.gr/resource/paymentAgents/998378908","http://www.w3.org/2002/07/owl#sameAs","http://el.dbpedia.org/resource/Δήμος_Σαλαμίνας"
"http://publicspending.medialab.ntua.gr/resource/paymentAgents/090072723","http://www.w3.org/2002/07/owl#sameAs","http://el.dbpedia.org/resource/Δήμος_Σαμοθράκης"
"http://publicspending.medialab.ntua.gr/resource/paymentAgents/997966689","http://www.w3.org/2002/07/owl#sameAs","http://el.dbpedia.org/resource/Δήμος_Σάμου"
"http://publicspending.medialab.ntua.gr/resource/paymentAgents/997727408","http://www.w3.org/2002/07/owl#sameAs","http://el.dbpedia.org/resource/Δήμος_Σαρωνικού"
"http://publicspending.medialab.ntua.gr/resource/paymentAgents/099580746","http://www.w3.org/2002/07/owl#sameAs","http://el.dbpedia.org/resource/Δήμος_Σερβίων_-_Βελβεντού"
"http://publicspending.medialab.ntua.gr/resource/paymentAgents/090281914","http://www.w3.org/2002/07/owl#sameAs","http://el.dbpedia.org/resource/Δήμος_Σερίφου"
"http://publicspending.medialab.ntua.gr/resource/paymentAgents/997657764","http://www.w3.org/2002/07/owl#sameAs","http://el.dbpedia.org/resource/Δήμος_Σερρών"
"http://publicspending.medialab.ntua.gr/resource/paymentAgents/998792831","http://www.w3.org/2002/07/owl#sameAs","http://el.dbpedia.org/resource/Δήμος_Σητείας"
"http://publicspending.medialab.ntua.gr/resource/paymentAgents/998493357","http://www.w3.org/2002/07/owl#sameAs","http://el.dbpedia.org/resource/Δήμος_Σιθωνίας"
"http://publicspending.medialab.ntua.gr/resource/paymentAgents/099638358","http://www.w3.org/2002/07/owl#sameAs","http://el.dbpedia.org/resource/Δήμος_Σικίνου"
"http://publicspending.medialab.ntua.gr/resource/paymentAgents/997636180","http://www.w3.org/2002/07/owl#sameAs","http://el.dbpedia.org/resource/Δήμος_Σικυωνίων"
"http://publicspending.medialab.ntua.gr/resource/paymentAgents/999420013","http://www.w3.org/2002/07/owl#sameAs","http://el.dbpedia.org/resource/Δήμος_Σιντικής"
"http://publicspending.medialab.ntua.gr/resource/paymentAgents/090354671","http://www.w3.org/2002/07/owl#sameAs","http://el.dbpedia.org/resource/Δήμος_Σίφνου"
"http://publicspending.medialab.ntua.gr/resource/paymentAgents/090122675","http://www.w3.org/2002/07/owl#sameAs","http://el.dbpedia.org/resource/Δήμος_Σκιάθου"
"http://publicspending.medialab.ntua.gr/resource/paymentAgents/998525359","http://www.w3.org/2002/07/owl#sameAs","http://el.dbpedia.org/resource/Δήμος_Σκύδρας"
"http://publicspending.medialab.ntua.gr/resource/paymentAgents/090183484","http://www.w3.org/2002/07/owl#sameAs","http://el.dbpedia.org/resource/Δήμος_Σκύρου"
"http://publicspending.medialab.ntua.gr/resource/paymentAgents/099631382","http://www.w3.org/2002/07/owl#sameAs","http://el.dbpedia.org/resource/Δήμος_Σουλίου"
"http://publicspending.medialab.ntua.gr/resource/paymentAgents/800287309","http://www.w3.org/2002/07/owl#sameAs","http://el.dbpedia.org/resource/Δήμος_Σουφλίου"
"http://publicspending.medialab.ntua.gr/resource/paymentAgents/099217841","http://www.w3.org/2002/07/owl#sameAs","http://el.dbpedia.org/resource/Δήμος_Σοφάδων"
"http://publicspending.medialab.ntua.gr/resource/paymentAgents/997892229","http://www.w3.org/2002/07/owl#sameAs","http://el.dbpedia.org/resource/Δήμος_Σπάρτης"
"http://publicspending.medialab.ntua.gr/resource/paymentAgents/997606740","http://www.w3.org/2002/07/owl#sameAs","http://el.dbpedia.org/resource/Δήμος_Σπάτων_-_Αρτέμιδος"
"http://publicspending.medialab.ntua.gr/resource/paymentAgents/090099540","http://www.w3.org/2002/07/owl#sameAs","http://el.dbpedia.org/resource/Δήμος_Σπετσών"
"http://publicspending.medialab.ntua.gr/resource/paymentAgents/800297211","http://www.w3.org/2002/07/owl#sameAs","http://el.dbpedia.org/resource/Δήμος_Στυλίδας"
"http://publicspending.medialab.ntua.gr/resource/paymentAgents/090001183","http://www.w3.org/2002/07/owl#sameAs","http://el.dbpedia.org/resource/Δήμος_Σύμης"
"http://publicspending.medialab.ntua.gr/resource/paymentAgents/998225756","http://www.w3.org/2002/07/owl#sameAs","http://el.dbpedia.org/resource/Δήμος_Σύρου_-_Ερμούπολης"
"http://publicspending.medialab.ntua.gr/resource/paymentAgents/090326727","http://www.w3.org/2002/07/owl#sameAs","http://el.dbpedia.org/resource/Δήμος_Σφακίων"
"http://publicspending.medialab.ntua.gr/resource/paymentAgents/997597228","http://www.w3.org/2002/07/owl#sameAs","http://el.dbpedia.org/resource/Δήμος_Τανάγρας"
"http://publicspending.medialab.ntua.gr/resource/paymentAgents/998019463","http://www.w3.org/2002/07/owl#sameAs","http://el.dbpedia.org/resource/Δήμος_Τεμπών"
"http://publicspending.medialab.ntua.gr/resource/paymentAgents/090220343","http://www.w3.org/2002/07/owl#sameAs","http://el.dbpedia.org/resource/Δήμος_Τήλου"
"http://publicspending.medialab.ntua.gr/resource/paymentAgents/800302968","http://www.w3.org/2002/07/owl#sameAs","http://el.dbpedia.org/resource/Δήμος_Τήνου"
"http://publicspending.medialab.ntua.gr/resource/paymentAgents/090379296","http://www.w3.org/2002/07/owl#sameAs","http://el.dbpedia.org/resource/Δήμος_Τοπείρου"
"http://publicspending.medialab.ntua.gr/resource/paymentAgents/997830264","http://www.w3.org/2002/07/owl#sameAs","http://el.dbpedia.org/resource/Δήμος_Τρικκαίων"
"http://publicspending.medialab.ntua.gr/resource/paymentAgents/998037407","http://www.w3.org/2002/07/owl#sameAs","http://el.dbpedia.org/resource/Δήμος_Τρίπολης"
"http://publicspending.medialab.ntua.gr/resource/paymentAgents/800173110","http://www.w3.org/2002/07/owl#sameAs","http://el.dbpedia.org/resource/Δήμος_Τριφυλίας"
"http://publicspending.medialab.ntua.gr/resource/paymentAgents/998257963","http://www.w3.org/2002/07/owl#sameAs","http://el.dbpedia.org/resource/Δήμος_Τροιζηνίας"
"http://publicspending.medialab.ntua.gr/resource/paymentAgents/998576300","http://www.w3.org/2002/07/owl#sameAs","http://el.dbpedia.org/resource/Δήμος_Τυρνάβου"
"http://publicspending.medialab.ntua.gr/resource/paymentAgents/090120750","http://www.w3.org/2002/07/owl#sameAs","http://el.dbpedia.org/resource/Ύδρα#Δήμος_Ύδρας"
"http://publicspending.medialab.ntua.gr/resource/paymentAgents/999174227","http://www.w3.org/2002/07/owl#sameAs","http://el.dbpedia.org/resource/Δήμος_Φαιστού"
"http://publicspending.medialab.ntua.gr/resource/paymentAgents/998698756","http://www.w3.org/2002/07/owl#sameAs","http://el.dbpedia.org/resource/Δήμος_Φαρκαδόνας"
"http://publicspending.medialab.ntua.gr/resource/paymentAgents/998416991","http://www.w3.org/2002/07/owl#sameAs","http://el.dbpedia.org/resource/Δήμος_Φαρσάλων"
"http://publicspending.medialab.ntua.gr/resource/paymentAgents/997588219","http://www.w3.org/2002/07/owl#sameAs","http://el.dbpedia.org/resource/Δήμος_Φιλαδελφείας_-_Χαλκηδόνος"
"http://publicspending.medialab.ntua.gr/resource/paymentAgents/099628168","http://www.w3.org/2002/07/owl#sameAs","http://el.dbpedia.org/resource/Δήμος_Φιλιατών"
"http://publicspending.medialab.ntua.gr/resource/paymentAgents/997953565","http://www.w3.org/2002/07/owl#sameAs","http://el.dbpedia.org/resource/Δήμος_Φιλοθέης-Ψυχικού"
"http://publicspending.medialab.ntua.gr/resource/paymentAgents/998565702","http://www.w3.org/2002/07/owl#sameAs","http://el.dbpedia.org/resource/Δήμος_Φλώρινας"
"http://publicspending.medialab.ntua.gr/resource/paymentAgents/090382971","http://www.w3.org/2002/07/owl#sameAs","http://el.dbpedia.org/resource/Δήμος_Φολεγάνδρου"
"http://publicspending.medialab.ntua.gr/resource/paymentAgents/090393125","http://www.w3.org/2002/07/owl#sameAs","http://el.dbpedia.org/resource/Δήμος_Φούρνων_Κορσεών"
"http://publicspending.medialab.ntua.gr/resource/paymentAgents/997675481","http://www.w3.org/2002/07/owl#sameAs","http://el.dbpedia.org/resource/Δήμος_Φυλής"
"http://publicspending.medialab.ntua.gr/resource/paymentAgents/090206914","http://www.w3.org/2002/07/owl#sameAs","http://el.dbpedia.org/resource/Χαϊδάρι"
"http://publicspending.medialab.ntua.gr/resource/paymentAgents/090191830","http://www.w3.org/2002/07/owl#sameAs","http://el.dbpedia.org/resource/Χαλάνδρι"
"http://publicspending.medialab.ntua.gr/resource/paymentAgents/997630623","http://www.w3.org/2002/07/owl#sameAs","http://el.dbpedia.org/resource/Δήμος_Χαλκηδόνος"
"http://publicspending.medialab.ntua.gr/resource/paymentAgents/099470059","http://www.w3.org/2002/07/owl#sameAs","http://el.dbpedia.org/resource/Δήμος_Χάλκης"
"http://publicspending.medialab.ntua.gr/resource/paymentAgents/997591353","http://www.w3.org/2002/07/owl#sameAs","http://el.dbpedia.org/resource/Δήμος_Χαλκιδέων"
"http://publicspending.medialab.ntua.gr/resource/paymentAgents/997678759","http://www.w3.org/2002/07/owl#sameAs","http://el.dbpedia.org/resource/Δήμος_Χανίων"
"http://publicspending.medialab.ntua.gr/resource/paymentAgents/997579272","http://www.w3.org/2002/07/owl#sameAs","http://el.dbpedia.org/resource/Δήμος_Χερσονήσου"
"http://publicspending.medialab.ntua.gr/resource/paymentAgents/997895268","http://www.w3.org/2002/07/owl#sameAs","http://el.dbpedia.org/resource/Δήμος_Χίου"
"http://publicspending.medialab.ntua.gr/resource/paymentAgents/090406463","http://www.w3.org/2002/07/owl#sameAs","http://el.dbpedia.org/resource/Δήμος_Ψαρών"
"http://publicspending.medialab.ntua.gr/resource/paymentAgents/997652001","http://www.w3.org/2002/07/owl#sameAs","http://el.dbpedia.org/resource/Δήμος_Ωραιοκάστρου"
"http://publicspending.medialab.ntua.gr/resource/paymentAgents/997690908","http://www.w3.org/2002/07/owl#sameAs","http://el.dbpedia.org/resource/Δήμος_Ωρωπού"
