"http://publicspending.medialab.ntua.gr/resource/paymentAgents/997784913","ΔΗΜΟΣ ΔΟΞΑΤΟΥ",9001,"Δήμος Δοξάτου"
"http://publicspending.medialab.ntua.gr/resource/paymentAgents/090108748","ΔΗΜΟΣ ΚΑΛΑΜΠΑΚΙΟΥ",9001,"Δήμος Δοξάτου"
"http://publicspending.medialab.ntua.gr/resource/paymentAgents/997784894","ΔΗΜΟΣ ΔΡΑΜΑΣ",9002,"Δήμος Δράμας"
"http://publicspending.medialab.ntua.gr/resource/paymentAgents/997784901","ΔΗΜΟΣ ΠΑΡΑΝΕΣΤΙΟΥ",9004,"Δήμος Παρανεστίου"
"http://publicspending.medialab.ntua.gr/resource/paymentAgents/997784882","ΔΗΜΟΣ ΠΡΟΣΟΤΣΑΝΗΣ",9005,"Δήμος Προσοτσάνης"
"http://publicspending.medialab.ntua.gr/resource/paymentAgents/997712303","ΔΗΜΟΣ ΑΛΕΞΑΝΔΡΟΥΠΟΛΗΣ",9006,"Δήμος Αλεξανδρούπολης"
"http://publicspending.medialab.ntua.gr/resource/paymentAgents/090072471","ΔΗΜΟΣ ΑΛΕΞΑΝΔΡΟΥΠΟΛΗΣ",9006,"Δήμος Αλεξανδρούπολης"
"http://publicspending.medialab.ntua.gr/resource/paymentAgents/800107980","ΔΗΜΟΣ ΔΙΔΥΜΟΤΕΙΧΟΥ",9007,"Δήμος Διδυμοτείχου"
"http://publicspending.medialab.ntua.gr/resource/paymentAgents/090217260","ΔΗΜΟΣ ΔΙΔΥΜΟΤΕΙΧΟΥ",9007,"Δήμος Διδυμοτείχου"
"http://publicspending.medialab.ntua.gr/resource/paymentAgents/099308204","ΔΗΜΟΣ ΒΥΣΣΑΣ",9008,"Δήμος Ορεστιάδας"
"http://publicspending.medialab.ntua.gr/resource/paymentAgents/998583210","ΔΗΜΟΣ ΟΡΕΣΤΙΑΔΑΣ",9008,"Δήμος Ορεστιάδας"
"http://publicspending.medialab.ntua.gr/resource/paymentAgents/099308578","ΔΗΜΟΣ ΟΡΕΣΤΙΑΔΟΣ",9008,"Δήμος Ορεστιάδας"
"http://publicspending.medialab.ntua.gr/resource/paymentAgents/090072723","ΔΗΜΟΣ ΣΑΜΟΘΡΑΚΗΣ",9009,"Δήμος Σαμοθράκης"
"http://publicspending.medialab.ntua.gr/resource/paymentAgents/800287309","ΔΗΜΟΣ ΣΟΥΦΛΙΟΥ",9010,"Δήμος Σουφλίου"
"http://publicspending.medialab.ntua.gr/resource/paymentAgents/090086567","ΔΗΜΟΣ ΣΟΥΦΛΙΟΥ",9010,"Δήμος Σουφλίου"
"http://publicspending.medialab.ntua.gr/resource/paymentAgents/997582067","ΔΗΜΟΣ ΚΑΒΑΛΑΣ",9012,"Δήμος Καβάλας"
"http://publicspending.medialab.ntua.gr/resource/paymentAgents/090053708","ΔΗΜΟΣ ΚΑΒΑΛΑΣ",9012,"Δήμος Καβάλας"
"http://publicspending.medialab.ntua.gr/resource/paymentAgents/999198944","ΔΗΜΟΣ ΝΕΣΤΟΥ",9013,"Δήμος Νέστου"
"http://publicspending.medialab.ntua.gr/resource/paymentAgents/090221118","ΔΗΜΟΣ ΕΛΕΥΘ/ΠΟΛΗΣ",9014,"Δήμος Παγγαίου"
"http://publicspending.medialab.ntua.gr/resource/paymentAgents/090408180","ΔΗΜΟΣ ΕΛΕΥΘΕΡΩΝ",9014,"Δήμος Παγγαίου"
"http://publicspending.medialab.ntua.gr/resource/paymentAgents/997732707","ΔΗΜΟΣ ΠΑΓΓΑΙΟΥ",9014,"Δήμος Παγγαίου"
"http://publicspending.medialab.ntua.gr/resource/paymentAgents/997615158","ΔΗΜΟΣ ΑΒΔΗΡΩΝ",9015,"Δήμος Αβδήρων"
"http://publicspending.medialab.ntua.gr/resource/paymentAgents/997615160","ΔΗΜΟΣ ΜΥΚΗΣ",9017,"Δήμος Ξάνθης"
"http://publicspending.medialab.ntua.gr/resource/paymentAgents/997654473","ΔΗΜΟΣ ΞΑΝΘΗΣ",9017,"Δήμος Ξάνθης"
"http://publicspending.medialab.ntua.gr/resource/paymentAgents/090128201","ΔΗΜΟΣ ΞΑΝΘΗΣ",9017,"Δήμος Ξάνθης"
"http://publicspending.medialab.ntua.gr/resource/paymentAgents/090379296","ΔΗΜΟΣ ΤΟΠΕΙΡΟΥ",9018,"Δήμος Τοπείρου"
"http://publicspending.medialab.ntua.gr/resource/paymentAgents/997687953","ΔΗΜΟΣ ΙΑΣΜΟΥ",9020,"Δήμος Ιάσμου"
"http://publicspending.medialab.ntua.gr/resource/paymentAgents/090147160","ΔΗΜΟΣ ΑΙΓΕΙΡΟΥ",9021,"Δήμος Κομοτηνής"
"http://publicspending.medialab.ntua.gr/resource/paymentAgents/997687930","ΔΗΜΟΣ ΚΟΜΟΤΗΝΗΣ",9021,"Δήμος Κομοτηνής"
"http://publicspending.medialab.ntua.gr/resource/paymentAgents/090001054","ΔΗΜΟΣ ΚΟΜΟΤΗΝΗΣ",9021,"Δήμος Κομοτηνής"
"http://publicspending.medialab.ntua.gr/resource/paymentAgents/800281907","ΔΗΜΟΣ ΜΑΡΩΝΕΙΑΣ ΣΑΠΩΝ",9022,"Δήμος Μαρωνείας - Σαπών"
"http://publicspending.medialab.ntua.gr/resource/paymentAgents/997813777","ΔΗΜΟΣ ΑΛΕΞΑΝΔΡΕΙΑΣ",9023,"Δήμος Αλεξάνδρειας"
"http://publicspending.medialab.ntua.gr/resource/paymentAgents/090098462","ΔΗΜΟΣ ΠΛΑΤΕΟΣ Ν ΗΜΑΘΙΑΣ",9023,"Δήμος Αλεξάνδρειας"
"http://publicspending.medialab.ntua.gr/resource/paymentAgents/997973841","ΔΗΜΟΣ ΒΕΡΟΙΑΣ",9024,"Δήμος Βέροιας"
"http://publicspending.medialab.ntua.gr/resource/paymentAgents/090332076","ΔΗΜΟΣ ΒΕΡΟΙΑΣ",9024,"Δήμος Βέροιας"
"http://publicspending.medialab.ntua.gr/resource/paymentAgents/998841450","ΔΗΜΟΣ ΝΑΟΥΣΑΣ",9025,"Δήμος Ηρωικής Πόλεως Νάουσας"
"http://publicspending.medialab.ntua.gr/resource/paymentAgents/090209013","ΔΗΜΟΣ ΑΜΠΕΛΟΚΗΠΩΝ ΘΕΣΣΑΛΟΝΙΚΗΣ",9026,"Δήμος Αμπελοκήπων - Μενεμένης"
"http://publicspending.medialab.ntua.gr/resource/paymentAgents/997742400","ΔΗΜΟΣ ΑΜΠΕΛΟΚΗΠΩΝ ΜΕΝΕΜΕΝΗΣ",9026,"Δήμος Αμπελοκήπων - Μενεμένης"
"http://publicspending.medialab.ntua.gr/resource/paymentAgents/998246635","ΔΗΜΟΣ ΒΟΛΒΗΣ",9027,"Δήμος Βόλβης"
"http://publicspending.medialab.ntua.gr/resource/paymentAgents/090377997","ΔΗΜΟΣ ΡΕΝΤΙΝΑΣ",9027,"Δήμος Βόλβης"
"http://publicspending.medialab.ntua.gr/resource/paymentAgents/997630659","ΔΗΜΟΣ ΔΕΛΤΑ",9028,"Δήμος Δέλτα"
"http://publicspending.medialab.ntua.gr/resource/paymentAgents/090373359","ΔΗΜΟΣ ΕΧΕΔΩΡΟΥ",9028,"Δήμος Δέλτα"
"http://publicspending.medialab.ntua.gr/resource/paymentAgents/997567090","ΔΗΜΟΣ ΘΕΡΜΑΙΚΟΥ",9029,"Δήμος Θερμαϊκού"
"http://publicspending.medialab.ntua.gr/resource/paymentAgents/090246205","ΔΗΜΟΣ ΒΑΣΙΛΙΚΩΝ",9030,"Δήμος Θέρμης"
"http://publicspending.medialab.ntua.gr/resource/paymentAgents/997612550","ΔΗΜΟΣ ΘΕΡΜΗΣ",9030,"Δήμος Θέρμης"
"http://publicspending.medialab.ntua.gr/resource/paymentAgents/090001017","ΔΗΜΟΣ ΘΕΣ/ΝΙΚΗΣ",9031,"Δήμος Θεσσαλονίκης"
"http://publicspending.medialab.ntua.gr/resource/paymentAgents/998082845","ΔΗΜΟΣ ΘΕΣΣΑΛΟΝΙΚΗΣ",9031,"Δήμος Θεσσαλονίκης"
"http://publicspending.medialab.ntua.gr/resource/paymentAgents/090197648","ΔΗΜΟΣ ΤΡΙΑΝΔΡΙΑΣ",9031,"Δήμος Θεσσαλονίκης"
"http://publicspending.medialab.ntua.gr/resource/paymentAgents/090226243","ΔΗΜΟΣ ΚΑΛΑΜΑΡΙΑΣ",9032,"Δήμος Καλαμαριάς"
"http://publicspending.medialab.ntua.gr/resource/paymentAgents/997742450","ΔΗΜΟΣ ΚΟΡΔΕΛΙΟΥ ΕΥΟΣΜΟΥ",9033,"Δήμος Κορδελιού - Ευόσμου"
"http://publicspending.medialab.ntua.gr/resource/paymentAgents/090178751","ΔΗΜΟΣ ΚΑΛΛΙΝΔΟΙΩΝ",9034,"Δήμος Λαγκαδά"
"http://publicspending.medialab.ntua.gr/resource/paymentAgents/998246659","ΔΗΜΟΣ ΛΑΓΚΑΔΑ",9034,"Δήμος Λαγκαδά"
"http://publicspending.medialab.ntua.gr/resource/paymentAgents/090132693","ΔΗΜΟΣ ΣΟΧΟΥ",9034,"Δήμος Λαγκαδά"
"http://publicspending.medialab.ntua.gr/resource/paymentAgents/998502113","ΔΗΜΟΣ ΝΕΑΠΟΛΗΣ ΣΥΚΕΩΝ",9035,"Δήμος Νεάπολης - Συκεών"
"http://publicspending.medialab.ntua.gr/resource/paymentAgents/997989617","ΔΗΜΟΣ ΠΑΥΛΟΥ ΜΕΛΑ",9036,"Δήμος Παύλου Μελά"
"http://publicspending.medialab.ntua.gr/resource/paymentAgents/997612469","ΔΗΜΟΣ ΠΥΛΑΙΑΣ ΧΟΡΤΙΑΤΗ",9037,"Δήμος Πυλαίας - Χορτιάτη"
"http://publicspending.medialab.ntua.gr/resource/paymentAgents/997630623","ΔΗΜΟΣ ΧΑΛΚΗΔΟΝΟΣ",9038,"Δήμος Χαλκηδόνος"
"http://publicspending.medialab.ntua.gr/resource/paymentAgents/997652001","ΔΗΜΟΣ ΩΡΑΙΟΚΑΣΤΡΟΥ",9039,"Δήμος Ωραιοκάστρου"
"http://publicspending.medialab.ntua.gr/resource/paymentAgents/997961749","ΔΗΜΟΣ ΚΙΛΚΙΣ",9040,"Δήμος Κιλκίς"
"http://publicspending.medialab.ntua.gr/resource/paymentAgents/099143130","ΔΗΜΟΣ ΓΟΥΜΕΝΙΣΣΑΣ",9041,"Δήμος Παιονίας"
"http://publicspending.medialab.ntua.gr/resource/paymentAgents/997961713","ΔΗΜΟΣ ΠΑΙΟΝΙΑΣ",9041,"Δήμος Παιονίας"
"http://publicspending.medialab.ntua.gr/resource/paymentAgents/997600077","ΔΗΜΟΣ ΑΛΜΩΠΙΑΣ",9042,"Δήμος Αλμωπίας"
"http://publicspending.medialab.ntua.gr/resource/paymentAgents/998721868","ΔΗΜΟΣ ΕΔΕΣΣΑΣ",9043,"Δήμος Έδεσσας"
"http://publicspending.medialab.ntua.gr/resource/paymentAgents/998010099","ΔΗΜΟΣ ΠΕΛΛΑΣ",9044,"Δήμος Πέλλας"
"http://publicspending.medialab.ntua.gr/resource/paymentAgents/998525359","ΔΗΜΟΣ ΣΚΥΔΡΑΣ",9045,"Δήμος Σκύδρας"
"http://publicspending.medialab.ntua.gr/resource/paymentAgents/997766391","ΔΗΜΟΣ ΔΙΟΥ ΟΛΥΜΠΟΥ",9046,"Δήμος Δίου - Ολύμπου"
"http://publicspending.medialab.ntua.gr/resource/paymentAgents/998066810","ΔΗΜΟΣ ΚΑΤΕΡΙΝΗΣ",9046,"Δήμος Δίου - Ολύμπου"
"http://publicspending.medialab.ntua.gr/resource/paymentAgents/090066685","ΔΗΜΟΣ ΚΑΤΕΡΙΝΗΣ",9046,"Δήμος Δίου - Ολύμπου"
"http://publicspending.medialab.ntua.gr/resource/paymentAgents/090392640","ΔΗΜΟΣ ΛΙΤΟΧΩΡΟΥ",9046,"Δήμος Δίου - Ολύμπου"
"http://publicspending.medialab.ntua.gr/resource/paymentAgents/099607100","ΔΗΜΟΣ ΠΥΔΝΑΣ ΚΟΛΙΝΔΡΟΥ",9048,"Δήμος Πύδνας - Κολινδρού"
"http://publicspending.medialab.ntua.gr/resource/paymentAgents/800246874","ΔΗΜΟΣ ΑΜΦΙΠΟΛΗΣ",9049,"Δήμος Αμφίπολης"
"http://publicspending.medialab.ntua.gr/resource/paymentAgents/998020646","ΔΗΜΟΣ ΒΙΣΑΛΤΙΑΣ",9050,"Δήμος Βισαλτίας"
"http://publicspending.medialab.ntua.gr/resource/paymentAgents/090342788","ΔΗΜΟΣ ΕΜΜΑΝΟΥΗΛ ΠΑΠΑ",9051,"Δήμος Εμμανουήλ Παππά"
"http://publicspending.medialab.ntua.gr/resource/paymentAgents/998979241","ΔΗΜΟΣ ΕΜΜΑΝΟΥΗΛ ΠΑΠΠΑ",9051,"Δήμος Εμμανουήλ Παππά"
"http://publicspending.medialab.ntua.gr/resource/paymentAgents/099211572","ΔΗΜΟΣ ΗΡΑΚΛΕΙΑΣ ΣΕΡΡΩΝ",9052,"Δήμος Ηρακλείας"
"http://publicspending.medialab.ntua.gr/resource/paymentAgents/090199297","ΔΗΜΟΣ ΗΡΑΚΛΕΙΑΣ",9052,"Δήμος Ηρακλείας"
"http://publicspending.medialab.ntua.gr/resource/paymentAgents/800246886","ΔΗΜΟΣ ΝΕΑΣ ΖΙΧΝΗΣ",9053,"Δήμος Νέας Ζίχνης"
"http://publicspending.medialab.ntua.gr/resource/paymentAgents/997657764","ΔΗΜΟΣ ΣΕΡΡΩΝ",9054,"Δήμος Σερρών"
"http://publicspending.medialab.ntua.gr/resource/paymentAgents/090001066","ΔΗΜΟΣ ΣΕΡΡΩΝ",9054,"Δήμος Σερρών"
"http://publicspending.medialab.ntua.gr/resource/paymentAgents/090342881","ΔΗΜΟΣ ΣΚΟΥΤΑΡΕΩΣ",9054,"Δήμος Σερρών"
"http://publicspending.medialab.ntua.gr/resource/paymentAgents/090126729","ΔΗΜΟΣ ΣΙΔΗΡΟΚΑΣΤΡΟΥ",9055,"Δήμος Σιντικής"
"http://publicspending.medialab.ntua.gr/resource/paymentAgents/999420013","ΔΗΜΟΣ ΣΙΝΤΙΚΗΣ",9055,"Δήμος Σιντικής"
"http://publicspending.medialab.ntua.gr/resource/paymentAgents/998744730","ΔΗΜΟΣ ΑΡΙΣΤΟΤΕΛΗ",9056,"Δήμος Αριστοτέλη"
"http://publicspending.medialab.ntua.gr/resource/paymentAgents/090269986","ΔΗΜΟΣ ΣΤΑΓΙΡΩΝ - ΑΚΑΝΘΟΥ",9056,"Δήμος Αριστοτέλη"
"http://publicspending.medialab.ntua.gr/resource/paymentAgents/998204472","ΔΗΜΟΣ ΚΑΣΣΑΝΔΡΑΣ",9057,"Δήμος Κασσάνδρας"
"http://publicspending.medialab.ntua.gr/resource/paymentAgents/090118312","ΔΗΜΟΣ ΚΑΛΛΙΚΡΑΤΕΙΑΣ",9058,"Δήμος Νέας Προποντίδας"
"http://publicspending.medialab.ntua.gr/resource/paymentAgents/090118385","ΔΗΜΟΣ Ν ΜΟΥΔΑΝΙΩΝ",9058,"Δήμος Νέας Προποντίδας"
"http://publicspending.medialab.ntua.gr/resource/paymentAgents/998529948","ΔΗΜΟΣ ΝΕΑΣ ΠΡΟΠΟΝΤΙΔΑΣ",9058,"Δήμος Νέας Προποντίδας"
"http://publicspending.medialab.ntua.gr/resource/paymentAgents/998493345","ΔΗΜΟΣ ΠΟΛΥΓΥΡΟΥ",9059,"Δήμος Πολυγύρου"
"http://publicspending.medialab.ntua.gr/resource/paymentAgents/090059817","ΔΗΜΟΣ ΠΟΛΥΓΥΡΟΥ",9059,"Δήμος Πολυγύρου"
"http://publicspending.medialab.ntua.gr/resource/paymentAgents/998493357","ΔΗΜΟΣ ΣΙΘΩΝΙΑΣ",9060,"Δήμος Σιθωνίας"
"http://publicspending.medialab.ntua.gr/resource/paymentAgents/099146284","ΔΗΜΟΣ ΣΙΘΩΝΙΑΣ",9060,"Δήμος Σιθωνίας"
"http://publicspending.medialab.ntua.gr/resource/paymentAgents/997921832","ΔΗΜΟΣ ΓΡΕΒΕΝΩΝ",9061,"Δήμος Γρεβενών"
"http://publicspending.medialab.ntua.gr/resource/paymentAgents/099573325","ΔΗΜΟΣ ΔΕΣΚΑΤΗΣ",9062,"Δήμος Δεσκάτης"
"http://publicspending.medialab.ntua.gr/resource/paymentAgents/090368454","ΔΗΜΟΣ ΑΚΡΙΤΩΝ",9063,"Δήμος Καστοριάς"
"http://publicspending.medialab.ntua.gr/resource/paymentAgents/099221159","ΔΗΜΟΣ ΒΙΤΣΙΟΥ",9063,"Δήμος Καστοριάς"
"http://publicspending.medialab.ntua.gr/resource/paymentAgents/997840976","ΔΗΜΟΣ ΚΑΣΤΟΡΙΑΣ",9063,"Δήμος Καστοριάς"
"http://publicspending.medialab.ntua.gr/resource/paymentAgents/090304201","ΔΗΜΟΣ ΚΑΣΤΟΡΙΑΣ",9063,"Δήμος Καστοριάς"
"http://publicspending.medialab.ntua.gr/resource/paymentAgents/090108484","ΔΗΜΟΣ ΚΛΕΙΣΟΥΡΑΣ",9063,"Δήμος Καστοριάς"
"http://publicspending.medialab.ntua.gr/resource/paymentAgents/099222170","ΔΗΜΟΣ ΚΟΡΕΣΤΕΙΩΝ",9063,"Δήμος Καστοριάς"
"http://publicspending.medialab.ntua.gr/resource/paymentAgents/099222168","ΔΗΜΟΣ ΜΑΚΕΔΝΩΝ",9063,"Δήμος Καστοριάς"
"http://publicspending.medialab.ntua.gr/resource/paymentAgents/800255883","ΔΗΜΟΣ ΝΕΣΤΟΡΙΟΥ",9064,"Δήμος Νεστορίου"
"http://publicspending.medialab.ntua.gr/resource/paymentAgents/090352493","ΔΗΜΟΣ ΝΕΣΤΟΡΙΟΥ",9064,"Δήμος Νεστορίου"
"http://publicspending.medialab.ntua.gr/resource/paymentAgents/090255785","ΔΗΜΟΣ ΑΡΓΟΥΣ ΟΡΕΣΤΙΚΟΥ",9065,"Δήμος Ορεστίδος"
"http://publicspending.medialab.ntua.gr/resource/paymentAgents/099293106","ΔΗΜΟΣ ΙΩΝΟΣ ΔΡΑΓΟΥΜΗ",9065,"Δήμος Ορεστίδος"
"http://publicspending.medialab.ntua.gr/resource/paymentAgents/099295879","ΔΗΜΟΣ ΟΡΕΣΤΙΔΟΣ",9065,"Δήμος Ορεστίδος"
"http://publicspending.medialab.ntua.gr/resource/paymentAgents/998059393","ΔΗΜΟΣ ΒΟΙΟΥ",9066,"Δήμος Βοΐου"
"http://publicspending.medialab.ntua.gr/resource/paymentAgents/090223369","ΔΗΜΟΣ ΣΙΑΤΙΣΤΑΣ",9066,"Δήμος Βοΐου"
"http://publicspending.medialab.ntua.gr/resource/paymentAgents/998054361","ΔΗΜΟΣ ΕΟΡΔΑΙΑΣ",9067,"Δήμος Εορδαίας"
"http://publicspending.medialab.ntua.gr/resource/paymentAgents/997769577","ΔΗΜΟΣ ΚΟΖΑΝΗΣ",9068,"Δήμος Κοζάνης"
"http://publicspending.medialab.ntua.gr/resource/paymentAgents/099578449","ΔΗΜΟΣ ΒΕΛΒΕΝΤΟΥ",9069,"Δήμος Σερβίων - Βελβεντού"
"http://publicspending.medialab.ntua.gr/resource/paymentAgents/090397290","ΔΗΜΟΣ ΚΑΜΒΟΥΝΙΩΝ",9069,"Δήμος Σερβίων - Βελβεντού"
"http://publicspending.medialab.ntua.gr/resource/paymentAgents/099580746","ΔΗΜΟΣ ΣΕΡΒΙΩΝ ΒΕΛΒΕΝΤΟΥ",9069,"Δήμος Σερβίων - Βελβεντού"
"http://publicspending.medialab.ntua.gr/resource/paymentAgents/090097809","ΔΗΜΟΣ ΣΕΡΒΙΩΝ",9069,"Δήμος Σερβίων - Βελβεντού"
"http://publicspending.medialab.ntua.gr/resource/paymentAgents/999108285","ΔΗΜΟΣ ΑΜΥΝΤΑΙΟΥ",9070,"Δήμος Αμυνταίου"
"http://publicspending.medialab.ntua.gr/resource/paymentAgents/090052982","ΔΗΜΟΣ ΑΜΥΝΤΑΙΟΥ",9070,"Δήμος Αμυνταίου"
"http://publicspending.medialab.ntua.gr/resource/paymentAgents/998565714","ΔΗΜΟΣ ΠΡΕΣΠΩΝ",9071,"Δήμος Πρεσπών"
"http://publicspending.medialab.ntua.gr/resource/paymentAgents/998565702","ΔΗΜΟΣ ΦΛΩΡΙΝΑΣ",9072,"Δήμος Φλώρινας"
"http://publicspending.medialab.ntua.gr/resource/paymentAgents/090053364","ΔΗΜΟΣ ΦΛΩΡΙΝΑΣ",9072,"Δήμος Φλώρινας"
"http://publicspending.medialab.ntua.gr/resource/paymentAgents/090370401","ΔΗΜΟΣ ΑΜΒΡΑΚΙΚΟΥ",9073,"Δήμος Αρταίων"
"http://publicspending.medialab.ntua.gr/resource/paymentAgents/997681820","ΔΗΜΟΣ ΑΡΤΑΙΩΝ",9073,"Δήμος Αρταίων"
"http://publicspending.medialab.ntua.gr/resource/paymentAgents/099229170","ΔΗΜΟΣ ΖΗΡΟΥ",9073,"Δήμος Αρταίων"
"http://publicspending.medialab.ntua.gr/resource/paymentAgents/997681832","ΔΗΜΟΣ ΓΕΩΡΓΙΟΥ ΚΑΡΑΙΣΚΑΚΗ",9074,"Δήμος Γεωργίου Καραϊσκάκη"
"http://publicspending.medialab.ntua.gr/resource/paymentAgents/997681807","ΔΗΜΟΣ ΚΕΝΤΡΙΚΩΝ ΤΖΟΥΜΕΡΚΩΝ",9075,"Δήμος Κεντρικών Τζουμέρκων"
"http://publicspending.medialab.ntua.gr/resource/paymentAgents/997681819","ΔΗΜΟΣ ΝΙΚΟΛΑΟΥ ΣΚΟΥΦΑ",9076,"Δήμος Νικολάου Σκουφά"
"http://publicspending.medialab.ntua.gr/resource/paymentAgents/997925241","ΔΗΜΟΣ ΗΓΟΥΜΕΝΙΤΣΑΣ",9077,"Δήμος Ηγουμενίτσας"
"http://publicspending.medialab.ntua.gr/resource/paymentAgents/099631382","ΔΗΜΟΣ ΣΟΥΛΙΟΥ",9078,"Δήμος Σουλίου"
"http://publicspending.medialab.ntua.gr/resource/paymentAgents/099628168","ΔΗΜΟΣ ΦΙΛΙΑΤΩΝ",9079,"Δήμος Φιλιατών"
"http://publicspending.medialab.ntua.gr/resource/paymentAgents/090231763","ΔΗΜΟΣ ΦΙΛΙΑΤΩΝ",9079,"Δήμος Φιλιατών"
"http://publicspending.medialab.ntua.gr/resource/paymentAgents/997854446","ΔΗΜΟΣ ΒΟΡΕΙΩΝ ΤΖΟΥΜΕΡΚΩΝ",9080,"Δήμος Βορείων Τζουμέρκων"
"http://publicspending.medialab.ntua.gr/resource/paymentAgents/099533051","ΔΗΜΟΣ ΑΝΑΤΟΛΗΣ ΙΩΑΝΝΙΝΩΝ",9081,"Δήμος Δωδώνης"
"http://publicspending.medialab.ntua.gr/resource/paymentAgents/099533099","ΔΗΜΟΣ ΑΝΑΤΟΛΙΚΟΥ ΖΑΓΟΡΙΟΥ",9081,"Δήμος Δωδώνης"
"http://publicspending.medialab.ntua.gr/resource/paymentAgents/997854471","ΔΗΜΟΣ ΔΩΔΩΝΗΣ",9081,"Δήμος Δωδώνης"
"http://publicspending.medialab.ntua.gr/resource/paymentAgents/090382319","ΔΗΜΟΣ ΔΩΔΩΝΗΣ",9081,"Δήμος Δωδώνης"
"http://publicspending.medialab.ntua.gr/resource/paymentAgents/997854502","ΔΗΜΟΣ ΖΙΤΣΑΣ",9081,"Δήμος Δωδώνης"
"http://publicspending.medialab.ntua.gr/resource/paymentAgents/090373300","ΔΗΜΟΣ ΛΑΚΚΑΣ ΣΟΥΛΙΟΥ",9081,"Δήμος Δωδώνης"
"http://publicspending.medialab.ntua.gr/resource/paymentAgents/090373175","ΔΗΜΟΣ ΠΑΜΒΩΤΙΔΟΣ",9081,"Δήμος Δωδώνης"
"http://publicspending.medialab.ntua.gr/resource/paymentAgents/090382240","ΔΗΜΟΣ ΠΕΡΑΜΑΤΟΣ ΙΩΑΝΝΙΝΩΝ",9081,"Δήμος Δωδώνης"
"http://publicspending.medialab.ntua.gr/resource/paymentAgents/997854483","ΔΗΜΟΣ ΖΑΓΟΡΙΟΥ",9082,"Δήμος Ζαγορίου"
"http://publicspending.medialab.ntua.gr/resource/paymentAgents/997908926","ΔΗΜΟΣ ΙΩΑΝΝΙΤΩΝ",9084,"Δήμος Ιωαννιτών"
"http://publicspending.medialab.ntua.gr/resource/paymentAgents/090297997","ΔΗΜΟΣ ΙΩΑΝΝΙΤΩΝ",9084,"Δήμος Ιωαννιτών"
"http://publicspending.medialab.ntua.gr/resource/paymentAgents/800161749","ΔΗΜΟΣ ΚΟΝΙΤΣΑΣ",9085,"Δήμος Κόνιτσας"
"http://publicspending.medialab.ntua.gr/resource/paymentAgents/090347700","ΔΗΜΟΣ ΚΟΝΙΤΣΑΣ",9085,"Δήμος Κόνιτσας"
"http://publicspending.medialab.ntua.gr/resource/paymentAgents/800220963","ΔΗΜΟΣ ΜΕΤΣΟΒΟΥ",9086,"Δήμος Μετσόβου"
"http://publicspending.medialab.ntua.gr/resource/paymentAgents/090210097","ΔΗΜΟΣ ΜΕΤΣΟΒΟΥ",9086,"Δήμος Μετσόβου"
"http://publicspending.medialab.ntua.gr/resource/paymentAgents/090373279","ΔΗΜΟΣ ΑΝΩ ΠΩΓΩΝΙΟΥ",9087,"Δήμος Πωγωνίου"
"http://publicspending.medialab.ntua.gr/resource/paymentAgents/997854458","ΔΗΜΟΣ ΠΩΓΩΝΙΟΥ",9087,"Δήμος Πωγωνίου"
"http://publicspending.medialab.ntua.gr/resource/paymentAgents/997963210","ΔΗΜΟΣ ΠΑΡΓΑΣ",9089,"Δήμος Πάργας"
"http://publicspending.medialab.ntua.gr/resource/paymentAgents/997861879","ΔΗΜΟΣ ΠΡΕΒΕΖΑΣ",9090,"Δήμος Πρέβεζας"
"http://publicspending.medialab.ntua.gr/resource/paymentAgents/090337220","ΔΗΜΟΣ ΠΡΕΒΕΖΑΣ",9090,"Δήμος Πρέβεζας"
"http://publicspending.medialab.ntua.gr/resource/paymentAgents/997648454","ΔΗΜΟΣ ΚΑΡΔΙΤΣΑΣ",9092,"Δήμος Καρδίτσας"
"http://publicspending.medialab.ntua.gr/resource/paymentAgents/090000997","ΔΗΜΟΣ ΚΑΡΔΙΤΣΗΣ",9092,"Δήμος Καρδίτσας"
"http://publicspending.medialab.ntua.gr/resource/paymentAgents/997648480","ΔΗΜΟΣ ΛΙΜΝΗΣ ΠΛΑΣΤΗΡΑ",9093,"Δήμος Λίμνης Πλαστήρα"
"http://publicspending.medialab.ntua.gr/resource/paymentAgents/800231941","ΔΗΜΟΣ ΜΟΥΖΑΚΙΟΥ",9094,"Δήμος Μουζακίου"
"http://publicspending.medialab.ntua.gr/resource/paymentAgents/998608743","ΔΗΜΟΣ ΠΑΛΑΜΑ",9095,"Δήμος Παλαμά"
"http://publicspending.medialab.ntua.gr/resource/paymentAgents/090189452","ΔΗΜΟΣ ΠΑΛΑΜΑ",9095,"Δήμος Παλαμά"
"http://publicspending.medialab.ntua.gr/resource/paymentAgents/099217841","ΔΗΜΟΣ ΣΟΦΑΔΩΝ",9096,"Δήμος Σοφάδων"
"http://publicspending.medialab.ntua.gr/resource/paymentAgents/099711740","ΔΗΜΟΣ ΑΓΙΑΣ",9097,"Δήμος Αγιάς"
"http://publicspending.medialab.ntua.gr/resource/paymentAgents/999254983","ΔΗΜΟΣ ΕΛΑΣΣΟΝΑΣ",9098,"Δήμος Ελασσόνας"
"http://publicspending.medialab.ntua.gr/resource/paymentAgents/099276367","ΔΗΜΟΣ ΓΙΑΝΝΟΥΛΗΣ",9099,"Δήμος Κιλελέρ"
"http://publicspending.medialab.ntua.gr/resource/paymentAgents/998223751","ΔΗΜΟΣ ΚΙΛΕΛΕΡ",9099,"Δήμος Κιλελέρ"
"http://publicspending.medialab.ntua.gr/resource/paymentAgents/099422025","ΔΗΜΟΣ ΚΙΛΕΛΕΡ",9099,"Δήμος Κιλελέρ"
"http://publicspending.medialab.ntua.gr/resource/paymentAgents/099422062","ΔΗΜΟΣ ΚΡΑΝΝΩΝΑ",9099,"Δήμος Κιλελέρ"
"http://publicspending.medialab.ntua.gr/resource/paymentAgents/099276644","ΔΗΜΟΣ ΠΛΑΤΥΚΑΜΠΟΥ Ν. ΛΑΡΙΣΑΣ",9099,"Δήμος Κιλελέρ"
"http://publicspending.medialab.ntua.gr/resource/paymentAgents/997844860","ΔΗΜΟΣ ΛΑΡΙΣΑΙΩΝ",9100,"Δήμος Λαρισαίων"
"http://publicspending.medialab.ntua.gr/resource/paymentAgents/090001331","ΔΗΜΟΣ ΛΑΡΙΣΗΣ",9100,"Δήμος Λαρισαίων"
"http://publicspending.medialab.ntua.gr/resource/paymentAgents/998019463","ΔΗΜΟΣ ΤΕΜΠΩΝ",9101,"Δήμος Τεμπών"
"http://publicspending.medialab.ntua.gr/resource/paymentAgents/998576300","ΔΗΜΟΣ ΤΥΡΝΑΒΟΥ",9102,"Δήμος Τυρνάβου"
"http://publicspending.medialab.ntua.gr/resource/paymentAgents/099137066","ΔΗΜΟΣ ΕΝΙΠΠΕΑ",9103,"Δήμος Φαρσάλων"
"http://publicspending.medialab.ntua.gr/resource/paymentAgents/099137318","ΔΗΜΟΣ ΠΟΛΥΔΑΜΑΝΤΑ",9103,"Δήμος Φαρσάλων"
"http://publicspending.medialab.ntua.gr/resource/paymentAgents/998416991","ΔΗΜΟΣ ΦΑΡΣΑΛΩΝ",9103,"Δήμος Φαρσάλων"
"http://publicspending.medialab.ntua.gr/resource/paymentAgents/099137202","ΔΗΜΟΣ ΦΑΡΣΑΛΩΝ",9103,"Δήμος Φαρσάλων"
"http://publicspending.medialab.ntua.gr/resource/paymentAgents/998230533","ΔΗΜΟΣ ΑΛΜΥΡΟΥ",9104,"Δήμος Αλμυρού"
"http://publicspending.medialab.ntua.gr/resource/paymentAgents/099218167","ΔΗΜΟΣ ΠΤΕΛΕΟΥ",9104,"Δήμος Αλμυρού"
"http://publicspending.medialab.ntua.gr/resource/paymentAgents/997898793","ΔΗΜΟΣ ΒΟΛΟΥ",9105,"Δήμος Βόλου"
"http://publicspending.medialab.ntua.gr/resource/paymentAgents/090001343","ΔΗΜΟΣ ΒΟΛΟΥ",9105,"Δήμος Βόλου"
"http://publicspending.medialab.ntua.gr/resource/paymentAgents/090370498","ΔΗΜΟΣ ΝΕΑΣ ΑΓΧΙΑΛΟΥ",9105,"Δήμος Βόλου"
"http://publicspending.medialab.ntua.gr/resource/paymentAgents/997898781","ΔΗΜΟΣ ΖΑΓΟΡΑΣ ΜΟΥΡΕΣΙΟΥ",9106,"Δήμος Ζαγοράς - Μουρεσίου"
"http://publicspending.medialab.ntua.gr/resource/paymentAgents/997898770","ΔΗΜΟΣ ΝΟΤΙΟΥ ΠΗΛΙΟΥ",9107,"Δήμος Νοτίου Πηλίου"
"http://publicspending.medialab.ntua.gr/resource/paymentAgents/997708302","ΔΗΜΟΣ ΡΗΓΑ ΦΕΡΑΙΟΥ",9108,"Δήμος Ρήγα Φεραίου"
"http://publicspending.medialab.ntua.gr/resource/paymentAgents/090101041","ΔΗΜΟΣ ΑΛΟΝΗΣΣΟΥ",9109,"Δήμος Αλοννήσου"
"http://publicspending.medialab.ntua.gr/resource/paymentAgents/090122675","ΔΗΜΟΣ ΣΚΙΑΘΟΥ",9110,"Δήμος Σκιάθου"
"http://publicspending.medialab.ntua.gr/resource/paymentAgents/998753608","ΔΗΜΟΣ ΚΑΛΑΜΠΑΚΑΣ",9112,"Δήμος Καλαμπάκας"
"http://publicspending.medialab.ntua.gr/resource/paymentAgents/090283599","ΔΗΜΟΣ ΚΑΛΑΜΠΑΚΑΣ",9112,"Δήμος Καλαμπάκας"
"http://publicspending.medialab.ntua.gr/resource/paymentAgents/998284560","ΔΗΜΟΣ ΠΥΛΗΣ",9113,"Δήμος Πύλης"
"http://publicspending.medialab.ntua.gr/resource/paymentAgents/997830264","ΔΗΜΟΣ ΤΡΙΚΚΑΙΩΝ",9114,"Δήμος Τρικκαίων"
"http://publicspending.medialab.ntua.gr/resource/paymentAgents/090106675","ΔΗΜΟΣ ΤΡΙΚΚΑΙΩΝ",9114,"Δήμος Τρικκαίων"
"http://publicspending.medialab.ntua.gr/resource/paymentAgents/998698756","ΔΗΜΟΣ ΦΑΡΚΑΔΟΝΑΣ",9115,"Δήμος Φαρκαδόνας"
"http://publicspending.medialab.ntua.gr/resource/paymentAgents/998199586","ΔΗΜΟΣ ΖΑΚΥΝΘΟΥ",9116,"Δήμος Ζακυνθίων"
"http://publicspending.medialab.ntua.gr/resource/paymentAgents/090125733","ΔΗΜΟΣ ΙΘΑΚΗΣ",9117,"Δήμος Ιθάκης"
"http://publicspending.medialab.ntua.gr/resource/paymentAgents/997913727","ΔΗΜΟΣ ΚΕΡΚΥΡΑΣ",9118,"Δήμος Κέρκυρας"
"http://publicspending.medialab.ntua.gr/resource/paymentAgents/090114939","ΔΗΜΟΣ ΠΑΞΩΝ",9119,"Δήμος Παξών"
"http://publicspending.medialab.ntua.gr/resource/paymentAgents/997627133","ΔΗΜΟΣ ΚΕΦΑΛΛΟΝΙΑΣ",9120,"Δήμος Κεφαλλονιάς"
"http://publicspending.medialab.ntua.gr/resource/paymentAgents/090092783","ΔΗΜΟΣ ΠΑΛΙΚΗΣ",9120,"Δήμος Κεφαλλονιάς"
"http://publicspending.medialab.ntua.gr/resource/paymentAgents/997916281","ΔΗΜΟΣ ΛΕΥΚΑΔΑΣ",9121,"Δήμος Λευκάδας"
"http://publicspending.medialab.ntua.gr/resource/paymentAgents/090134766","ΔΗΜΟΣ ΛΕΥΚΑΔΑΣ",9121,"Δήμος Λευκάδας"
"http://publicspending.medialab.ntua.gr/resource/paymentAgents/090134594","ΔΗΜΟΣ ΜΕΓΑΝΗΣΙΟΥ",9122,"Δήμος Μεγανησίου"
"http://publicspending.medialab.ntua.gr/resource/paymentAgents/997699780","ΔΗΜΟΣ ΑΓΡΙΝΙΟΥ",9123,"Δήμος Αγρινίου"
"http://publicspending.medialab.ntua.gr/resource/paymentAgents/099202692","ΔΗΜΟΣ ΑΚΤΙΟΥ ΒΟΝΙΤΣΑΣ",9124,"Δήμος Ακτίου - Βόνιτσας"
"http://publicspending.medialab.ntua.gr/resource/paymentAgents/099200035","ΔΗΜΟΣ ΑΝΑΚΤΟΡΙΟΥ",9124,"Δήμος Ακτίου - Βόνιτσας"
"http://publicspending.medialab.ntua.gr/resource/paymentAgents/099200190","ΔΗΜΟΣ ΠΑΛΑΙΡΟΥ",9124,"Δήμος Ακτίου - Βόνιτσας"
"http://publicspending.medialab.ntua.gr/resource/paymentAgents/998786086","ΔΗΜΟΣ ΑΜΦΙΛΟΧΙΑΣ",9125,"Δήμος Αμφιλοχίας"
"http://publicspending.medialab.ntua.gr/resource/paymentAgents/090134385","ΔΗΜΟΣ ΘΕΡΜΟΥ",9126,"Δήμος Θέρμου"
"http://publicspending.medialab.ntua.gr/resource/paymentAgents/998505846","ΔΗΜΟΣ ΙΕΡΑΣ ΠΟΛΗΣ ΜΕΣΟΛΟΓΓΙΟΥ",9127,"Δήμος Ιερά Πόλεως Μεσολογγίου"
"http://publicspending.medialab.ntua.gr/resource/paymentAgents/090373071","ΔΗΜΟΣ ΑΠΟΔΟΤΙΑΣ",9128,"Δήμος Ναυπακτίας"
"http://publicspending.medialab.ntua.gr/resource/paymentAgents/998517151","ΔΗΜΟΣ ΝΑΥΠΑΚΤΙΑΣ",9128,"Δήμος Ναυπακτίας"
"http://publicspending.medialab.ntua.gr/resource/paymentAgents/800262468","ΔΗΜΟΣ ΞΥΛΟΚΑΣΤΡΟΥ ΕΥΡΩΣΤΙΝΗΣ",9129,"Δήμος Ξηρομέρου"
"http://publicspending.medialab.ntua.gr/resource/paymentAgents/997934121","ΔΗΜΟΣ ΑΙΓΙΑΛΕΙΑΣ",9130,"Δήμος Αιγιαλείας"
"http://publicspending.medialab.ntua.gr/resource/paymentAgents/090001306","ΔΗΜΟΣ ΑΙΓΙΟΥ",9130,"Δήμος Αιγιαλείας"
"http://publicspending.medialab.ntua.gr/resource/paymentAgents/099272830","ΔΗΜΟΣ ΔΙΑΚΟΠΤΟΥ",9130,"Δήμος Αιγιαλείας"
"http://publicspending.medialab.ntua.gr/resource/paymentAgents/998751013","ΔΗΜΟΣ ΔΥΤΙΚΗΣ ΑΧΑΙΑΣ",9131,"Δήμος Δυτικής Αχαΐας"
"http://publicspending.medialab.ntua.gr/resource/paymentAgents/997748035","ΔΗΜΟΣ ΕΡΥΜΑΝΘΟΥ",9132,"Δήμος Ερυμάνθου"
"http://publicspending.medialab.ntua.gr/resource/paymentAgents/800141173","ΔΗΜΟΣ ΚΑΛΑΒΡΥΤΩΝ",9133,"Δήμος Καλαβρύτων"
"http://publicspending.medialab.ntua.gr/resource/paymentAgents/997992450","ΔΗΜΟΣ ΠΑΤΡΕΩΝ",9134,"Δήμος Πατρέων"
"http://publicspending.medialab.ntua.gr/resource/paymentAgents/090001318","ΔΗΜΟΣ ΠΑΤΡΕΩΝ",9134,"Δήμος Πατρέων"
"http://publicspending.medialab.ntua.gr/resource/paymentAgents/099154390","ΔΗΜΟΣ ΑΝΔΡΑΒΙΔΑΣ ΚΥΛΛΗΝΗΣ",9135,"Δήμος Ανδραβίδας - Κυλλήνης"
"http://publicspending.medialab.ntua.gr/resource/paymentAgents/800166075","ΔΗΜΟΣ ΑΝΔΡΙΤΣΑΙΝΑΣ ΚΡΕΣΤΕΝΩΝ",9136,"Δήμος Ανδρίτσαινας - Κρεστένων"
"http://publicspending.medialab.ntua.gr/resource/paymentAgents/090282892","ΔΗΜΟΣ ΣΚΙΛΛΟΥΝΤΟΣ",9136,"Δήμος Ανδρίτσαινας - Κρεστένων"
"http://publicspending.medialab.ntua.gr/resource/paymentAgents/997851051","ΔΗΜΟΣ ΑΡΧΑΙΑΣ ΟΛΥΜΠΙΑΣ",9137,"Δήμος Αρχαίας Ολυμπίας"
"http://publicspending.medialab.ntua.gr/resource/paymentAgents/099161251","ΔΗΜΟΣ ΛΑΜΠΕΙΑΣ",9137,"Δήμος Αρχαίας Ολυμπίας"
"http://publicspending.medialab.ntua.gr/resource/paymentAgents/099161331","ΔΗΜΟΣ ΛΑΣΙΩΝΟΣ",9137,"Δήμος Αρχαίας Ολυμπίας"
"http://publicspending.medialab.ntua.gr/resource/paymentAgents/800121230","ΔΗΜΟΣ ΖΑΧΑΡΩΣ",9138,"Δήμος Ζαχάρως"
"http://publicspending.medialab.ntua.gr/resource/paymentAgents/800064187","ΔΗΜΟΣ ΗΛΙΔΑΣ",9139,"Δήμος Ήλιδας"
"http://publicspending.medialab.ntua.gr/resource/paymentAgents/090385727","ΔΗΜΟΣ ΠΗΝΕΙΑΣ",9139,"Δήμος Ήλιδας"
"http://publicspending.medialab.ntua.gr/resource/paymentAgents/099663921","ΔΗΜΟΣ ΠΗΝΕΙΟΥ",9140,"Δήμος Πηνειού"
"http://publicspending.medialab.ntua.gr/resource/paymentAgents/997851040","ΔΗΜΟΣ ΠΥΡΓΟΥ",9141,"Δήμος Πύργου"
"http://publicspending.medialab.ntua.gr/resource/paymentAgents/998016252","ΔΗΜΟΣ ΑΛΙΑΡΤΟΥ",9142,"Δήμος Αλιάρτου"
"http://publicspending.medialab.ntua.gr/resource/paymentAgents/998016264","ΔΗΜΟΣ ΔΙΣΤΟΜΟΥ ΑΡΑΧΟΒΑΣ ΑΝΤΙΚΥΡΑΣ",9143,"Δήμος Διστόμου-Αράχοβας - Αντίκυρας"
"http://publicspending.medialab.ntua.gr/resource/paymentAgents/998016227","ΔΗΜΟΣ ΛΕΒΑΔΕΩΝ",9145,"Δήμος Λεβαδέων"
"http://publicspending.medialab.ntua.gr/resource/paymentAgents/997597230","ΔΗΜΟΣ ΘΗΒΑΙΩΝ",9146,"Δήμος Ορχομενού"
"http://publicspending.medialab.ntua.gr/resource/paymentAgents/998016240","ΔΗΜΟΣ ΟΡΧΟΜΕΝΟΥ",9146,"Δήμος Ορχομενού"
"http://publicspending.medialab.ntua.gr/resource/paymentAgents/090322231","ΔΗΜΟΣ ΟΙΝΟΦΥΤΩΝ",9147,"Δήμος Τανάγρας"
"http://publicspending.medialab.ntua.gr/resource/paymentAgents/997597228","ΔΗΜΟΣ ΤΑΝΑΓΡΑΣ",9147,"Δήμος Τανάγρας"
"http://publicspending.medialab.ntua.gr/resource/paymentAgents/997591330","ΔΗΜΟΣ ΔΙΡΦΥΩΝ ΜΕΣΣΑΠΙΩΝ",9148,"Δήμος Διρφύων - Μεσσαπίων"
"http://publicspending.medialab.ntua.gr/resource/paymentAgents/800139036","ΔΗΜΟΣ ΙΣΤΙΑΙΑΣ ΑΙΔΗΨΟΥ",9150,"Δήμος Ιστιαίας - Αιδηψού"
"http://publicspending.medialab.ntua.gr/resource/paymentAgents/090396350","ΔΗΜΟΣ ΙΣΤΙΑΙΑΣ",9150,"Δήμος Ιστιαίας - Αιδηψού"
"http://publicspending.medialab.ntua.gr/resource/paymentAgents/090013944","ΔΗΜΟΣ ΚΑΡΥΣΤΟΥ",9151,"Δήμος Καρύστου"
"http://publicspending.medialab.ntua.gr/resource/paymentAgents/997723692","ΔΗΜΟΣ ΚΥΜΗΣ ΑΛΙΒΕΡΙΟΥ",9152,"Δήμος Κύμης - Αλιβερίου"
"http://publicspending.medialab.ntua.gr/resource/paymentAgents/090183484","ΔΗΜΟΣ ΣΚΥΡΟΥ",9154,"Δήμος Σκύρου"
"http://publicspending.medialab.ntua.gr/resource/paymentAgents/997591353","ΔΗΜΟΣ ΧΑΛΚΙΔΕΩΝ",9155,"Δήμος Χαλκιδέων"
"http://publicspending.medialab.ntua.gr/resource/paymentAgents/090000985","ΔΗΜΟΣ ΧΑΛΚΙΔΕΩΝ",9155,"Δήμος Χαλκιδέων"
"http://publicspending.medialab.ntua.gr/resource/paymentAgents/998895715","ΔΗΜΟΣ ΚΑΡΠΕΝΗΣΙΟΥ",9157,"Δήμος Καρπενησίου"
"http://publicspending.medialab.ntua.gr/resource/paymentAgents/090238727","ΔΗΜΟΣ ΚΑΡΠΕΝΗΣΙΟΥ",9157,"Δήμος Καρπενησίου"
"http://publicspending.medialab.ntua.gr/resource/paymentAgents/800067050","ΔΗΜΟΣ ΑΜΦΙΚΛΕΙΑΣ ΕΛΑΤΕΙΑΣ",9158,"Δήμος Αμφίκλειας - Ελάτειας"
"http://publicspending.medialab.ntua.gr/resource/paymentAgents/090139589","ΔΗΜΟΣ ΑΜΦΙΚΛΕΙΑΣ",9158,"Δήμος Αμφίκλειας - Ελάτειας"
"http://publicspending.medialab.ntua.gr/resource/paymentAgents/800111783","ΔΗΜΟΣ ΔΟΜΟΚΟΥ",9159,"Δήμος Δομοκού"
"http://publicspending.medialab.ntua.gr/resource/paymentAgents/090032565","ΔΗΜΟΣ ΔΟΜΟΚΟΥ",9159,"Δήμος Δομοκού"
"http://publicspending.medialab.ntua.gr/resource/paymentAgents/997947640","ΔΗΜΟΣ ΛΑΜΙΕΩΝ",9160,"Δήμος Λαμιέων"
"http://publicspending.medialab.ntua.gr/resource/paymentAgents/090057756","ΔΗΜΟΣ ΑΤΑΛΑΝΤΗΣ",9161,"Δήμος Λοκρών"
"http://publicspending.medialab.ntua.gr/resource/paymentAgents/998441139","ΔΗΜΟΣ ΛΟΚΡΩΝ",9161,"Δήμος Λοκρών"
"http://publicspending.medialab.ntua.gr/resource/paymentAgents/090058095","ΔΗΜΟΣ ΜΑΛΕΣΙΝΑΣ",9161,"Δήμος Λοκρών"
"http://publicspending.medialab.ntua.gr/resource/paymentAgents/800206956","ΔΗΜΟΣ ΜΑΚΡΑΚΩΜΗΣ",9162,"Δήμος Μακρακώμης"
"http://publicspending.medialab.ntua.gr/resource/paymentAgents/090389671","ΔΗΜΟΣ ΜΑΚΡΑΚΩΜΗΣ",9162,"Δήμος Μακρακώμης"
"http://publicspending.medialab.ntua.gr/resource/paymentAgents/997947687","ΔΗΜΟΣ ΜΩΛΟΥ ΑΓΙΟΥ ΚΩΝΣΤΑΝΤΙΝΟΥ",9163,"Δήμος Μώλου - Αγίου Κωνσταντίνου"
"http://publicspending.medialab.ntua.gr/resource/paymentAgents/800297211","ΔΗΜΟΣ ΣΤΥΛΙΔΑΣ",9164,"Δήμος Στυλίδας"
"http://publicspending.medialab.ntua.gr/resource/paymentAgents/998592151","ΔΗΜΟΣ ΔΕΛΦΩΝ",9165,"Δήμος Δελφών"
"http://publicspending.medialab.ntua.gr/resource/paymentAgents/099251072","ΔΗΜΟΣ ΔΕΛΦΩΝ",9165,"Δήμος Δελφών"
"http://publicspending.medialab.ntua.gr/resource/paymentAgents/090094402","ΔΗΜΟΣ ΙΤΕΑΣ",9165,"Δήμος Δελφών"
"http://publicspending.medialab.ntua.gr/resource/paymentAgents/090267944","ΔΗΜΟΣ ΒΑΡΔΟΥΣΕΙΩΝ",9166,"Δήμος Δωρίδος"
"http://publicspending.medialab.ntua.gr/resource/paymentAgents/800196610","ΔΗΜΟΣ ΔΩΡΙΔΟΣ",9166,"Δήμος Δωρίδος"
"http://publicspending.medialab.ntua.gr/resource/paymentAgents/090085626","ΔΗΜΟΣ ΑΓΙΑ ΠΑΡΑΣΚΕΥΗΣ",9167,"Δήμος Αγίας Παρασκευής"
"http://publicspending.medialab.ntua.gr/resource/paymentAgents/090312495","ΔΗΜΟΣ ΑΜΑΡΟΥΣΙΟΥ",9168,"Δήμος Αμαρουσίου"
"http://publicspending.medialab.ntua.gr/resource/paymentAgents/997715679","ΔΗΜΟΣ ΚΗΦΙΣΙΑΣ",9168,"Δήμος Αμαρουσίου"
"http://publicspending.medialab.ntua.gr/resource/paymentAgents/090160342","ΔΗΜΟΣ ΒΡΙΛΗΣΣΙΩΝ",9169,"Δήμος Βριλησσίων"
"http://publicspending.medialab.ntua.gr/resource/paymentAgents/090084629","ΔΗΜΟΣ ΗΡΑΚΛΕΙΟΥ ΑΤΤΙΚΗΣ",9170,"Δήμος Ηρακλείου"
"http://publicspending.medialab.ntua.gr/resource/paymentAgents/997625190","ΔΗΜΟΣ ΛΥΚΟΒΡΥΣΗΣ ΠΕΥΚΗΣ",9172,"Δήμος Λυκόβρυσης - Πεύκης"
"http://publicspending.medialab.ntua.gr/resource/paymentAgents/099083115","ΔΗΜΟΣ ΛΥΚΟΒΡΥΣΗΣ",9172,"Δήμος Λυκόβρυσης - Πεύκης"
"http://publicspending.medialab.ntua.gr/resource/paymentAgents/090107358","ΔΗΜΟΣ ΜΕΤΑΜΟΡΦΩΣΕΩΣ",9173,"Δήμος Μεταμόρφωσης"
"http://publicspending.medialab.ntua.gr/resource/paymentAgents/090127044","ΔΗΜΟΣ Ν ΙΩΝΙΑΣ ΑΤΤΙΚΗΣ",9174,"Δήμος Νέας Ιωνίας"
"http://publicspending.medialab.ntua.gr/resource/paymentAgents/998154279","ΔΗΜΟΣ ΠΑΠΑΓΟΥ ΧΟΛΑΡΓΟΥ",9175,"Δήμος Παπάγου - Χολαργού"
"http://publicspending.medialab.ntua.gr/resource/paymentAgents/090205155","ΔΗΜΟΣ ΠΑΠΑΓΟΥ",9175,"Δήμος Παπάγου - Χολαργού"
"http://publicspending.medialab.ntua.gr/resource/paymentAgents/997625176","ΔΗΜΟΣ ΠΕΝΤΕΛΗΣ",9176,"Δήμος Πεντέλης"
"http://publicspending.medialab.ntua.gr/resource/paymentAgents/997953565","ΔΗΜΟΣ ΦΙΛΟΘΕΗΣ ΨΥΧΙΚΟΥ",9177,"Δήμος Φιλοθέης - Ψυχικού"
"http://publicspending.medialab.ntua.gr/resource/paymentAgents/090191830","ΔΗΜΟΣ ΧΑΛΑΝΔΡΙΟΥ",9178,"Δήμος Χαλανδρίου"
"http://publicspending.medialab.ntua.gr/resource/paymentAgents/090338714","ΔΗΜΟΣ ΑΓ ΒΑΡΒΑΡΑΣ",9179,"Δήμος Αγίας Βαρβάρας"
"http://publicspending.medialab.ntua.gr/resource/paymentAgents/998396742","ΔΗΜΟΣ ΑΓΙΩΝ ΑΝΑΡΓΥΡΩΝ ΚΑΜΑΤΕΡΟΥ",9180,"Δήμος Αγίων Αναργύρων - Καματερού"
"http://publicspending.medialab.ntua.gr/resource/paymentAgents/090197140","ΔΗΜΟΣ ΑΙΓΑΛΕΩ",9181,"Δήμος Αιγάλεω"
"http://publicspending.medialab.ntua.gr/resource/paymentAgents/090076918","ΔΗΜΟΣ ΙΛΙΟΥ",9182,"Δήμος Ιλίου"
"http://publicspending.medialab.ntua.gr/resource/paymentAgents/090094082","ΔΗΜΟΣ ΠΕΡΙΣΤΕΡΙΟΥ",9183,"Δήμος Περιστερίου"
"http://publicspending.medialab.ntua.gr/resource/paymentAgents/090137535","ΔΗΜΟΣ ΠΕΤΡΟΥΠΟΛΗΣ",9184,"Δήμος Πετρούπολης"
"http://publicspending.medialab.ntua.gr/resource/paymentAgents/090206914","ΔΗΜΟΣ ΧΑΙΔΑΡΙΟΥ",9185,"Δήμος Χαϊδαρίου"
"http://publicspending.medialab.ntua.gr/resource/paymentAgents/999119970","ΔΗΜΟΣ ΑΘΗΝΑΙΩΝ ΕΘΝΙΚΟΣ ΚΗΠΟΣ",9186,"Δήμος Αθηναίων"
"http://publicspending.medialab.ntua.gr/resource/paymentAgents/090077743","ΔΗΜΟΣ ΑΘΗΝΑΙΩΝ ΕΠΙΧΕΙΡΗΣΗ ΡΑΔΙΟΦΩΝΙΑΣ ΑΘΗΝΑ",9186,"Δήμος Αθηναίων"
"http://publicspending.medialab.ntua.gr/resource/paymentAgents/090025537","ΔΗΜΟΣ ΑΘΗΝΑΙΩΝ",9186,"Δήμος Αθηναίων"
"http://publicspending.medialab.ntua.gr/resource/paymentAgents/090296835","ΔΗΜΟΣ ΒΥΡΩΝΑ",9187,"Δήμος Βύρωνα"
"http://publicspending.medialab.ntua.gr/resource/paymentAgents/090276406","ΔΗΜΟΣ ΖΩΓΡΑΦΟΥ",9190,"Δήμος Ζωγράφου"
"http://publicspending.medialab.ntua.gr/resource/paymentAgents/090206453","ΔΗΜΟΣ ΗΛΙΟΥΠΟΛΗΣ",9191,"Δήμος Ηλιούπολης"
"http://publicspending.medialab.ntua.gr/resource/paymentAgents/099116022","ΔΗΜΟΣ ΚΑΙΣΑΡΙΑΝΗΣ",9192,"Δήμος Καισαριανής"
"http://publicspending.medialab.ntua.gr/resource/paymentAgents/997588219","ΔΗΜΟΣ ΦΙΛΑΔΕΛΦΕΙΑΣ ΧΑΛΚΗΔΟΝΟΣ",9193,"Δήμος Φιλαδελφείας - Χαλκηδόνος"
"http://publicspending.medialab.ntua.gr/resource/paymentAgents/090317374","ΔΗΜΟΣ ΑΓ ΔΗΜΗΤΡΙΟΥ",9194,"Δήμος Αγίου Δημητρίου"
"http://publicspending.medialab.ntua.gr/resource/paymentAgents/998607826","ΔΗΜΟΣ ΔΑΦΝΗΣ ΥΜΗΤΤΟΥ",9194,"Δήμος Αγίου Δημητρίου"
"http://publicspending.medialab.ntua.gr/resource/paymentAgents/090261546","ΔΗΜΟΣ ΑΛΙΜΟΥ",9195,"Δήμος Αλίμου"
"http://publicspending.medialab.ntua.gr/resource/paymentAgents/090052400","ΔΗΜΟΣ ΓΛΥΦΑΔΑΣ",9196,"Δήμος Γλυφάδας"
"http://publicspending.medialab.ntua.gr/resource/paymentAgents/997645384","ΔΗΜΟΣ ΕΛΛΗΝΙΚΟΥ ΑΡΓΥΡΟΥΠΟΛΗΣ",9197,"Δήμος Ελληνικού - Αργυρούπολης"
"http://publicspending.medialab.ntua.gr/resource/paymentAgents/090001251","ΔΗΜΟΣ ΚΑΛΛΙΘΕΑΣ",9198,"Δήμος Καλλιθέας"
"http://publicspending.medialab.ntua.gr/resource/paymentAgents/997564129","ΔΗΜΟΣ ΜΟΣΧΑΤΟΥ ΤΑΥΡΟΥ",9199,"Δήμος Μοσχάτου - Ταύρου"
"http://publicspending.medialab.ntua.gr/resource/paymentAgents/090335066","ΔΗΜΟΣ ΜΟΣΧΑΤΟΥ",9199,"Δήμος Μοσχάτου - Ταύρου"
"http://publicspending.medialab.ntua.gr/resource/paymentAgents/099041081","ΔΗΜΟΣ ΝΕΑΣ ΣΜΥΡΝΗΣ",9200,"Δήμος Νέας Σμύρνης"
"http://publicspending.medialab.ntua.gr/resource/paymentAgents/090261509","ΔΗΜΟΣ Π ΦΑΛΗΡΟΥ",9201,"Δήμος Παλαιού Φαλήρου"
"http://publicspending.medialab.ntua.gr/resource/paymentAgents/997880950","ΔΗΜΟΣ ΚΕΡΑΤΣΙΝΙΟΥ ΔΡΑΠΕΤΣΩΝΑΣ",9202,"Δήμος Κερατσινίου - Δραπετσώνας"
"http://publicspending.medialab.ntua.gr/resource/paymentAgents/090123856","ΔΗΜΟΣ ΚΕΡΑΤΣΙΝΙΟΥ",9202,"Δήμος Κερατσινίου - Δραπετσώνας"
"http://publicspending.medialab.ntua.gr/resource/paymentAgents/997642253","ΔΗΜΟΣ ΝΙΚΑΙΑΣ ΑΓΙΟΥ ΙΩΑΝΝΗ ΡΕΝΤΗ",9204,"Δήμος Νίκαιας - Αγίου Ιωάννη Ρέντη"
"http://publicspending.medialab.ntua.gr/resource/paymentAgents/090001263","ΔΗΜΟΣ ΠΕΙΡΑΙΑ",9205,"Δήμος Πειραιώς"
"http://publicspending.medialab.ntua.gr/resource/paymentAgents/099077446","ΔΗΜΟΣ ΠΕΡΑΜΑΤΟΣ",9206,"Δήμος Περάματος"
"http://publicspending.medialab.ntua.gr/resource/paymentAgents/090046940","ΔΗΜΟΣ ΑΓΚΙΣΤΡΙΟΥ",9207,"Δήμος Αγκιστρίου"
"http://publicspending.medialab.ntua.gr/resource/paymentAgents/090046938","ΔΗΜΟΣ ΑΙΓΙΝΑΣ",9207,"Δήμος Αγκιστρίου"
"http://publicspending.medialab.ntua.gr/resource/paymentAgents/090046940","ΔΗΜΟΣ ΑΓΚΙΣΤΡΙΟΥ",9208,"Δήμος Αίγινας"
"http://publicspending.medialab.ntua.gr/resource/paymentAgents/090046938","ΔΗΜΟΣ ΑΙΓΙΝΑΣ",9208,"Δήμος Αίγινας"
"http://publicspending.medialab.ntua.gr/resource/paymentAgents/099723332","ΔΗΜΟΣ ΚΥΘΗΡΩΝ",9209,"Δήμος Κυθήρων"
"http://publicspending.medialab.ntua.gr/resource/paymentAgents/090360665","ΔΗΜΟΣ ΚΥΘΗΡΩΝ",9209,"Δήμος Κυθήρων"
"http://publicspending.medialab.ntua.gr/resource/paymentAgents/090120842","ΔΗΜΟΣ ΠΟΡΟΥ ΤΡΟΙΖΗΝΙΑΣ",9210,"Δήμος Πόρου"
"http://publicspending.medialab.ntua.gr/resource/paymentAgents/998257963","ΔΗΜΟΣ ΤΡΟΙΖΗΝΙΑΣ",9210,"Δήμος Πόρου"
"http://publicspending.medialab.ntua.gr/resource/paymentAgents/998378908","ΔΗΜΟΣ ΣΑΛΑΜΙΝΑΣ",9211,"Δήμος Σαλαμίνας"
"http://publicspending.medialab.ntua.gr/resource/paymentAgents/090099540","ΔΗΜΟΣ ΣΠΕΤΣΩΝ",9212,"Δήμος Σπετσών"
"http://publicspending.medialab.ntua.gr/resource/paymentAgents/090120750","ΔΗΜΟΣ ΥΔΡΑΣ",9214,"Δήμος Ύδρας"
"http://publicspending.medialab.ntua.gr/resource/paymentAgents/997573323","ΔΗΜΟΣ ΒΑΡΗΣ ΒΟΥΛΑΣ ΒΟΥΛΙΑΓΜΕΝΗΣ",9216,"Δήμος Βάρης-Βούλας-Βουλιαγμένης"
"http://publicspending.medialab.ntua.gr/resource/paymentAgents/090336407","ΔΗΜΟΣ ΒΟΥΛΑΣ",9216,"Δήμος Βάρης-Βούλας-Βουλιαγμένης"
"http://publicspending.medialab.ntua.gr/resource/paymentAgents/997690910","ΔΗΜΟΣ ΔΙΟΝΥΣΟΥ",9217,"Δήμος Διονύσου"
"http://publicspending.medialab.ntua.gr/resource/paymentAgents/090207277","ΔΗΜΟΣ ΔΙΟΝΥΣΟΥ",9217,"Δήμος Διονύσου"
"http://publicspending.medialab.ntua.gr/resource/paymentAgents/090125604","ΔΗΜΟΣ ΚΡΩΠΙΑΣ",9218,"Δήμος Κρωπίας"
"http://publicspending.medialab.ntua.gr/resource/paymentAgents/090173050","ΔΗΜΟΣ ΚΕΡΑΤΕΑΣ",9219,"Δήμος Λαυρεωτικής"
"http://publicspending.medialab.ntua.gr/resource/paymentAgents/998292246","ΔΗΜΟΣ ΛΑΥΡΕΩΤΙΚΗΣ",9219,"Δήμος Λαυρεωτικής"
"http://publicspending.medialab.ntua.gr/resource/paymentAgents/090313744","ΔΗΜΟΣ ΜΑΡΑΘΩΝΑ",9220,"Δήμος Μαραθώνος"
"http://publicspending.medialab.ntua.gr/resource/paymentAgents/997606752","ΔΗΜΟΣ ΜΑΡΑΘΩΝΟΣ",9220,"Δήμος Μαραθώνος"
"http://publicspending.medialab.ntua.gr/resource/paymentAgents/090065129","ΔΗΜΟΣ Ν ΜΑΚΡΗΣ",9220,"Δήμος Μαραθώνος"
"http://publicspending.medialab.ntua.gr/resource/paymentAgents/090125500","ΔΗΜΟΣ ΜΑΡΚΟΠΟΥΛΟΥ ΜΕΣΟΓΑΙΑΣ",9221,"Δήμος Μαρκοπούλου Μεσογαίας"
"http://publicspending.medialab.ntua.gr/resource/paymentAgents/997606696","ΔΗΜΟΣ ΠΑΛΛΗΝΗΣ",9223,"Δήμος Παλλήνης"
"http://publicspending.medialab.ntua.gr/resource/paymentAgents/090065166","ΔΗΜΟΣ ΠΑΛΛΗΝΗΣ",9223,"Δήμος Παλλήνης"
"http://publicspending.medialab.ntua.gr/resource/paymentAgents/997606703","ΔΗΜΟΣ ΡΑΦΗΝΑΣ ΠΙΚΕΡΜΙΟΥ",9224,"Δήμος Ραφήνας - Πικερμίου"
"http://publicspending.medialab.ntua.gr/resource/paymentAgents/997727408","ΔΗΜΟΣ ΣΑΡΩΝΙΚΟΥ",9225,"Δήμος Σαρωνικού"
"http://publicspending.medialab.ntua.gr/resource/paymentAgents/090313812","ΔΗΜΟΣ ΑΡΤΕΜΙΔΟΣ",9226,"Δήμος Σπάτων - Αρτέμιδος"
"http://publicspending.medialab.ntua.gr/resource/paymentAgents/997606740","ΔΗΜΟΣ ΣΠΑΤΩΝ ΑΡΤΕΜΙΔΟΣ",9226,"Δήμος Σπάτων - Αρτέμιδος"
"http://publicspending.medialab.ntua.gr/resource/paymentAgents/090207230","ΔΗΜΟΣ ΑΥΛΩΝΑΣ",9227,"Δήμος Ωρωπού"
"http://publicspending.medialab.ntua.gr/resource/paymentAgents/997690908","ΔΗΜΟΣ ΩΡΩΠΟΥ",9227,"Δήμος Ωρωπού"
"http://publicspending.medialab.ntua.gr/resource/paymentAgents/090182414","ΔΗΜΟΣ ΑΣΠΡΟΠΥΡΓΟΥ",9228,"Δήμος Ασπροπύργου"
"http://publicspending.medialab.ntua.gr/resource/paymentAgents/997763874","ΔΗΜΟΣ ΕΛΕΥΣΙΝΑΣ",9229,"Δήμος Ελευσίνας"
"http://publicspending.medialab.ntua.gr/resource/paymentAgents/090105562","ΔΗΜΟΣ ΜΑΝΔΡΑΣ",9230,"Δήμος Μάνδρας - Ειδυλλίας"
"http://publicspending.medialab.ntua.gr/resource/paymentAgents/997693310","ΔΗΜΟΣ ΜΕΓΑΡΕΩΝ",9231,"Δήμος Μεγαρέων"
"http://publicspending.medialab.ntua.gr/resource/paymentAgents/090355366","ΔΗΜΟΣ ΑΝΩ ΛΙΟΣΙΩΝ",9232,"Δήμος Φυλής"
"http://publicspending.medialab.ntua.gr/resource/paymentAgents/997675481","ΔΗΜΟΣ ΦΥΛΗΣ",9232,"Δήμος Φυλής"
"http://publicspending.medialab.ntua.gr/resource/paymentAgents/998177895","ΔΗΜΟΣ ΑΡΓΟΥΣ ΜΥΚΗΝΩΝ",9233,"Δήμος Άργους - Μυκηνών"
"http://publicspending.medialab.ntua.gr/resource/paymentAgents/998142373","ΔΗΜΟΣ ΕΠΙΔΑΥΡΟΥ",9234,"Δήμος Επιδαύρου"
"http://publicspending.medialab.ntua.gr/resource/paymentAgents/997609152","ΔΗΜΟΣ ΕΡΜΙΟΝΙΔΑΣ",9235,"Δήμος Ερμιονίδας"
"http://publicspending.medialab.ntua.gr/resource/paymentAgents/998142361","ΔΗΜΟΣ ΝΑΥΠΛΙΕΩΝ",9236,"Δήμος Ναυπλιέων"
"http://publicspending.medialab.ntua.gr/resource/paymentAgents/800100885","ΔΗΜΟΣ ΓΟΡΤΥΝΙΑΣ",9238,"Δήμος Γορτυνίας"
"http://publicspending.medialab.ntua.gr/resource/paymentAgents/998260826","ΔΗΜΟΣ ΜΕΓΑΛΟΠΟΛΗΣ",9239,"Δήμος Μεγαλόπολης"
"http://publicspending.medialab.ntua.gr/resource/paymentAgents/090126152","ΔΗΜΟΣ ΜΕΓΑΛΟΠΟΛΗΣ",9239,"Δήμος Μεγαλόπολης"
"http://publicspending.medialab.ntua.gr/resource/paymentAgents/099165551","ΔΗΜΟΣ ΝΟΤΙΑΣ ΚΥΝΟΥΡΙΑΣ",9240,"Δήμος Νότιας Κυνουρίας"
"http://publicspending.medialab.ntua.gr/resource/paymentAgents/998037407","ΔΗΜΟΣ ΤΡΙΠΟΛΗΣ",9241,"Δήμος Τρίπολης"
"http://publicspending.medialab.ntua.gr/resource/paymentAgents/997860963","ΔΗΜΟΣ ΒΕΛΟΥ ΒΟΧΑΣ",9242,"Δήμος Βέλου - Βόχας"
"http://publicspending.medialab.ntua.gr/resource/paymentAgents/090364812","ΔΗΜΟΣ ΒΟΧΑΣ",9242,"Δήμος Βέλου - Βόχας"
"http://publicspending.medialab.ntua.gr/resource/paymentAgents/997860940","ΔΗΜΟΣ ΛΟΥΤΡΑΚΙΟΥ ΑΓΙΩΝ ΘΕΟΔΩΡΩΝ",9244,"Δήμος Λουτρακίου - Αγίων Θεοδώρων"
"http://publicspending.medialab.ntua.gr/resource/paymentAgents/090398932","ΔΗΜΟΣ ΝΕΜΕΑΣ",9245,"Δήμος Νεμέας"
"http://publicspending.medialab.ntua.gr/resource/paymentAgents/800076242","ΔΗΜΟΣ ΞΗΡΟΜΕΡΟΥ",9246,"Δήμος Ξυλοκάστρου - Ευρωστίνης"
"http://publicspending.medialab.ntua.gr/resource/paymentAgents/997636180","ΔΗΜΟΣ ΣΙΚΥΩΝΙΩΝ",9247,"Δήμος Σικυωνίων"
"http://publicspending.medialab.ntua.gr/resource/paymentAgents/800092832","ΔΗΜΟΣ ΑΝΑΤΟΛΙΚΗΣ ΜΑΝΗΣ",9248,"Δήμος Ανατολικής Μάνης"
"http://publicspending.medialab.ntua.gr/resource/paymentAgents/099176092","ΔΗΜΟΣ ΒΟΙΩΝ",9249,"Δήμος Ελαφονήσου"
"http://publicspending.medialab.ntua.gr/resource/paymentAgents/099652457","ΔΗΜΟΣ ΕΥΡΩΤΑ",9250,"Δήμος Ευρώτα"
"http://publicspending.medialab.ntua.gr/resource/paymentAgents/998717658","ΔΗΜΟΣ ΜΟΝΕΜΒΑΣΙΑΣ",9251,"Δήμος Μονεμβασιάς"
"http://publicspending.medialab.ntua.gr/resource/paymentAgents/099173170","ΔΗΜΟΣ ΜΟΝΕΜΒΑΣΙΑΣ",9251,"Δήμος Μονεμβασιάς"
"http://publicspending.medialab.ntua.gr/resource/paymentAgents/099383197","ΔΗΜΟΣ ΟΙΝΟΥΝΤΟΣ ΛΑΚΩΝΙΑΣ",9252,"Δήμος Σπάρτης"
"http://publicspending.medialab.ntua.gr/resource/paymentAgents/997892229","ΔΗΜΟΣ ΣΠΑΡΤΗΣ",9252,"Δήμος Σπάρτης"
"http://publicspending.medialab.ntua.gr/resource/paymentAgents/090080618","ΔΗΜΟΣ ΣΠΑΡΤΙΑΤΩΝ",9252,"Δήμος Σπάρτης"
"http://publicspending.medialab.ntua.gr/resource/paymentAgents/997911980","ΔΗΜΟΣ ΔΥΤΙΚΗΣ ΜΑΝΗΣ",9253,"Δήμος Δυτικής Μάνης"
"http://publicspending.medialab.ntua.gr/resource/paymentAgents/997911992","ΔΗΜΟΣ ΚΑΛΑΜΑΤΑΣ",9254,"Δήμος Καλαμάτας"
"http://publicspending.medialab.ntua.gr/resource/paymentAgents/099179070","ΔΗΜΟΣ ΑΡΙΣΤΟΜΕΝΗ",9255,"Δήμος Μεσσήνης"
"http://publicspending.medialab.ntua.gr/resource/paymentAgents/998762513","ΔΗΜΟΣ ΜΕΣΣΗΝΗΣ",9255,"Δήμος Μεσσήνης"
"http://publicspending.medialab.ntua.gr/resource/paymentAgents/090097926","ΔΗΜΟΣ ΜΕΣΣΗΝΗΣ",9255,"Δήμος Μεσσήνης"
"http://publicspending.medialab.ntua.gr/resource/paymentAgents/099184497","ΔΗΜΟΣ ΟΙΧΑΛΙΑΣ",9255,"Δήμος Μεσσήνης"
"http://publicspending.medialab.ntua.gr/resource/paymentAgents/099155127","ΔΗΜΟΣ ΕΙΡΑΣ",9256,"Δήμος Οιχαλίας"
"http://publicspending.medialab.ntua.gr/resource/paymentAgents/090195201","ΔΗΜΟΣ ΝΕΣΤΟΡΟΣ",9257,"Δήμος Πύλου - Νέστορος"
"http://publicspending.medialab.ntua.gr/resource/paymentAgents/099685753","ΔΗΜΟΣ ΠΥΛΟΥ ΝΕΣΤΟΡΟΣ",9257,"Δήμος Πύλου - Νέστορος"
"http://publicspending.medialab.ntua.gr/resource/paymentAgents/096105710","ΔΗΜΟΣ ΠΥΛΟΥ",9257,"Δήμος Πύλου - Νέστορος"
"http://publicspending.medialab.ntua.gr/resource/paymentAgents/800173110","ΔΗΜΟΣ ΤΡΙΦΥΛΙΑΣ",9258,"Δήμος Τριφυλίας"
"http://publicspending.medialab.ntua.gr/resource/paymentAgents/800057485","ΔΗΜΟΣ ΙΚΑΡΙΑΣ",9259,"Δήμος Ικαρίας"
"http://publicspending.medialab.ntua.gr/resource/paymentAgents/090393125","ΔΗΜΟΣ ΦΟΥΡΝΩΝ",9260,"Δήμος Φούρνων Κορσέων"
"http://publicspending.medialab.ntua.gr/resource/paymentAgents/099512147","ΔΗΜΟΣ ΑΓΙΑΣΟΥ ΛΕΣΒΟΥ",9261,"Δήμος Λέσβου"
"http://publicspending.medialab.ntua.gr/resource/paymentAgents/997817113","ΔΗΜΟΣ ΛΕΣΒΟΥ",9261,"Δήμος Λέσβου"
"http://publicspending.medialab.ntua.gr/resource/paymentAgents/099512092","ΔΗΜΟΣ ΛΟΥΤΡΟΠΟΛΗΣ ΘΕΡΜΗΣ ΛΕΣΒΟΥ",9261,"Δήμος Λέσβου"
"http://publicspending.medialab.ntua.gr/resource/paymentAgents/090001091","ΔΗΜΟΣ ΜΥΤΙΛΗΝΗΣ",9261,"Δήμος Λέσβου"
"http://publicspending.medialab.ntua.gr/resource/paymentAgents/090116540","ΔΗΜΟΣ ΠΛΩΜΑΡΙΟΥ",9261,"Δήμος Λέσβου"
"http://publicspending.medialab.ntua.gr/resource/paymentAgents/090390252","ΔΗΜΟΣ ΑΓΙΟΥ ΕΥΣΤΡΑΤΙΟΥ",9262,"Δήμος Αγίου Ευστρατίου"
"http://publicspending.medialab.ntua.gr/resource/paymentAgents/800189144","ΔΗΜΟΣ ΛΗΜΝΟΥ",9263,"Δήμος Λήμνος"
"http://publicspending.medialab.ntua.gr/resource/paymentAgents/090242937","ΔΗΜΟΣ ΜΥΡΙΝΑΣ",9263,"Δήμος Λήμνος"
"http://publicspending.medialab.ntua.gr/resource/paymentAgents/099261170","ΔΗΜΟΣ ΒΑΘΕΟΣ ΝΟΜΟΥ ΣΑΜΟΥ",9264,"Δήμος Σάμου"
"http://publicspending.medialab.ntua.gr/resource/paymentAgents/090235332","ΔΗΜΟΣ ΜΑΡΑΘΟΚΑΜΠΟΥ",9264,"Δήμος Σάμου"
"http://publicspending.medialab.ntua.gr/resource/paymentAgents/997966689","ΔΗΜΟΣ ΣΑΜΟΥ",9264,"Δήμος Σάμου"
"http://publicspending.medialab.ntua.gr/resource/paymentAgents/090133628","ΔΗΜΟΣ ΙΩΝΙΑΣ",9266,"Δήμος Χίου"
"http://publicspending.medialab.ntua.gr/resource/paymentAgents/997895268","ΔΗΜΟΣ ΧΙΟΥ",9266,"Δήμος Χίου"
"http://publicspending.medialab.ntua.gr/resource/paymentAgents/090285490","ΔΗΜΟΣ ΧΙΟΥ",9266,"Δήμος Χίου"
"http://publicspending.medialab.ntua.gr/resource/paymentAgents/090406463","ΔΗΜΟΣ ΨΑΡΩΝ",9267,"Δήμος Ψαρών"
"http://publicspending.medialab.ntua.gr/resource/paymentAgents/998239700","ΔΗΜΟΣ ΑΝΔΡΟΥ",9268,"Δήμος Άνδρου"
"http://publicspending.medialab.ntua.gr/resource/paymentAgents/090029340","ΔΗΜΟΣ ΑΝΔΡΟΥ",9268,"Δήμος Άνδρου"
"http://publicspending.medialab.ntua.gr/resource/paymentAgents/099635203","ΔΗΜΟΣ ΥΔΡΟΥΣΑΣ",9268,"Δήμος Άνδρου"
"http://publicspending.medialab.ntua.gr/resource/paymentAgents/090156248","ΔΗΜΟΣ ΑΝΑΦΗΣ",9270,"Δήμος Θήρας"
"http://publicspending.medialab.ntua.gr/resource/paymentAgents/997877331","ΔΗΜΟΣ ΘΗΡΑΣ",9270,"Δήμος Θήρας"
"http://publicspending.medialab.ntua.gr/resource/paymentAgents/090383015","ΔΗΜΟΣ ΘΗΡΑΣ",9270,"Δήμος Θήρας"
"http://publicspending.medialab.ntua.gr/resource/paymentAgents/090383027","ΔΗΜΟΣ ΙΗΤΩΝ",9271,"Δήμος Ιητών"
"http://publicspending.medialab.ntua.gr/resource/paymentAgents/099638358","ΔΗΜΟΣ ΣΙΚΙΝΟΥ",9272,"Δήμος Σικίνου"
"http://publicspending.medialab.ntua.gr/resource/paymentAgents/090382971","ΔΗΜΟΣ ΦΟΛΕΓΑΝΔΡΟΥ",9273,"Δήμος Φολεγάνδρου"
"http://publicspending.medialab.ntua.gr/resource/paymentAgents/090098820","ΔΗΜΟΣ ΑΓΑΘΟΝΗΣΙΟΥ",9274,"Δήμος Αγαθονησίου"
"http://publicspending.medialab.ntua.gr/resource/paymentAgents/090025549","ΔΗΜΟΣ ΛΕΙΨΩΝ",9274,"Δήμος Αγαθονησίου"
"http://publicspending.medialab.ntua.gr/resource/paymentAgents/090001146","ΔΗΜΟΣ ΑΣΤΥΠΑΛΑΙΑΣ",9275,"Δήμος Αστυπαλαίας"
"http://publicspending.medialab.ntua.gr/resource/paymentAgents/090001122","ΔΗΜΟΣ ΚΑΛΥΜΝΟΥ",9276,"Δήμος Καλυμνίων"
"http://publicspending.medialab.ntua.gr/resource/paymentAgents/090098820","ΔΗΜΟΣ ΑΓΑΘΟΝΗΣΙΟΥ",9277,"Δήμος Λειψών"
"http://publicspending.medialab.ntua.gr/resource/paymentAgents/090025549","ΔΗΜΟΣ ΛΕΙΨΩΝ",9277,"Δήμος Λειψών"
"http://publicspending.medialab.ntua.gr/resource/paymentAgents/090001134","ΔΗΜΟΣ ΛΕΡΟΥ",9278,"Δήμος Λέρου"
"http://publicspending.medialab.ntua.gr/resource/paymentAgents/090001110","ΔΗΜΟΣ ΠΑΤΜΟΥ",9279,"Δήμος Πάτμου"
"http://publicspending.medialab.ntua.gr/resource/paymentAgents/099688245","ΔΗΜΟΣ ΚΑΡΠΑΘΟΥ",9280,"Δήμος Καρπάθου"
"http://publicspending.medialab.ntua.gr/resource/paymentAgents/090060195","ΔΗΜΟΣ ΚΑΡΠΑΘΟΥ",9280,"Δήμος Καρπάθου"
"http://publicspending.medialab.ntua.gr/resource/paymentAgents/090116331","ΔΗΜΟΣ ΚΕΑΣ",9282,"Δήμος Κέας"
"http://publicspending.medialab.ntua.gr/resource/paymentAgents/090410925","ΔΗΜΟΣ ΚΥΘΝΟΥ",9283,"Δήμος Κύθνου"
"http://publicspending.medialab.ntua.gr/resource/paymentAgents/099269200","ΔΗΜΟΣ ΗΡΑΚΛΕΙΔΩΝ",9284,"Δήμος Κω"
"http://publicspending.medialab.ntua.gr/resource/paymentAgents/097516570","ΔΗΜΟΣ ΚΩ-ΔΗΜ ΣΦΑΓΕΙΑ",9284,"Δήμος Κω"
"http://publicspending.medialab.ntua.gr/resource/paymentAgents/997918919","ΔΗΜΟΣ ΚΩ",9284,"Δήμος Κω"
"http://publicspending.medialab.ntua.gr/resource/paymentAgents/099269211","ΔΗΜΟΣ ΝΙΣΥΡΟΥ",9285,"Δήμος Νισύρου"
"http://publicspending.medialab.ntua.gr/resource/paymentAgents/090281858","ΔΗΜΟΣ ΜΗΛΟΥ",9287,"Δήμος Μήλου"
"http://publicspending.medialab.ntua.gr/resource/paymentAgents/090281914","ΔΗΜΟΣ ΣΕΡΙΦΟΥ",9288,"Δήμος Σερίφου"
"http://publicspending.medialab.ntua.gr/resource/paymentAgents/090354671","ΔΗΜΟΣ ΣΙΦΝΟΥ",9289,"Δήμος Σίφνου"
"http://publicspending.medialab.ntua.gr/resource/paymentAgents/090235079","ΔΗΜΟΣ ΜΥΚΟΝΙΩΝ",9290,"Δήμος Μυκόνου"
"http://publicspending.medialab.ntua.gr/resource/paymentAgents/090256954","ΔΗΜΟΣ ΑΜΟΡΓΟΥ",9291,"Δήμος Αμοργού"
"http://publicspending.medialab.ntua.gr/resource/paymentAgents/997558031","ΔΗΜΟΣ ΝΑΞΟΥ ΚΑΙ ΜΙΚΡΩΝ ΚΥΚΛΑΔΩΝ",9292,"Δήμος Νάξου και Μικρών Κυκλάδων"
"http://publicspending.medialab.ntua.gr/resource/paymentAgents/090379677","ΔΗΜΟΣ ΝΑΞΟΥ",9292,"Δήμος Νάξου και Μικρών Κυκλάδων"
"http://publicspending.medialab.ntua.gr/resource/paymentAgents/999247040","ΔΗΜΟΣ ΑΝΤΙΠΑΡΟΥ",9293,"Δήμος Αντιπάρου"
"http://publicspending.medialab.ntua.gr/resource/paymentAgents/097664995","ΔΗΜΟΣ ΠΑΡΟΥ",9294,"Δήμος Πάρου"
"http://publicspending.medialab.ntua.gr/resource/paymentAgents/090319214","ΔΗΜΟΣ ΜΕΓΙΣΤΗΣ",9295,"Δήμος Μεγίστης"
"http://publicspending.medialab.ntua.gr/resource/paymentAgents/090049086","ΔΗΜΟΣ ΑΡΧΑΓΓΕΛΟΥ",9296,"Δήμος Ρόδου"
"http://publicspending.medialab.ntua.gr/resource/paymentAgents/090319080","ΔΗΜΟΣ ΚΑΛΛΙΘΕΑΣ",9296,"Δήμος Ρόδου"
"http://publicspending.medialab.ntua.gr/resource/paymentAgents/099471081","ΔΗΜΟΣ ΡΟΔΙΩΝ ΜΟΥΣΕΙΟ ΝΕΟΕΛΛΗΝΙΚΗΣ ΤΕΧΝΗΣ",9296,"Δήμος Ρόδου"
"http://publicspending.medialab.ntua.gr/resource/paymentAgents/997561152","ΔΗΜΟΣ ΡΟΔΟΥ",9296,"Δήμος Ρόδου"
"http://publicspending.medialab.ntua.gr/resource/paymentAgents/090001160","ΔΗΜΟΣ ΡΟΔΟΥ",9296,"Δήμος Ρόδου"
"http://publicspending.medialab.ntua.gr/resource/paymentAgents/090001183","ΔΗΜΟΣ ΣΥΜΗΣ",9297,"Δήμος Σύμης"
"http://publicspending.medialab.ntua.gr/resource/paymentAgents/090220343","ΔΗΜΟΣ ΤΗΛΟΥ",9298,"Δήμος Τήλου"
"http://publicspending.medialab.ntua.gr/resource/paymentAgents/099470059","ΔΗΜΟΣ ΧΑΛΚΗΣ",9299,"Δήμος Χάλκης"
"http://publicspending.medialab.ntua.gr/resource/paymentAgents/090170010","ΔΗΜΟΣ ΑΝΩ ΣΥΡΟΥ",9300,"Δήμος Σύρου - Ερμούπολης"
"http://publicspending.medialab.ntua.gr/resource/paymentAgents/998225756","ΔΗΜΟΣ ΣΥΡΟΥ ΕΡΜΟΥΠΟΛΗΣ",9300,"Δήμος Σύρου - Ερμούπολης"
"http://publicspending.medialab.ntua.gr/resource/paymentAgents/800302968","ΔΗΜΟΣ ΤΗΝΟΥ",9301,"Δήμος Τήνου"
"http://publicspending.medialab.ntua.gr/resource/paymentAgents/090188990","ΔΗΜΟΣ ΤΗΝΟΥ",9301,"Δήμος Τήνου"
"http://publicspending.medialab.ntua.gr/resource/paymentAgents/997579303","ΔΗΜΟΣ ΑΡΧΑΝΩΝ ΑΣΤΕΡΟΥΣΙΩΝ",9302,"Δήμος Αρχανών - Αστερουσίων"
"http://publicspending.medialab.ntua.gr/resource/paymentAgents/090042509","ΔΗΜΟΣ ΑΡΧΑΝΩΝ",9302,"Δήμος Αρχανών - Αστερουσίων"
"http://publicspending.medialab.ntua.gr/resource/paymentAgents/099281144","ΔΗΜΟΣ ΒΙΑΝΝΟΥ",9303,"Δήμος Βιάννου"
"http://publicspending.medialab.ntua.gr/resource/paymentAgents/999174215","ΔΗΜΟΣ ΓΟΡΤΥΝΑΣ",9304,"Δήμος Γόρτυνας"
"http://publicspending.medialab.ntua.gr/resource/paymentAgents/997579296","ΔΗΜΟΣ ΗΡΑΚΛΕΙΟΥ ΚΡΗΤΗΣ",9305,"Δήμος Ηρακλείου"
"http://publicspending.medialab.ntua.gr/resource/paymentAgents/090001202","ΔΗΜΟΣ ΗΡΑΚΛΕΙΟΥ ΚΡΗΤΗΣ",9305,"Δήμος Ηρακλείου"
"http://publicspending.medialab.ntua.gr/resource/paymentAgents/997791639","ΔΗΜΟΣ ΜΑΛΕΒΙΖΙΟΥ",9306,"Δήμος Μαλεβιζίου"
"http://publicspending.medialab.ntua.gr/resource/paymentAgents/099281193","ΔΗΜΟΣ ΑΡΚΑΛΟΧΩΡΙΟΥ",9307,"Δήμος Μινώα Πεδιάδας"
"http://publicspending.medialab.ntua.gr/resource/paymentAgents/090185858","ΔΗΜΟΣ ΚΑΣΤΕΛΛΙΟΥ",9307,"Δήμος Μινώα Πεδιάδας"
"http://publicspending.medialab.ntua.gr/resource/paymentAgents/090115266","ΔΗΜΟΣ ΚΙΣΑΜΟΥ",9307,"Δήμος Μινώα Πεδιάδας"
"http://publicspending.medialab.ntua.gr/resource/paymentAgents/997738238","ΔΗΜΟΣ ΚΙΣΣΑΜΟΥ",9307,"Δήμος Μινώα Πεδιάδας"
"http://publicspending.medialab.ntua.gr/resource/paymentAgents/099285315","ΔΗΜΟΣ ΜΙΝΩΑ ΠΕΔΙΑΔΑΣ",9307,"Δήμος Μινώα Πεδιάδας"
"http://publicspending.medialab.ntua.gr/resource/paymentAgents/090137720","ΔΗΜΟΣ ΤΥΜΠΑΚΙΟΥ",9308,"Δήμος Φαιστού"
"http://publicspending.medialab.ntua.gr/resource/paymentAgents/999174227","ΔΗΜΟΣ ΦΑΙΣΤΟΥ",9308,"Δήμος Φαιστού"
"http://publicspending.medialab.ntua.gr/resource/paymentAgents/997579272","ΔΗΜΟΣ ΧΕΡΣΟΝΗΣΟΥ",9309,"Δήμος Χερσονήσου"
"http://publicspending.medialab.ntua.gr/resource/paymentAgents/090093325","ΔΗΜΟΣ ΑΓ ΝΙΚΟΛΑΟΥ",9310,"Δήμος Αγίου Νικολάου"
"http://publicspending.medialab.ntua.gr/resource/paymentAgents/997696347","ΔΗΜΟΣ ΙΕΡΑΠΕΤΡΑΣ",9311,"Δήμος Ιεράπετρας"
"http://publicspending.medialab.ntua.gr/resource/paymentAgents/099671122","ΔΗΜΟΣ ΙΕΡΑΠΕΤΡΑΣ",9311,"Δήμος Ιεράπετρας"
"http://publicspending.medialab.ntua.gr/resource/paymentAgents/090360500","ΔΗΜΟΣ ΟΡΟΠΕΔΙΟΥ ΛΑΣΙΘΙΟΥ",9312,"Δήμος Οροπεδίου Λασιθίου"
"http://publicspending.medialab.ntua.gr/resource/paymentAgents/998792831","ΔΗΜΟΣ ΣΗΤΕΙΑΣ",9313,"Δήμος Σητείας"
"http://publicspending.medialab.ntua.gr/resource/paymentAgents/997820848","ΔΗΜΟΣ ΑΓΙΟΥ ΒΑΣΙΛΕΙΟΥ",9314,"Δήμος Αγίου Βασιλείου"
"http://publicspending.medialab.ntua.gr/resource/paymentAgents/997820873","ΔΗΜΟΣ ΑΜΑΡΙΟΥ",9315,"Δήμος Αμαρίου"
"http://publicspending.medialab.ntua.gr/resource/paymentAgents/090386576","ΔΗΜΟΣ ΣΙΒΡΙΤΟΥ",9315,"Δήμος Αμαρίου"
"http://publicspending.medialab.ntua.gr/resource/paymentAgents/090034939","ΔΗΜΟΣ ΑΝΩΓΕΙΩΝ",9316,"Δήμος Ανωγείων"
"http://publicspending.medialab.ntua.gr/resource/paymentAgents/997820850","ΔΗΜΟΣ ΜΥΛΟΠΟΤΑΜΟΥ",9317,"Δήμος Μυλοποτάμου"
"http://publicspending.medialab.ntua.gr/resource/paymentAgents/997820861","ΔΗΜΟΣ ΡΕΘΥΜΝΗΣ",9318,"Δήμος Ρεθύμνης"
"http://publicspending.medialab.ntua.gr/resource/paymentAgents/090001214","ΔΗΜΟΣ ΡΕΘΥΜΝΗΣ",9318,"Δήμος Ρεθύμνης"
"http://publicspending.medialab.ntua.gr/resource/paymentAgents/997570100","ΔΗΜΟΣ ΑΠΟΚΟΡΩΝΟΥ",9319,"Δήμος Αποκορώνου"
"http://publicspending.medialab.ntua.gr/resource/paymentAgents/099506116","ΔΗΜΟΣ ΓΑΥΔΟΥ",9320,"Δήμος Γαύδου"
"http://publicspending.medialab.ntua.gr/resource/paymentAgents/997570070","ΔΗΜΟΣ ΚΑΝΤΑΝΟΥ ΣΕΛΙΝΟΥ",9320,"Δήμος Γαύδου"
"http://publicspending.medialab.ntua.gr/resource/paymentAgents/099506116","ΔΗΜΟΣ ΓΑΥΔΟΥ",9321,"Δήμος Καντάνου - Σελίνου"
"http://publicspending.medialab.ntua.gr/resource/paymentAgents/997570070","ΔΗΜΟΣ ΚΑΝΤΑΝΟΥ ΣΕΛΙΝΟΥ",9321,"Δήμος Καντάνου - Σελίνου"
"http://publicspending.medialab.ntua.gr/resource/paymentAgents/997570112","ΔΗΜΟΣ ΠΛΑΤΑΝΙΑ",9323,"Δήμος Πλατανιά"
"http://publicspending.medialab.ntua.gr/resource/paymentAgents/090326727","ΔΗΜΟΣ ΣΦΑΚΙΩΝ",9324,"Δήμος Σφακίων"
"http://publicspending.medialab.ntua.gr/resource/paymentAgents/099506024","ΔΗΜΟΣ ΕΛΕΥΘΕΡΙΟΥ ΒΕΝΙΖΕΛΟΥ",9325,"Δήμος Χανίων"
"http://publicspending.medialab.ntua.gr/resource/paymentAgents/997678759","ΔΗΜΟΣ ΧΑΝΙΩΝ",9325,"Δήμος Χανίων"
