http://greek-lod.math.auth.gr/kalikratis/resource/municipalities/9015;Δήμος Αβδήρων;http://el.dbpedia.org/resource/Δήμος_Αβδήρων
http://greek-lod.math.auth.gr/kalikratis/resource/municipalities/9274;Δήμος Αγαθονησίου;http://el.dbpedia.org/resource/Δήμος_Αγαθονησίου
http://greek-lod.math.auth.gr/kalikratis/resource/municipalities/9097;Δήμος Αγιάς;http://el.dbpedia.org/resource/Δήμος_Αγιάς
http://greek-lod.math.auth.gr/kalikratis/resource/municipalities/9179;Δήμος Αγίας Βαρβάρας;http://el.dbpedia.org/resource/Δήμος_Αγίας_Βαρβάρας
http://greek-lod.math.auth.gr/kalikratis/resource/municipalities/9167;Δήμος Αγίας Παρασκευής;http://el.dbpedia.org/resource/Αγία_Παρασκευή_Αττικής
http://greek-lod.math.auth.gr/kalikratis/resource/municipalities/9314;Δήμος Αγίου Βασιλείου;http://el.dbpedia.org/resource/Δήμος_Αγίου_Βασιλείου
http://greek-lod.math.auth.gr/kalikratis/resource/municipalities/9194;Δήμος Αγίου Δημητρίου;http://el.dbpedia.org/resource/Άγιος_Δημήτριος
http://greek-lod.math.auth.gr/kalikratis/resource/municipalities/9262;Δήμος Αγίου Ευστρατίου;http://el.dbpedia.org/resource/Δήμος_Αγίου_Ευστρατίου
http://greek-lod.math.auth.gr/kalikratis/resource/municipalities/9310;Δήμος Αγίου Νικολάου;http://el.dbpedia.org/resource/Δήμος_Αγίου_Νικολάου
http://greek-lod.math.auth.gr/kalikratis/resource/municipalities/9180;Δήμος Αγίων Αναργύρων-Καματερού;http://el.dbpedia.org/resource/Δήμος_Αγίων_Αναργύρων-Καματερού
http://greek-lod.math.auth.gr/kalikratis/resource/municipalities/9207;Δήμος Αγκιστρίου;http://el.dbpedia.org/resource/Δήμος_Αγκιστρίου
http://greek-lod.math.auth.gr/kalikratis/resource/municipalities/9156;Δήμος Αγράφων;http://el.dbpedia.org/resource/Δήμος_Αγράφων
http://greek-lod.math.auth.gr/kalikratis/resource/municipalities/9123;Δήμος Αγρινίου;http://el.dbpedia.org/resource/Δήμος_Αγρινίου
http://greek-lod.math.auth.gr/kalikratis/resource/municipalities/9186;Δήμος Αθηναίων;http://el.dbpedia.org/resource/Δήμος_Αθηναίων
http://greek-lod.math.auth.gr/kalikratis/resource/municipalities/9181;Δήμος Αιγάλεω;http://el.dbpedia.org/resource/Αιγάλεω
http://greek-lod.math.auth.gr/kalikratis/resource/municipalities/9130;Δήμος Αιγιαλείας;http://el.dbpedia.org/resource/Δήμος_Αιγιαλείας
http://greek-lod.math.auth.gr/kalikratis/resource/municipalities/9208;Δήμος Αίγινας;http://el.dbpedia.org/resource/Δήμος_Αίγινας
http://greek-lod.math.auth.gr/kalikratis/resource/municipalities/9124;Δήμος Ακτίου - Βόνιτσας;http://el.dbpedia.org/resource/Δήμος_Ακτίου_-_Βόνιτσας
http://greek-lod.math.auth.gr/kalikratis/resource/municipalities/9023;Δήμος Αλεξάνδρειας;http://el.dbpedia.org/resource/Δήμος_Αλεξάνδρειας
http://greek-lod.math.auth.gr/kalikratis/resource/municipalities/9006;Δήμος Αλεξανδρούπολης;http://el.dbpedia.org/resource/Δήμος_Αλεξανδρούπολης
http://greek-lod.math.auth.gr/kalikratis/resource/municipalities/9142;Δήμος Αλιάρτου;http://el.dbpedia.org/resource/Δήμος_Αλιάρτου
http://greek-lod.math.auth.gr/kalikratis/resource/municipalities/9195;Δήμος Αλίμου;http://el.dbpedia.org/resource/Δήμος_Αλίμου
http://greek-lod.math.auth.gr/kalikratis/resource/municipalities/9104;Δήμος Αλμυρού;http://el.dbpedia.org/resource/Δήμος_Αλμυρού
http://greek-lod.math.auth.gr/kalikratis/resource/municipalities/9042;Δήμος Αλμωπίας;http://el.dbpedia.org/resource/Δήμος_Αλμωπίας
http://greek-lod.math.auth.gr/kalikratis/resource/municipalities/9109;Δήμος Αλοννήσου;http://el.dbpedia.org/resource/Δήμος_Αλοννήσου
http://greek-lod.math.auth.gr/kalikratis/resource/municipalities/9315;Δήμος Αμαρίου;http://el.dbpedia.org/resource/Δήμος_Αμαρίου
http://greek-lod.math.auth.gr/kalikratis/resource/municipalities/9168;Δήμος Αμαρουσίου;http://el.dbpedia.org/resource/Μαρούσι
http://greek-lod.math.auth.gr/kalikratis/resource/municipalities/9291;Δήμος Αμοργού;http://el.dbpedia.org/resource/Δήμος_Αμοργού
http://greek-lod.math.auth.gr/kalikratis/resource/municipalities/9026;Δήμος Αμπελοκήπων - Μενεμένης;http://el.dbpedia.org/resource/Δήμος_Αμπελοκήπων_-_Μενεμένης
http://greek-lod.math.auth.gr/kalikratis/resource/municipalities/9070;Δήμος Αμυνταίου;http://el.dbpedia.org/resource/Δήμος_Αμυνταίου
http://greek-lod.math.auth.gr/kalikratis/resource/municipalities/9158;Δήμος Αμφίκλειας - Ελάτειας;http://el.dbpedia.org/resource/Δήμος_Αμφίκλειας_-_Ελάτειας
http://greek-lod.math.auth.gr/kalikratis/resource/municipalities/9125;Δήμος Αμφιλοχίας;http://el.dbpedia.org/resource/Δήμος_Αμφιλοχίας
http://greek-lod.math.auth.gr/kalikratis/resource/municipalities/9049;Δήμος Αμφίπολης;http://el.dbpedia.org/resource/Δήμος_Αμφίπολης
http://greek-lod.math.auth.gr/kalikratis/resource/municipalities/9248;Δήμος Ανατολικής Μάνης;http://el.dbpedia.org/resource/Δήμος_Ανατολικής_Μάνης
http://greek-lod.math.auth.gr/kalikratis/resource/municipalities/9269;Δήμος Ανάφης;http://el.dbpedia.org/resource/Δήμος_Ανάφης
http://greek-lod.math.auth.gr/kalikratis/resource/municipalities/9135;Δήμος Ανδραβίδας - Κυλλήνης;http://el.dbpedia.org/resource/Δήμος_Ανδραβίδας_-_Κυλλήνης
http://greek-lod.math.auth.gr/kalikratis/resource/municipalities/9136;Δήμος Ανδρίτσαινας - Κρεστένων;http://el.dbpedia.org/resource/Δήμος_Ανδρίτσαινας_-_Κρεστένων
http://greek-lod.math.auth.gr/kalikratis/resource/municipalities/9268;Δήμος Άνδρου;http://el.dbpedia.org/resource/Δήμος_Άνδρου
http://greek-lod.math.auth.gr/kalikratis/resource/municipalities/9293;Δήμος Αντιπάρου;http://el.dbpedia.org/resource/Δήμος_Αντιπάρου
http://greek-lod.math.auth.gr/kalikratis/resource/municipalities/9316;Δήμος Ανωγείων;http://el.dbpedia.org/resource/Δήμος_Ανωγείων
http://greek-lod.math.auth.gr/kalikratis/resource/municipalities/9319;Δήμος Αποκορώνου;http://el.dbpedia.org/resource/Δήμος_Αποκορώνου
http://greek-lod.math.auth.gr/kalikratis/resource/municipalities/9091;Δήμος Αργιθέας;http://el.dbpedia.org/resource/Δήμος_Αργιθέας
http://greek-lod.math.auth.gr/kalikratis/resource/municipalities/9233;Δήμος Άργους - Μυκηνών;http://el.dbpedia.org/resource/Δήμος_Άργους_-_Μυκηνών
http://greek-lod.math.auth.gr/kalikratis/resource/municipalities/9056;Δήμος Αριστοτέλη;http://el.dbpedia.org/resource/Δήμος_Αριστοτέλη
http://greek-lod.math.auth.gr/kalikratis/resource/municipalities/9019;Δήμος Αρριανών;http://el.dbpedia.org/resource/Δήμος_Αρριανών
http://greek-lod.math.auth.gr/kalikratis/resource/municipalities/9073;Δήμος Αρταίων;http://el.dbpedia.org/resource/Δήμος_Αρταίων
http://greek-lod.math.auth.gr/kalikratis/resource/municipalities/9137;Δήμος Αρχαίας Ολυμπίας;http://el.dbpedia.org/resource/Δήμος_Αρχαίας_Ολυμπίας
http://greek-lod.math.auth.gr/kalikratis/resource/municipalities/9302;Δήμος Αρχανών - Αστερουσίων;http://el.dbpedia.org/resource/Δήμος_Αρχανών_-_Αστερουσίων
http://greek-lod.math.auth.gr/kalikratis/resource/municipalities/9228;Δήμος Ασπροπύργου;http://el.dbpedia.org/resource/Δήμος_Ασπροπύργου
http://greek-lod.math.auth.gr/kalikratis/resource/municipalities/9275;Δήμος Αστυπάλαιας;http://el.dbpedia.org/resource/Δήμος_Αστυπάλαιας
http://greek-lod.math.auth.gr/kalikratis/resource/municipalities/9215;Δήμος Αχαρνών;http://el.dbpedia.org/resource/Δήμος_Αχαρνών
http://greek-lod.math.auth.gr/kalikratis/resource/municipalities/9216;Δήμος Βάρης - Βούλας - Βουλιαγμένης;http://el.dbpedia.org/resource/Δήμος_Βάρης_-_Βούλας_-_Βουλιαγμένης
http://greek-lod.math.auth.gr/kalikratis/resource/municipalities/9242;Δήμος Βέλου - Βόχας;http://el.dbpedia.org/resource/Δήμος_Βέλου_-_Βόχας
http://greek-lod.math.auth.gr/kalikratis/resource/municipalities/9024;Δήμος Βέροιας;http://el.dbpedia.org/resource/Δήμος_Βέροιας
http://greek-lod.math.auth.gr/kalikratis/resource/municipalities/9303;Δήμος Βιάννου;http://el.dbpedia.org/resource/Δήμος_Βιάννου
http://greek-lod.math.auth.gr/kalikratis/resource/municipalities/9050;Δήμος Βισαλτίας;http://el.dbpedia.org/resource/Δήμος_Βισαλτίας
http://greek-lod.math.auth.gr/kalikratis/resource/municipalities/9066;Δήμος Βοΐου;http://el.dbpedia.org/resource/Δήμος_Βοΐου
http://greek-lod.math.auth.gr/kalikratis/resource/municipalities/9027;Δήμος Βόλβης;http://el.dbpedia.org/resource/Δήμος_Βόλβης
http://greek-lod.math.auth.gr/kalikratis/resource/municipalities/9105;Δήμος Βόλου;http://el.dbpedia.org/resource/Δήμος_Βόλου
http://greek-lod.math.auth.gr/kalikratis/resource/municipalities/9237;Δήμος Βόρειας Κυνουρίας;http://el.dbpedia.org/resource/Δήμος_Βόρειας_Κυνουρίας
http://greek-lod.math.auth.gr/kalikratis/resource/municipalities/9080;Δήμος Βορείων Τζουμέρκων;http://el.dbpedia.org/resource/Δήμος_Βορείων_Τζουμέρκων
http://greek-lod.math.auth.gr/kalikratis/resource/municipalities/9169;Δήμος Βριλησσίων;http://el.dbpedia.org/resource/Βριλήσσια
http://greek-lod.math.auth.gr/kalikratis/resource/municipalities/9187;Δήμος Βύρωνος;http://el.dbpedia.org/resource/Βύρωνας
http://greek-lod.math.auth.gr/kalikratis/resource/municipalities/9188;Δήμος Γαλατσίου;http://el.dbpedia.org/resource/Γαλάτσι
http://greek-lod.math.auth.gr/kalikratis/resource/municipalities/9320;Δήμος Γαύδου;http://el.dbpedia.org/resource/Κοινότητα_Γαύδου
http://greek-lod.math.auth.gr/kalikratis/resource/municipalities/9074;Δήμος Γεωργίου Καραϊσκάκη;http://el.dbpedia.org/resource/Δήμος_Γεωργίου_Καραϊσκάκη
http://greek-lod.math.auth.gr/kalikratis/resource/municipalities/9196;Δήμος Γλυφάδας;http://el.dbpedia.org/resource/Γλυφάδα
http://greek-lod.math.auth.gr/kalikratis/resource/municipalities/9304;Δήμος Γόρτυνας;http://el.dbpedia.org/resource/Δήμος_Γόρτυνας
http://greek-lod.math.auth.gr/kalikratis/resource/municipalities/9238;Δήμος Γορτυνίας;http://el.dbpedia.org/resource/Δήμος_Γορτυνίας
http://greek-lod.math.auth.gr/kalikratis/resource/municipalities/9061;Δήμος Γρεβενών;http://el.dbpedia.org/resource/Δήμος_Γρεβενών
http://greek-lod.math.auth.gr/kalikratis/resource/municipalities/9189;Δήμος Δάφνης - Υμηττού;http://el.dbpedia.org/resource/Δήμος_Δάφνης-Υμηττού
http://greek-lod.math.auth.gr/kalikratis/resource/municipalities/9028;Δήμος Δέλτα;http://el.dbpedia.org/resource/Δήμος_Δέλτα
http://greek-lod.math.auth.gr/kalikratis/resource/municipalities/9165;Δήμος Δελφών;http://el.dbpedia.org/resource/Δήμος_Δελφών
http://greek-lod.math.auth.gr/kalikratis/resource/municipalities/9062;Δήμος Δεσκάτης;http://el.dbpedia.org/resource/Δήμος_Δεσκάτης
http://greek-lod.math.auth.gr/kalikratis/resource/municipalities/9007;Δήμος Διδυμοτείχου;http://el.dbpedia.org/resource/Δήμος_Διδυμοτείχου
http://greek-lod.math.auth.gr/kalikratis/resource/municipalities/9217;Δήμος Διονύσου;http://el.dbpedia.org/resource/Δήμος_Διονύσου
http://greek-lod.math.auth.gr/kalikratis/resource/municipalities/9046;Δήμος Δίου - Ολύμπου;http://el.dbpedia.org/resource/Δήμος_Δίου_-_Ολύμπου
http://greek-lod.math.auth.gr/kalikratis/resource/municipalities/9148;Δήμος Διρφύων - Μεσσαπίων;http://el.dbpedia.org/resource/Δήμος_Διρφύων_-_Μεσσαπίων
http://greek-lod.math.auth.gr/kalikratis/resource/municipalities/9143;Δήμος Διστόμου-Αράχοβας-Αντίκυρας;http://el.dbpedia.org/resource/Δήμος_Διστόμου_-_Αράχοβας_-_Αντίκυρας
http://greek-lod.math.auth.gr/kalikratis/resource/municipalities/9159;Δήμος Δομοκού;http://el.dbpedia.org/resource/Δήμος_Δομοκού
http://greek-lod.math.auth.gr/kalikratis/resource/municipalities/9001;Δήμος Δοξάτου;http://el.dbpedia.org/resource/Δήμος_Δοξάτου
http://greek-lod.math.auth.gr/kalikratis/resource/municipalities/9002;Δήμος Δράμας;http://el.dbpedia.org/resource/Δήμος_Δράμας
http://greek-lod.math.auth.gr/kalikratis/resource/municipalities/9131;Δήμος Δυτικής Αχαΐας;http://el.dbpedia.org/resource/Δήμος_Δυτικής_Αχαΐας
http://greek-lod.math.auth.gr/kalikratis/resource/municipalities/9253;Δήμος Δυτικής Μάνης;http://el.dbpedia.org/resource/Δήμος_Δυτικής_Μάνης
http://greek-lod.math.auth.gr/kalikratis/resource/municipalities/9081;Δήμος Δωδώνης;http://el.dbpedia.org/resource/Δήμος_Δωδώνης
http://greek-lod.math.auth.gr/kalikratis/resource/municipalities/9166;Δήμος Δωρίδος;http://el.dbpedia.org/resource/Δήμος_Δωρίδος
http://greek-lod.math.auth.gr/kalikratis/resource/municipalities/9043;Δήμος Έδεσσας;http://el.dbpedia.org/resource/Δήμος_Έδεσσας
http://greek-lod.math.auth.gr/kalikratis/resource/municipalities/9098;Δήμος Ελασσόνας;http://el.dbpedia.org/resource/Δήμος_Ελασσόνας
http://greek-lod.math.auth.gr/kalikratis/resource/municipalities/9249;Δήμος Ελαφονήσου;http://el.dbpedia.org/resource/Ελαφόνησος#Δήμος_Ελαφονήσου
http://greek-lod.math.auth.gr/kalikratis/resource/municipalities/9229;Δήμος Ελευσίνας;http://el.dbpedia.org/resource/Δήμος_Ελευσίνας
http://greek-lod.math.auth.gr/kalikratis/resource/municipalities/9197;Δήμος Ελληνικού - Αργυρούπολης;http://el.dbpedia.org/resource/Δήμος_Ελληνικού_-_Αργυρούπολης
http://greek-lod.math.auth.gr/kalikratis/resource/municipalities/9051;Δήμος Εμμανουήλ Παππά;http://el.dbpedia.org/resource/Δήμος_Εμμανουήλ_Παππά
http://greek-lod.math.auth.gr/kalikratis/resource/municipalities/9067;Δήμος Εορδαίας;http://el.dbpedia.org/resource/Δήμος_Εορδαίας
http://greek-lod.math.auth.gr/kalikratis/resource/municipalities/9234;Δήμος Επιδαύρου;http://el.dbpedia.org/resource/Δήμος_Επιδαύρου
http://greek-lod.math.auth.gr/kalikratis/resource/municipalities/9149;Δήμος Ερέτριας;http://el.dbpedia.org/resource/Δήμος_Ερέτριας
http://greek-lod.math.auth.gr/kalikratis/resource/municipalities/9235;Δήμος Ερμιονίδας;http://el.dbpedia.org/resource/Δήμος_Ερμιονίδας
http://greek-lod.math.auth.gr/kalikratis/resource/municipalities/9132;Δήμος Ερυμάνθου;http://el.dbpedia.org/resource/Δήμος_Ερυμάνθου
http://greek-lod.math.auth.gr/kalikratis/resource/municipalities/9250;Δήμος Ευρώτα;http://el.dbpedia.org/resource/Δήμος_Ευρώτα
http://greek-lod.math.auth.gr/kalikratis/resource/municipalities/9106;Δήμος Ζαγοράς - Μουρεσίου;http://el.dbpedia.org/resource/Δήμος_Ζαγοράς_-_Μουρεσίου
http://greek-lod.math.auth.gr/kalikratis/resource/municipalities/9082;Δήμος Ζαγορίου;http://el.dbpedia.org/resource/Δήμος_Ζαγορίου
http://greek-lod.math.auth.gr/kalikratis/resource/municipalities/9116;Δήμος Ζακύνθου;http://el.dbpedia.org/resource/Δήμος_Ζακύνθου
http://greek-lod.math.auth.gr/kalikratis/resource/municipalities/9138;Δήμος Ζαχάρως;http://el.dbpedia.org/resource/Δήμος_Ζαχάρως
http://greek-lod.math.auth.gr/kalikratis/resource/municipalities/9088;Δήμος Ζηρού;http://el.dbpedia.org/resource/Δήμος_Ζηρού
http://greek-lod.math.auth.gr/kalikratis/resource/municipalities/9083;Δήμος Ζίτσας;http://el.dbpedia.org/resource/Δήμος_Ζίτσας
http://greek-lod.math.auth.gr/kalikratis/resource/municipalities/9190;Δήμος Ζωγράφου;http://el.dbpedia.org/resource/Ζωγράφου
http://greek-lod.math.auth.gr/kalikratis/resource/municipalities/9077;Δήμος Ηγουμενίτσας;http://el.dbpedia.org/resource/Δήμος_Ηγουμενίτσας
http://greek-lod.math.auth.gr/kalikratis/resource/municipalities/9139;Δήμος Ήλιδας;http://el.dbpedia.org/resource/Δήμος_Ήλιδας
http://greek-lod.math.auth.gr/kalikratis/resource/municipalities/9191;Δήμος Ηλιούπολης;http://el.dbpedia.org/resource/Ηλιούπολη
http://greek-lod.math.auth.gr/kalikratis/resource/municipalities/9052;Δήμος Ηρακλείας;http://el.dbpedia.org/resource/Δήμος_Ηρακλείας
http://greek-lod.math.auth.gr/kalikratis/resource/municipalities/9170;Δήμος Ηρακλείου Αττικής;http://el.dbpedia.org/resource/Ηράκλεο_Αττικής
http://greek-lod.math.auth.gr/kalikratis/resource/municipalities/9305;Δήμος Ηρακλείου Κρήτης;http://el.dbpedia.org/resource/Δήμος_Ηρακλείου
http://greek-lod.math.auth.gr/kalikratis/resource/municipalities/9011;Δήμος Θάσου;http://el.dbpedia.org/resource/Δήμος_Θάσου
http://greek-lod.math.auth.gr/kalikratis/resource/municipalities/9029;Δήμος Θερμαϊκού;http://el.dbpedia.org/resource/Δήμος_Θερμαϊκού
http://greek-lod.math.auth.gr/kalikratis/resource/municipalities/9030;Δήμος Θέρμης;http://el.dbpedia.org/resource/Δήμος_Θέρμης
http://greek-lod.math.auth.gr/kalikratis/resource/municipalities/9126;Δήμος Θέρμου;http://el.dbpedia.org/resource/Δήμος_Θέρμου
http://greek-lod.math.auth.gr/kalikratis/resource/municipalities/9031;Δήμος Θεσσαλονίκης;http://el.dbpedia.org/resource/Δήμος_Θεσσαλονίκης
http://greek-lod.math.auth.gr/kalikratis/resource/municipalities/9144;Δήμος Θηβαίων;http://el.dbpedia.org/resource/Δήμος_Θηβαίων
http://greek-lod.math.auth.gr/kalikratis/resource/municipalities/9270;Δήμος Θήρας;http://el.dbpedia.org/resource/Δήμος_Θήρας
http://greek-lod.math.auth.gr/kalikratis/resource/municipalities/9020;Δήμος Ιάσμου;http://el.dbpedia.org/resource/Δήμος_Ιάσμου
http://greek-lod.math.auth.gr/kalikratis/resource/municipalities/9311;Δήμος Ιεράπετρας;http://el.dbpedia.org/resource/Δήμος_Ιεράπετρας
http://greek-lod.math.auth.gr/kalikratis/resource/municipalities/9127;Δήμος Ιεράς Πόλης Μεσολογγίου;http://el.dbpedia.org/resource/Δήμος_Ιεράς_Πόλεως_Μεσολογγίου
http://greek-lod.math.auth.gr/kalikratis/resource/municipalities/9271;Δήμος Ιητών;http://el.dbpedia.org/resource/Δήμος_Ιητών
http://greek-lod.math.auth.gr/kalikratis/resource/municipalities/9117;Δήμος Ιθάκης;http://el.dbpedia.org/resource/Δήμος_Ιθάκης
http://greek-lod.math.auth.gr/kalikratis/resource/municipalities/9259;Δήμος Ικαρίας ;http://el.dbpedia.org/resource/Δήμος_Ικαρίας 
http://greek-lod.math.auth.gr/kalikratis/resource/municipalities/9182;Δήμος Ιλίου ;http://el.dbpedia.org/resource/Ίλιον_Αττικής
http://greek-lod.math.auth.gr/kalikratis/resource/municipalities/9150;Δήμος Ιστιαίας - Αιδηψού;http://el.dbpedia.org/resource/Δήμος_Ιστιαίας_-_Αιδηψού
http://greek-lod.math.auth.gr/kalikratis/resource/municipalities/9084;Δήμος Ιωαννιτών;http://el.dbpedia.org/resource/Δήμος_Ιωαννιτών
http://greek-lod.math.auth.gr/kalikratis/resource/municipalities/9012;Δήμος Καβάλας;http://el.dbpedia.org/resource/Δήμος_Καβάλας
http://greek-lod.math.auth.gr/kalikratis/resource/municipalities/9192;Δήμος Καισαριανής;http://el.dbpedia.org/resource/Καισαριανή
http://greek-lod.math.auth.gr/kalikratis/resource/municipalities/9133;Δήμος Καλαβρύτων;http://el.dbpedia.org/resource/Δήμος_Καλαβρύτων
http://greek-lod.math.auth.gr/kalikratis/resource/municipalities/9032;Δήμος Καλαμαριάς;http://el.dbpedia.org/resource/Δήμος_Καλαμαριάς
http://greek-lod.math.auth.gr/kalikratis/resource/municipalities/9254;Δήμος Καλαμάτας;http://el.dbpedia.org/resource/Δήμος_Καλαμάτας
http://greek-lod.math.auth.gr/kalikratis/resource/municipalities/9112;Δήμος Καλαμπάκας;http://el.dbpedia.org/resource/Δήμος_Καλαμπάκας
http://greek-lod.math.auth.gr/kalikratis/resource/municipalities/9198;Δήμος Καλλιθέας;http://el.dbpedia.org/resource/Καλλιθέα_Αττικής
http://greek-lod.math.auth.gr/kalikratis/resource/municipalities/9276;Δήμος Καλυμνίων;http://el.dbpedia.org/resource/Κάλυμνος#Ο_Δήμος_Καλυμνίων
http://greek-lod.math.auth.gr/kalikratis/resource/municipalities/9321;Δήμος Καντάνου - Σελἰνου;http://el.dbpedia.org/resource/Δήμος_Καντάνου_-_Σελίνου
http://greek-lod.math.auth.gr/kalikratis/resource/municipalities/9092;Δήμος Καρδίτσας;http://el.dbpedia.org/resource/Δήμος_Καρδίτσας
http://greek-lod.math.auth.gr/kalikratis/resource/municipalities/9280;Δήμος Καρπάθου;http://el.dbpedia.org/resource/Δήμος_Καρπάθου
http://greek-lod.math.auth.gr/kalikratis/resource/municipalities/9157;Δήμος Καρπενησίου;http://el.dbpedia.org/resource/Δήμος_Καρπενησίου
http://greek-lod.math.auth.gr/kalikratis/resource/municipalities/9151;Δήμος Καρύστου;http://el.dbpedia.org/resource/Δήμος_Καρύστου
http://greek-lod.math.auth.gr/kalikratis/resource/municipalities/9281;Δήμος Κάσου;http://el.dbpedia.org/resource/Κάσος#Ο_Δήμος_Κάσου
http://greek-lod.math.auth.gr/kalikratis/resource/municipalities/9057;Δήμος Κασσάνδρας;http://el.dbpedia.org/resource/Δήμος_Κασσάνδρας
http://greek-lod.math.auth.gr/kalikratis/resource/municipalities/9063;Δήμος Καστοριάς;http://el.dbpedia.org/resource/Δήμος_Καστοριάς
http://greek-lod.math.auth.gr/kalikratis/resource/municipalities/9047;Δήμος Κατερίνης;http://el.dbpedia.org/resource/Δήμος_Κατερίνης
http://greek-lod.math.auth.gr/kalikratis/resource/municipalities/9003;Δήμος Κάτω Νευροκοπίου;http://el.dbpedia.org/resource/Δήμος_Κάτω_Νευροκοπίου
http://greek-lod.math.auth.gr/kalikratis/resource/municipalities/9282;Δήμος Κέας;http://el.dbpedia.org/resource/Κέα#Ο_Δήμος_Κέας
http://greek-lod.math.auth.gr/kalikratis/resource/municipalities/9075;Δήμος Κεντρικών Τζουμέρκων ;http://el.dbpedia.org/resource/Δήμος_Κεντρικών_Τζουμέρκων 
http://greek-lod.math.auth.gr/kalikratis/resource/municipalities/9202;Δήμος Κερατσινίου - Δραπετσώνας;http://el.dbpedia.org/resource/Δήμος_Κερατσινίου_-_Δραπετσώνας
http://greek-lod.math.auth.gr/kalikratis/resource/municipalities/9118;Δήμος Κέρκυρας;http://el.dbpedia.org/resource/Δήμος_Κέρκυρας
http://greek-lod.math.auth.gr/kalikratis/resource/municipalities/9120;Δήμος Κεφαλλονιάς;http://el.dbpedia.org/resource/Δήμος_Κεφαλλονιάς
http://greek-lod.math.auth.gr/kalikratis/resource/municipalities/9171;Δήμος Κηφισιάς;http://el.dbpedia.org/resource/Δήμος_Κηφισιάς
http://greek-lod.math.auth.gr/kalikratis/resource/municipalities/9099;Δήμος Κιλελέρ;http://el.dbpedia.org/resource/Δήμος_Κιλελέρ
http://greek-lod.math.auth.gr/kalikratis/resource/municipalities/9040;Δήμος Κιλκίς;http://el.dbpedia.org/resource/Δήμος_Κιλκίς
http://greek-lod.math.auth.gr/kalikratis/resource/municipalities/9286;Δήμος Κιμώλου;http://el.dbpedia.org/resource/Δήμος_Κιμώλου
http://greek-lod.math.auth.gr/kalikratis/resource/municipalities/9322;Δήμος Κισσάμου;http://el.dbpedia.org/resource/Δήμος_Κισσάμου
http://greek-lod.math.auth.gr/kalikratis/resource/municipalities/9068;Δήμος Κοζάνης;http://el.dbpedia.org/resource/Δήμος_Κοζάνης
http://greek-lod.math.auth.gr/kalikratis/resource/municipalities/9021;Δήμος Κομοτηνής;http://el.dbpedia.org/resource/Δήμος_Κομοτηνής
http://greek-lod.math.auth.gr/kalikratis/resource/municipalities/9085;Δήμος Κόνιτσας;http://el.dbpedia.org/resource/Δήμος_Κόνιτσας
http://greek-lod.math.auth.gr/kalikratis/resource/municipalities/9033;Δήμος Κορδελιού -Ευόσμου;http://el.dbpedia.org/resource/Δήμος_Κορδελιού_-_Ευόσμου
http://greek-lod.math.auth.gr/kalikratis/resource/municipalities/9243;Δήμος Κορινθίων;http://el.dbpedia.org/resource/Δήμος_Κορινθίων
http://greek-lod.math.auth.gr/kalikratis/resource/municipalities/9203;Δήμος Κορυδαλλού;http://el.dbpedia.org/resource/Κορυδαλλός_Αττικής
http://greek-lod.math.auth.gr/kalikratis/resource/municipalities/9218;Δήμος Κρωπίας;http://el.dbpedia.org/resource/Δήμος_Κρωπίας
http://greek-lod.math.auth.gr/kalikratis/resource/municipalities/9209;Δήμος Κυθήρων;http://el.dbpedia.org/resource/Δήμος_Κυθήρων
http://greek-lod.math.auth.gr/kalikratis/resource/municipalities/9283;Δήμος Κύθνου;http://el.dbpedia.org/resource/Κύθνος#Ο_Δήμος_Κύθνου
http://greek-lod.math.auth.gr/kalikratis/resource/municipalities/9152;Δήμος Κύμης - Αλιβερίου;http://el.dbpedia.org/resource/Δήμος_Κύμης_-_Αλιβερίου
http://greek-lod.math.auth.gr/kalikratis/resource/municipalities/9284;Δήμος Κω;http://el.dbpedia.org/resource/Δήμος_Κω
http://greek-lod.math.auth.gr/kalikratis/resource/municipalities/9034;Δήμος Λαγκαδά;http://el.dbpedia.org/resource/Δήμος_Λαγκαδά
http://greek-lod.math.auth.gr/kalikratis/resource/municipalities/9160;Δήμος Λαμιέων;http://el.dbpedia.org/resource/Δήμος_Λαμιέων
http://greek-lod.math.auth.gr/kalikratis/resource/municipalities/9100;Δήμος Λαρισαίων;http://el.dbpedia.org/resource/Δήμος_Λαρισαίων
http://greek-lod.math.auth.gr/kalikratis/resource/municipalities/9219;Δήμος Λαυρεωτικής;http://el.dbpedia.org/resource/Δήμος_Λαυρεωτικής
http://greek-lod.math.auth.gr/kalikratis/resource/municipalities/9145;Δήμος Λεβαδέων;http://el.dbpedia.org/resource/Δήμος_Λεβαδέων
http://greek-lod.math.auth.gr/kalikratis/resource/municipalities/9277;Δήμος Λειψών;http://el.dbpedia.org/resource/Λειψοί#Ο_Δήμος_Λειψών
http://greek-lod.math.auth.gr/kalikratis/resource/municipalities/9278;Δήμος Λέρου;http://el.dbpedia.org/resource/Δήμος_Λέρου
http://greek-lod.math.auth.gr/kalikratis/resource/municipalities/9261;Δήμος Λέσβου;http://el.dbpedia.org/resource/Δήμος_Λέσβου
http://greek-lod.math.auth.gr/kalikratis/resource/municipalities/9121;Δήμος Λευκάδας;http://el.dbpedia.org/resource/Δήμος_Λευκάδας
http://greek-lod.math.auth.gr/kalikratis/resource/municipalities/9263;Δήμος Λήμνου;http://el.dbpedia.org/resource/Δήμος_Λήμνου
http://greek-lod.math.auth.gr/kalikratis/resource/municipalities/9093;Δήμος Λίμνης Πλαστήρα;http://el.dbpedia.org/resource/Δήμος_Λίμνης_Πλαστήρα
http://greek-lod.math.auth.gr/kalikratis/resource/municipalities/9161;Δήμος Λοκρών;http://el.dbpedia.org/resource/Δήμος_Λοκρών
http://greek-lod.math.auth.gr/kalikratis/resource/municipalities/9244;Δήμος Λουτρακίου - Αγίων Θεοδώρων;http://el.dbpedia.org/resource/Δήμος_Λουτρακίου_-_Αγίων_Θεοδώρων
http://greek-lod.math.auth.gr/kalikratis/resource/municipalities/9172;Δήμος Λυκόβρυσης - Πεύκης;http://el.dbpedia.org/resource/Δήμος_Λυκόβρυσης-Πεύκης
http://greek-lod.math.auth.gr/kalikratis/resource/municipalities/9162;Δήμος Μακρακώμης;http://el.dbpedia.org/resource/Δήμος_Μακρακώμης
http://greek-lod.math.auth.gr/kalikratis/resource/municipalities/9306;Δήμος Μαλεβιζίου;http://el.dbpedia.org/resource/Δήμος_Μαλεβιζίου
http://greek-lod.math.auth.gr/kalikratis/resource/municipalities/9230;Δήμος Μάνδρας - Ειδυλλίας;http://el.dbpedia.org/resource/Δήμος_Μάνδρας_-_Ειδυλλίας
http://greek-lod.math.auth.gr/kalikratis/resource/municipalities/9153;Δήμος Μαντουδίου - Λίμνης - Αγίας Άννας;http://el.dbpedia.org/resource/Δήμος_Μαντουδίου_-_Λίμνης_-_Αγίας_Άννας
http://greek-lod.math.auth.gr/kalikratis/resource/municipalities/9220;Δήμος Μαραθώνος;http://el.dbpedia.org/resource/Δήμος_Μαραθώνος
http://greek-lod.math.auth.gr/kalikratis/resource/municipalities/9221;Δήμος Μαρκόπουλου Μεσογαίας;http://el.dbpedia.org/resource/Δήμος_Μαρκοπούλου_Μεσογαίας
http://greek-lod.math.auth.gr/kalikratis/resource/municipalities/9022;Δήμος Μαρώνειας - Σαπών;http://el.dbpedia.org/resource/Δήμος_Μαρωνείας_-_Σαπών
http://greek-lod.math.auth.gr/kalikratis/resource/municipalities/9239;Δήμος Μεγαλόπολης;http://el.dbpedia.org/resource/Δήμος_Μεγαλόπολης
http://greek-lod.math.auth.gr/kalikratis/resource/municipalities/9122;Δήμος Μεγανησίου;http://el.dbpedia.org/resource/Δήμος_Μεγανησίου
http://greek-lod.math.auth.gr/kalikratis/resource/municipalities/9231;Δήμος Μεγάρεων;http://el.dbpedia.org/resource/Δήμος_Μεγάρεων
http://greek-lod.math.auth.gr/kalikratis/resource/municipalities/9295;Δήμος Μεγίστης;http://el.dbpedia.org/resource/Δήμος_Μεγίστης
http://greek-lod.math.auth.gr/kalikratis/resource/municipalities/9255;Δήμος Μεσσήνης;http://el.dbpedia.org/resource/Δήμος_Μεσσήνης
http://greek-lod.math.auth.gr/kalikratis/resource/municipalities/9173;Δήμος Μεταμορφώσεως;http://el.dbpedia.org/resource/Μεταμόρφωση_Αττικής
http://greek-lod.math.auth.gr/kalikratis/resource/municipalities/9086;Δήμος Μετσόβου;http://el.dbpedia.org/resource/Δήμος_Μετσόβου
http://greek-lod.math.auth.gr/kalikratis/resource/municipalities/9287;Δήμος Μήλου;http://el.dbpedia.org/resource/Δήμος_Μήλου
http://greek-lod.math.auth.gr/kalikratis/resource/municipalities/9307;Δήμος Μινώα Πεδιάδας;http://el.dbpedia.org/resource/Δήμος_Μινώα_Πεδιάδας
http://greek-lod.math.auth.gr/kalikratis/resource/municipalities/9251;Δήμος Μονεμβασιάς;http://el.dbpedia.org/resource/Δήμος_Μονεμβασιάς
http://greek-lod.math.auth.gr/kalikratis/resource/municipalities/9199;Δήμος Μοσχάτου - Ταύρου;http://el.dbpedia.org/resource/Δήμος_Μοσχάτου-Ταύρου
http://greek-lod.math.auth.gr/kalikratis/resource/municipalities/9094;Δήμος Μουζακίου;http://el.dbpedia.org/resource/Δήμος_Μουζακίου
http://greek-lod.math.auth.gr/kalikratis/resource/municipalities/9016;Δήμος Μύκης;http://el.dbpedia.org/resource/Δήμος_Μύκης
http://greek-lod.math.auth.gr/kalikratis/resource/municipalities/9290;Δήμος Μυκόνου;http://el.dbpedia.org/resource/Δήμος_Μυκόνου
http://greek-lod.math.auth.gr/kalikratis/resource/municipalities/9317;Δήμος Μυλοποτάμου;http://el.dbpedia.org/resource/Δήμος_Μυλοποτάμου
http://greek-lod.math.auth.gr/kalikratis/resource/municipalities/9163;Δήμος Μώλου - Αγίου Κωνσταντίνου;http://el.dbpedia.org/resource/Δήμος_Μώλου_-_Αγίου_Κωνσταντίνου
http://greek-lod.math.auth.gr/kalikratis/resource/municipalities/9292;Δήμος Νάξου & Μικρών Κυκλάδων;http://el.dbpedia.org/resource/Δήμος_Νάξου
http://greek-lod.math.auth.gr/kalikratis/resource/municipalities/9025;Δήμος Νάουσας;http://el.dbpedia.org/resource/Δήμος_Ηρωικής_Πόλης_Νάουσας
http://greek-lod.math.auth.gr/kalikratis/resource/municipalities/9128;Δήμος Ναυπακτίας;http://el.dbpedia.org/resource/Δήμος_Ναυπακτίας
http://greek-lod.math.auth.gr/kalikratis/resource/municipalities/9236;Δήμος Ναυπλιέων;http://el.dbpedia.org/resource/Δήμος_Ναυπλιέων
http://greek-lod.math.auth.gr/kalikratis/resource/municipalities/9035;Δήμος Νεάπολης - Συκεών;http://el.dbpedia.org/resource/Δήμος_Νεάπολης_-_Συκεών
http://greek-lod.math.auth.gr/kalikratis/resource/municipalities/9053;Δήμος Νέας Ζίχνης;http://el.dbpedia.org/resource/Δήμος_Νέας_Ζίχνης
http://greek-lod.math.auth.gr/kalikratis/resource/municipalities/9174;Δήμος Νέας Ιωνίας;http://el.dbpedia.org/resource/Νέα_Ιωνία_Αττικής
http://greek-lod.math.auth.gr/kalikratis/resource/municipalities/9058;Δήμος Νέας Προποντίδας;http://el.dbpedia.org/resource/Δήμος_Νέας_Προποντίδας
http://greek-lod.math.auth.gr/kalikratis/resource/municipalities/9200;Δήμος Νέας Σμύρνης;http://el.dbpedia.org/resource/Νέα_Σμύρνη
http://greek-lod.math.auth.gr/kalikratis/resource/municipalities/9245;Δήμος Νεμέας;http://el.dbpedia.org/resource/Δήμος_Νεμέας
http://greek-lod.math.auth.gr/kalikratis/resource/municipalities/9064;Δήμος Νεστορίου;http://el.dbpedia.org/resource/Δήμος_Νεστορίου
http://greek-lod.math.auth.gr/kalikratis/resource/municipalities/9013;Δήμος Νέστου;http://el.dbpedia.org/resource/Δήμος_Νέστου
http://greek-lod.math.auth.gr/kalikratis/resource/municipalities/9204;Δήμος Νίκαιας  Αγίου Ιωάννη Ρέντη;http://el.dbpedia.org/resource/Δήμος_Νίκαιας_-_Αγίου_Ιωάννη_Ρέντη
http://greek-lod.math.auth.gr/kalikratis/resource/municipalities/9076;Δήμος Νικολάου Σκουφά;http://el.dbpedia.org/resource/Δήμος_Νικολάου_Σκουφά
http://greek-lod.math.auth.gr/kalikratis/resource/municipalities/9285;Δήμος Νισύρου;http://el.dbpedia.org/resource/Δήμος_Νισύρου
http://greek-lod.math.auth.gr/kalikratis/resource/municipalities/9240;Δήμος Νότιας Κυνουρίας;http://el.dbpedia.org/resource/Δήμος_Νότιας_Κυνουρίας
http://greek-lod.math.auth.gr/kalikratis/resource/municipalities/9107;Δήμος Νοτίου Πηλίου;http://el.dbpedia.org/resource/Δήμος_Νοτίου_Πηλίου
http://greek-lod.math.auth.gr/kalikratis/resource/municipalities/9017;Δήμος Ξάνθης;http://el.dbpedia.org/resource/Δήμος_Ξάνθης
http://greek-lod.math.auth.gr/kalikratis/resource/municipalities/9129;Δήμος Ξηρομέρου;http://el.dbpedia.org/resource/Δήμος_Ξηρομέρου
http://greek-lod.math.auth.gr/kalikratis/resource/municipalities/9246;Δήμος Ξυλοκάστρου - Ευρωστίνης;http://el.dbpedia.org/resource/Δήμος_Ξυλοκάστρου_-_Ευρωστίνης
http://greek-lod.math.auth.gr/kalikratis/resource/municipalities/9265;Δήμος Οινουσσών;http://el.dbpedia.org/resource/Δήμος_Οινουσσών
http://greek-lod.math.auth.gr/kalikratis/resource/municipalities/9256;Δήμος Οιχαλίας;http://el.dbpedia.org/resource/Δήμος_Οιχαλίας
http://greek-lod.math.auth.gr/kalikratis/resource/municipalities/9008;Δήμος Ορεστιάδας;http://el.dbpedia.org/resource/Δήμος_Ορεστιάδας
http://greek-lod.math.auth.gr/kalikratis/resource/municipalities/9065;Δήμος Ορέστιδος;http://el.dbpedia.org/resource/Δήμος_Ορέστιδος
http://greek-lod.math.auth.gr/kalikratis/resource/municipalities/9312;Δήμος Οροπεδίου Λασιθίου;http://el.dbpedia.org/resource/Δήμος_Οροπεδίου_Λασιθίου
http://greek-lod.math.auth.gr/kalikratis/resource/municipalities/9146;Δήμος Ορχομενού;http://el.dbpedia.org/resource/Δήμος_Ορχομενού
http://greek-lod.math.auth.gr/kalikratis/resource/municipalities/9014;Δήμος Παγγαίου;http://el.dbpedia.org/resource/Δήμος_Παγγαίου
http://greek-lod.math.auth.gr/kalikratis/resource/municipalities/9222;Δήμος Παιανίας;http://el.dbpedia.org/resource/Δήμος_Παιανίας
http://greek-lod.math.auth.gr/kalikratis/resource/municipalities/9041;Δήμος Παιονίας;http://el.dbpedia.org/resource/Δήμος_Παιονίας
http://greek-lod.math.auth.gr/kalikratis/resource/municipalities/9201;Δήμος Παλαιού Φαλήρου;http://el.dbpedia.org/resource/Παλαιό_Φάληρο
http://greek-lod.math.auth.gr/kalikratis/resource/municipalities/9095;Δήμος Παλαμά;http://el.dbpedia.org/resource/Δήμος_Παλαμά
http://greek-lod.math.auth.gr/kalikratis/resource/municipalities/9223;Δήμος Παλλήνης;http://el.dbpedia.org/resource/Δήμος_Παλλήνης_Αττικής
http://greek-lod.math.auth.gr/kalikratis/resource/municipalities/9119;Δήμος Παξών;http://el.dbpedia.org/resource/Δήμος_Παξών
http://greek-lod.math.auth.gr/kalikratis/resource/municipalities/9175;Δήμος Παπάγου - Χολαργού;http://el.dbpedia.org/resource/Δήμος_Παπάγου-Χολαργού
http://greek-lod.math.auth.gr/kalikratis/resource/municipalities/9004;Δήμος Παρανεστίου;http://el.dbpedia.org/resource/Δήμος_Παρανεστίου
http://greek-lod.math.auth.gr/kalikratis/resource/municipalities/9089;Δήμος Πάργας;http://el.dbpedia.org/resource/Δήμος_Πάργας
http://greek-lod.math.auth.gr/kalikratis/resource/municipalities/9294;Δήμος Πάρου;http://el.dbpedia.org/resource/Δήμος_Πάρου
http://greek-lod.math.auth.gr/kalikratis/resource/municipalities/9279;Δήμος Πάτμου;http://el.dbpedia.org/resource/Δήμος_Πάτμου
http://greek-lod.math.auth.gr/kalikratis/resource/municipalities/9134;Δήμος Πατρέων;http://el.dbpedia.org/resource/Δήμος_Πατρέων
http://greek-lod.math.auth.gr/kalikratis/resource/municipalities/9036;Δήμος Παύλου Μελά;http://el.dbpedia.org/resource/Δήμος_Παύλου_Μελά
http://greek-lod.math.auth.gr/kalikratis/resource/municipalities/9205;Δήμος Πειραιώς;http://el.dbpedia.org/resource/Δήμος_Πειραιώς
http://greek-lod.math.auth.gr/kalikratis/resource/municipalities/9044;Δήμος Πέλλας;http://el.dbpedia.org/resource/Δήμος_Πέλλας
http://greek-lod.math.auth.gr/kalikratis/resource/municipalities/9176;Δήμος Πεντέλης;http://el.dbpedia.org/resource/Δήμος_Πεντέλης
http://greek-lod.math.auth.gr/kalikratis/resource/municipalities/9206;Δήμος Περάματος;http://el.dbpedia.org/resource/Πέραμα
http://greek-lod.math.auth.gr/kalikratis/resource/municipalities/9183;Δήμος Περιστερίου;http://el.dbpedia.org/resource/Περιστέρι_Αττικής
http://greek-lod.math.auth.gr/kalikratis/resource/municipalities/9184;Δήμος Πετρουπόλεως;http://el.dbpedia.org/resource/Πετρούπολη
http://greek-lod.math.auth.gr/kalikratis/resource/municipalities/9140;Δήμος Πηνειού;http://el.dbpedia.org/resource/Δήμος_Πηνειού
http://greek-lod.math.auth.gr/kalikratis/resource/municipalities/9323;Δήμος Πλατανιά;http://el.dbpedia.org/resource/Δήμος_Πλατανιά
http://greek-lod.math.auth.gr/kalikratis/resource/municipalities/9059;Δήμος Πολυγύρου;http://el.dbpedia.org/resource/Δήμος_Πολυγύρου
http://greek-lod.math.auth.gr/kalikratis/resource/municipalities/9210;Δήμος Πόρου;http://el.dbpedia.org/resource/Δήμος_Πόρου
http://greek-lod.math.auth.gr/kalikratis/resource/municipalities/9090;Δήμος Πρέβεζας;http://el.dbpedia.org/resource/Δήμος_Πρέβεζας
http://greek-lod.math.auth.gr/kalikratis/resource/municipalities/9071;Δήμος Πρεσπών;http://el.dbpedia.org/resource/Δήμος_Πρεσπών
http://greek-lod.math.auth.gr/kalikratis/resource/municipalities/9005;Δήμος Προσοτσάνης;http://el.dbpedia.org/resource/Δήμος_Προσοτσάνης
http://greek-lod.math.auth.gr/kalikratis/resource/municipalities/9048;Δήμος Πύδνας - Κολινδρού;http://el.dbpedia.org/resource/Δήμος_Πύδνας_-_Κολινδρού
http://greek-lod.math.auth.gr/kalikratis/resource/municipalities/9037;Δήμος Πυλαίας - Χορτιάτη;http://el.dbpedia.org/resource/Δήμος_Πυλαίας_-_Χορτιάτη
http://greek-lod.math.auth.gr/kalikratis/resource/municipalities/9113;Δήμος Πύλης;http://el.dbpedia.org/resource/Δήμος_Πύλης
http://greek-lod.math.auth.gr/kalikratis/resource/municipalities/9257;Δήμος Πύλου - Νέστορος;http://el.dbpedia.org/resource/Δήμος_Πύλου_-_Νέστορος
http://greek-lod.math.auth.gr/kalikratis/resource/municipalities/9141;Δήμος Πύργου;http://el.dbpedia.org/resource/Δήμος_Πύργου
http://greek-lod.math.auth.gr/kalikratis/resource/municipalities/9087;Δήμος Πωγωνίου;http://el.dbpedia.org/resource/Δήμος_Πωγωνίου
http://greek-lod.math.auth.gr/kalikratis/resource/municipalities/9224;Δήμος Ραφήνας - Πικερμίου;http://el.dbpedia.org/resource/Δήμος_Ραφήνας_-_Πικερμίου
http://greek-lod.math.auth.gr/kalikratis/resource/municipalities/9318;Δήμος Ρεθύμνου;http://el.dbpedia.org/resource/Δήμος_Ρεθύμνου
http://greek-lod.math.auth.gr/kalikratis/resource/municipalities/9108;Δήμος Ρήγα Φεραίου;http://el.dbpedia.org/resource/Δήμος_Ρήγα_Φεραίου
http://greek-lod.math.auth.gr/kalikratis/resource/municipalities/9296;Δήμος Ρόδου;http://el.dbpedia.org/resource/Δήμος_Ρόδου
http://greek-lod.math.auth.gr/kalikratis/resource/municipalities/9211;Δήμος Σαλαμίνας;http://el.dbpedia.org/resource/Δήμος_Σαλαμίνας
http://greek-lod.math.auth.gr/kalikratis/resource/municipalities/9009;Δήμος Σαμοθράκης;http://el.dbpedia.org/resource/Δήμος_Σαμοθράκης
http://greek-lod.math.auth.gr/kalikratis/resource/municipalities/9264;Δήμος Σάμου;http://el.dbpedia.org/resource/Δήμος_Σάμου
http://greek-lod.math.auth.gr/kalikratis/resource/municipalities/9225;Δήμος Σαρωνικού;http://el.dbpedia.org/resource/Δήμος_Σαρωνικού
http://greek-lod.math.auth.gr/kalikratis/resource/municipalities/9069;Δήμος Σερβίων - Βελβεντού;http://el.dbpedia.org/resource/Δήμος_Σερβίων_-_Βελβεντού
http://greek-lod.math.auth.gr/kalikratis/resource/municipalities/9288;Δήμος Σερίφου;http://el.dbpedia.org/resource/Δήμος_Σερίφου
http://greek-lod.math.auth.gr/kalikratis/resource/municipalities/9054;Δήμος Σερρών;http://el.dbpedia.org/resource/Δήμος_Σερρών
http://greek-lod.math.auth.gr/kalikratis/resource/municipalities/9313;Δήμος Σητείας;http://el.dbpedia.org/resource/Δήμος_Σητείας
http://greek-lod.math.auth.gr/kalikratis/resource/municipalities/9060;Δήμος Σιθωνίας;http://el.dbpedia.org/resource/Δήμος_Σιθωνίας
http://greek-lod.math.auth.gr/kalikratis/resource/municipalities/9272;Δήμος Σικίνου;http://el.dbpedia.org/resource/Δήμος_Σικίνου
http://greek-lod.math.auth.gr/kalikratis/resource/municipalities/9247;Δήμος Σικυωνίων;http://el.dbpedia.org/resource/Δήμος_Σικυωνίων
http://greek-lod.math.auth.gr/kalikratis/resource/municipalities/9055;Δήμος Σιντικής;http://el.dbpedia.org/resource/Δήμος_Σιντικής
http://greek-lod.math.auth.gr/kalikratis/resource/municipalities/9289;Δήμος Σίφνου;http://el.dbpedia.org/resource/Δήμος_Σίφνου
http://greek-lod.math.auth.gr/kalikratis/resource/municipalities/9110;Δήμος Σκιάθου;http://el.dbpedia.org/resource/Δήμος_Σκιάθου
http://greek-lod.math.auth.gr/kalikratis/resource/municipalities/9111;Δήμος Σκοπέλου;http://el.dbpedia.org/resource/Δήμος_Σκοπέλου
http://greek-lod.math.auth.gr/kalikratis/resource/municipalities/9045;Δήμος Σκύδρας;http://el.dbpedia.org/resource/Δήμος_Σκύδρας
http://greek-lod.math.auth.gr/kalikratis/resource/municipalities/9154;Δήμος Σκύρου;http://el.dbpedia.org/resource/Δήμος_Σκύρου
http://greek-lod.math.auth.gr/kalikratis/resource/municipalities/9078;Δήμος Σουλίου;http://el.dbpedia.org/resource/Δήμος_Σουλίου
http://greek-lod.math.auth.gr/kalikratis/resource/municipalities/9010;Δήμος Σουφλίου;http://el.dbpedia.org/resource/Δήμος_Σουφλίου
http://greek-lod.math.auth.gr/kalikratis/resource/municipalities/9096;Δήμος Σοφάδων;http://el.dbpedia.org/resource/Δήμος_Σοφάδων
http://greek-lod.math.auth.gr/kalikratis/resource/municipalities/9252;Δήμος Σπάρτης;http://el.dbpedia.org/resource/Δήμος_Σπάρτης
http://greek-lod.math.auth.gr/kalikratis/resource/municipalities/9226;Δήμος Σπάτων - Αρτέμιδος;http://el.dbpedia.org/resource/Δήμος_Σπάτων_-_Αρτέμιδος
http://greek-lod.math.auth.gr/kalikratis/resource/municipalities/9212;Δήμος Σπετσών;http://el.dbpedia.org/resource/Δήμος_Σπετσών
http://greek-lod.math.auth.gr/kalikratis/resource/municipalities/9164;Δήμος Στυλίδας;http://el.dbpedia.org/resource/Δήμος_Στυλίδας
http://greek-lod.math.auth.gr/kalikratis/resource/municipalities/9297;Δήμος Σύμης;http://el.dbpedia.org/resource/Δήμος_Σύμης
http://greek-lod.math.auth.gr/kalikratis/resource/municipalities/9300;Δήμος Σύρου - Ερμούπολης;http://el.dbpedia.org/resource/Δήμος_Σύρου_-_Ερμούπολης
http://greek-lod.math.auth.gr/kalikratis/resource/municipalities/9324;Δήμος Σφακίων;http://el.dbpedia.org/resource/Δήμος_Σφακίων
http://greek-lod.math.auth.gr/kalikratis/resource/municipalities/9147;Δήμος Τανάγρας;http://el.dbpedia.org/resource/Δήμος_Τανάγρας
http://greek-lod.math.auth.gr/kalikratis/resource/municipalities/9101;Δήμος Τεμπών ;http://el.dbpedia.org/resource/Δήμος_Τεμπών 
http://greek-lod.math.auth.gr/kalikratis/resource/municipalities/9298;Δήμος Τήλου;http://el.dbpedia.org/resource/Δήμος_Τήλου
http://greek-lod.math.auth.gr/kalikratis/resource/municipalities/9301;Δήμος Τήνου;http://el.dbpedia.org/resource/Δήμος_Τήνου
http://greek-lod.math.auth.gr/kalikratis/resource/municipalities/9018;Δήμος Τοπείρου;http://el.dbpedia.org/resource/Δήμος_Τοπείρου
http://greek-lod.math.auth.gr/kalikratis/resource/municipalities/9114;Δήμος Τρικκαίων;http://el.dbpedia.org/resource/Δήμος_Τρικκαίων
http://greek-lod.math.auth.gr/kalikratis/resource/municipalities/9241;Δήμος Τρίπολης;http://el.dbpedia.org/resource/Δήμος_Τρίπολης
http://greek-lod.math.auth.gr/kalikratis/resource/municipalities/9258;Δήμος Τριφυλίας;http://el.dbpedia.org/resource/Δήμος_Τριφυλίας
http://greek-lod.math.auth.gr/kalikratis/resource/municipalities/9213;Δήμος Τροιζηνίας;http://el.dbpedia.org/resource/Δήμος_Τροιζηνίας
http://greek-lod.math.auth.gr/kalikratis/resource/municipalities/9102;Δήμος Τυρνάβου;http://el.dbpedia.org/resource/Δήμος_Τυρνάβου
http://greek-lod.math.auth.gr/kalikratis/resource/municipalities/9214;Δήμος Ύδρας;http://el.dbpedia.org/resource/Ύδρα#Δήμος_Ύδρας
http://greek-lod.math.auth.gr/kalikratis/resource/municipalities/9308;Δήμος Φαιστού;http://el.dbpedia.org/resource/Δήμος_Φαιστού
http://greek-lod.math.auth.gr/kalikratis/resource/municipalities/9115;Δήμος Φαρκαδόνας;http://el.dbpedia.org/resource/Δήμος_Φαρκαδόνας
http://greek-lod.math.auth.gr/kalikratis/resource/municipalities/9103;Δήμος Φαρσάλων;http://el.dbpedia.org/resource/Δήμος_Φαρσάλων
http://greek-lod.math.auth.gr/kalikratis/resource/municipalities/9193;Δήμος Φιλαδέλφειας - Χαλκηδόνος;http://el.dbpedia.org/resource/Δήμος_Φιλαδελφείας_-_Χαλκηδόνος
http://greek-lod.math.auth.gr/kalikratis/resource/municipalities/9079;Δήμος Φιλιατών;http://el.dbpedia.org/resource/Δήμος_Φιλιατών
http://greek-lod.math.auth.gr/kalikratis/resource/municipalities/9177;Δήμος Φιλοθέης - Ψυχικού;http://el.dbpedia.org/resource/Δήμος_Φιλοθέης-Ψυχικού
http://greek-lod.math.auth.gr/kalikratis/resource/municipalities/9072;Δήμος Φλώρινας;http://el.dbpedia.org/resource/Δήμος_Φλώρινας
http://greek-lod.math.auth.gr/kalikratis/resource/municipalities/9273;Δήμος Φολεγάνδρου;http://el.dbpedia.org/resource/Δήμος_Φολεγάνδρου
http://greek-lod.math.auth.gr/kalikratis/resource/municipalities/9260;Δήμος Φούρνων Κορσεών;http://el.dbpedia.org/resource/Δήμος_Φούρνων_Κορσεών
http://greek-lod.math.auth.gr/kalikratis/resource/municipalities/9232;Δήμος Φυλής;http://el.dbpedia.org/resource/Δήμος_Φυλής
http://greek-lod.math.auth.gr/kalikratis/resource/municipalities/9185;Δήμος Χαϊδαρίου;http://el.dbpedia.org/resource/Χαϊδάρι
http://greek-lod.math.auth.gr/kalikratis/resource/municipalities/9178;Δήμος Χαλανδρίου;http://el.dbpedia.org/resource/Χαλάνδρι
http://greek-lod.math.auth.gr/kalikratis/resource/municipalities/9038;Δήμος Χαλκηδόνος;http://el.dbpedia.org/resource/Δήμος_Χαλκηδόνος
http://greek-lod.math.auth.gr/kalikratis/resource/municipalities/9299;Δήμος Χάλκης;http://el.dbpedia.org/resource/Δήμος_Χάλκης
http://greek-lod.math.auth.gr/kalikratis/resource/municipalities/9155;Δήμος Χαλκιδέων;http://el.dbpedia.org/resource/Δήμος_Χαλκιδέων
http://greek-lod.math.auth.gr/kalikratis/resource/municipalities/9325;Δήμος Χανίων;http://el.dbpedia.org/resource/Δήμος_Χανίων
http://greek-lod.math.auth.gr/kalikratis/resource/municipalities/9309;Δήμος Χερσονήσου;http://el.dbpedia.org/resource/Δήμος_Χερσονήσου
http://greek-lod.math.auth.gr/kalikratis/resource/municipalities/9266;Δήμος Χίου;http://el.dbpedia.org/resource/Δήμος_Χίου
http://greek-lod.math.auth.gr/kalikratis/resource/municipalities/9267;Δήμος Ψαρών;http://el.dbpedia.org/resource/Δήμος_Ψαρών
http://greek-lod.math.auth.gr/kalikratis/resource/municipalities/9039;Δήμος Ωραιοκάστρου;http://el.dbpedia.org/resource/Δήμος_Ωραιοκάστρου
http://greek-lod.math.auth.gr/kalikratis/resource/municipalities/9227;Δήμος Ωρωπού;http://el.dbpedia.org/resource/Δήμος_Ωρωπού
