http://publicspending.medialab.ntua.gr/resource/paymentAgents/090003373,http://www.w3.org/2002/07/owl#sameAs,http://el.dbpedia.org/resource/Ίδρυμα_Κοινωνικών_Ασφαλίσεων
http://publicspending.medialab.ntua.gr/resource/paymentAgents/090003373,http://www.w3.org/2002/07/owl#sameAs,http://dbpedia.org/resource/Social_Insurance_Institute
http://publicspending.medialab.ntua.gr/resource/paymentAgents/094325955,http://www.w3.org/2002/07/owl#sameAs,http://el.dbpedia.org/resource/Αττικό_Μετρό
http://publicspending.medialab.ntua.gr/resource/paymentAgents/094325955,http://www.w3.org/2002/07/owl#sameAs,http://el.dbpedia.org/resource/Αττικό_Μετρό_Εταιρεία_Λειτουργίας
http://publicspending.medialab.ntua.gr/resource/paymentAgents/090372363,http://www.w3.org/2002/07/owl#sameAs,http://el.dbpedia.org/resource/Υπουργείο_Εξωτερικών_(Ελλάδα)
http://publicspending.medialab.ntua.gr/resource/paymentAgents/090372363,http://www.w3.org/2002/07/owl#sameAs,http://dbpedia.org/resource/Ministry_of_Foreign_Affairs_(Greece)
http://publicspending.medialab.ntua.gr/resource/paymentAgents/090372363,http://www.w3.org/2002/07/owl#sameAs,http://el.dbpedia.org/resource/Υπουργός_Εξωτερικών
http://publicspending.medialab.ntua.gr/resource/paymentAgents/090372363,http://www.w3.org/2002/07/owl#sameAs,http://el.dbpedia.org/resource/Υπουργείο_Εξωτερικών_της_Κύπρου
http://publicspending.medialab.ntua.gr/resource/paymentAgents/090372363,http://www.w3.org/2002/07/owl#sameAs,http://dbpedia.org/resource/List_of_Ministers_of_Foreign_Affairs_(Cyprus)
http://publicspending.medialab.ntua.gr/resource/paymentAgents/094449128,http://www.w3.org/2002/07/owl#sameAs,http://el.dbpedia.org/resource/Εγνατία_Οδός
http://publicspending.medialab.ntua.gr/resource/paymentAgents/094449128,http://www.w3.org/2002/07/owl#sameAs,http://dbpedia.org/resource/Egnatia_Odos_(modern_road)
http://publicspending.medialab.ntua.gr/resource/paymentAgents/094449128,http://www.w3.org/2002/07/owl#sameAs,http://el.dbpedia.org/resource/Οδός_Εγνατία_(Θεσσαλονίκη)
http://publicspending.medialab.ntua.gr/resource/paymentAgents/094449128,http://www.w3.org/2002/07/owl#sameAs,http://dbpedia.org/resource/Egnatia_Street,_Thessaloniki
http://publicspending.medialab.ntua.gr/resource/paymentAgents/998146384,http://www.w3.org/2002/07/owl#sameAs,http://el.dbpedia.org/resource/Ενιαίο_Ταμείο_Ανεξάρτητα_Απασχολούμενων
http://publicspending.medialab.ntua.gr/resource/paymentAgents/090194738,http://www.w3.org/2002/07/owl#sameAs,http://el.dbpedia.org/resource/Υπουργείο_Αγροτικής_Ανάπτυξης_και_Τροφίμων
http://publicspending.medialab.ntua.gr/resource/paymentAgents/090194738,http://www.w3.org/2002/07/owl#sameAs,http://dbpedia.org/resource/Ministry_of_Rural_Development_and_Food_(Greece)
http://publicspending.medialab.ntua.gr/resource/paymentAgents/094440109,http://www.w3.org/2002/07/owl#sameAs,http://el.dbpedia.org/resource/Οργανισμός_Σιδηροδρόμων_Ελλάδας
http://publicspending.medialab.ntua.gr/resource/paymentAgents/094440109,http://www.w3.org/2002/07/owl#sameAs,http://dbpedia.org/resource/Hellenic_Railways_Organisation
http://publicspending.medialab.ntua.gr/resource/paymentAgents/090000045,http://www.w3.org/2002/07/owl#sameAs,http://el.dbpedia.org/resource/Δημόσια_Επιχείρηση_Ηλεκτρισμού
http://publicspending.medialab.ntua.gr/resource/paymentAgents/090000045,http://www.w3.org/2002/07/owl#sameAs,http://dbpedia.org/resource/Public_Power_Corporation_of_Greece
http://publicspending.medialab.ntua.gr/resource/paymentAgents/090283815,http://www.w3.org/2002/07/owl#sameAs,http://el.dbpedia.org/resource/Υπουργείο_Πολιτισμού_και_Τουρισμού
http://publicspending.medialab.ntua.gr/resource/paymentAgents/090283815,http://www.w3.org/2002/07/owl#sameAs,http://dbpedia.org/resource/Ministry_of_Culture_and_Tourism_(Greece)
http://publicspending.medialab.ntua.gr/resource/paymentAgents/090283815,http://www.w3.org/2002/07/owl#sameAs,http://el.dbpedia.org/resource/Υπουργείο_Πολιτισμού
http://publicspending.medialab.ntua.gr/resource/paymentAgents/090283815,http://www.w3.org/2002/07/owl#sameAs,http://el.dbpedia.org/resource/Υπουργείο_Πολιτισμού_και_Επιστημών
http://publicspending.medialab.ntua.gr/resource/paymentAgents/999052193,http://www.w3.org/2002/07/owl#sameAs,http://el.dbpedia.org/resource/Γενικό_Νοσοκομείο_Άρτας
http://publicspending.medialab.ntua.gr/resource/paymentAgents/999100816,http://www.w3.org/2002/07/owl#sameAs,http://el.dbpedia.org/resource/Πανεπιστημιακό_Γενικό_Νοσοκομείο_Πατρών
http://publicspending.medialab.ntua.gr/resource/paymentAgents/999100816,http://www.w3.org/2002/07/owl#sameAs,http://dbpedia.org/resource/General_University_Hospital_of_Patras
http://publicspending.medialab.ntua.gr/resource/paymentAgents/094019245,http://www.w3.org/2002/07/owl#sameAs,http://el.dbpedia.org/resource/Οργανισμός_Τηλεπικοινωνιών_Ελλάδος
http://publicspending.medialab.ntua.gr/resource/paymentAgents/094019245,http://www.w3.org/2002/07/owl#sameAs,http://dbpedia.org/resource/OTE
http://publicspending.medialab.ntua.gr/resource/paymentAgents/090169846,http://www.w3.org/2002/07/owl#sameAs,http://el.dbpedia.org/resource/Υπουργείο_Προστασίας_του_Πολίτη
http://publicspending.medialab.ntua.gr/resource/paymentAgents/094026421,http://www.w3.org/2002/07/owl#sameAs,http://el.dbpedia.org/resource/Ελληνικά_Ταχυδρομεία
http://publicspending.medialab.ntua.gr/resource/paymentAgents/094026421,http://www.w3.org/2002/07/owl#sameAs,http://dbpedia.org/resource/Hellenic_Post
http://publicspending.medialab.ntua.gr/resource/paymentAgents/090145420,http://www.w3.org/2002/07/owl#sameAs,http://el.dbpedia.org/resource/Εθνικό_και_Καποδιστριακό_Πανεπιστήμιο_Αθηνών
http://publicspending.medialab.ntua.gr/resource/paymentAgents/090145420,http://www.w3.org/2002/07/owl#sameAs,http://dbpedia.org/resource/National_and_Kapodistrian_University_of_Athens
http://publicspending.medialab.ntua.gr/resource/paymentAgents/090001435,http://www.w3.org/2002/07/owl#sameAs,http://el.dbpedia.org/resource/Εθνικό_Μετσόβιο_Πολυτεχνείο
http://publicspending.medialab.ntua.gr/resource/paymentAgents/090001435,http://www.w3.org/2002/07/owl#sameAs,http://dbpedia.org/resource/National_Technical_University_of_Athens
http://publicspending.medialab.ntua.gr/resource/paymentAgents/998995401,http://www.w3.org/2002/07/owl#sameAs,http://el.dbpedia.org/resource/Γενικό_Νοσοκομείο_Άρτας
http://publicspending.medialab.ntua.gr/resource/paymentAgents/090166291,http://www.w3.org/2002/07/owl#sameAs,http://el.dbpedia.org/resource/Υπουργείο_Εθνικής_Άμυνας_(Ελλάδα)
http://publicspending.medialab.ntua.gr/resource/paymentAgents/090166291,http://www.w3.org/2002/07/owl#sameAs,http://dbpedia.org/resource/Ministry_of_National_Defence_(Greece)
http://publicspending.medialab.ntua.gr/resource/paymentAgents/090166291,http://www.w3.org/2002/07/owl#sameAs,http://el.dbpedia.org/resource/Υπουργείο_Παιδείας,_Διά_Βίου_Μάθησης_και_Θρησκευμάτων
http://publicspending.medialab.ntua.gr/resource/paymentAgents/090166291,http://www.w3.org/2002/07/owl#sameAs,http://dbpedia.org/resource/Ministry_of_Education,_Religious_Affairs,_Culture_and_Sports_(Greece)
http://publicspending.medialab.ntua.gr/resource/paymentAgents/090166291,http://www.w3.org/2002/07/owl#sameAs,http://el.dbpedia.org/resource/Υπουργείο_Οικονομίας,_Ανταγωνιστικότητας_και_Ναυτιλίας
http://publicspending.medialab.ntua.gr/resource/paymentAgents/090166291,http://www.w3.org/2002/07/owl#sameAs,http://el.dbpedia.org/resource/Υπουργείο_Εθνικής_Προνοίας
http://publicspending.medialab.ntua.gr/resource/paymentAgents/090010689,http://www.w3.org/2002/07/owl#sameAs,http://el.dbpedia.org/resource/Εθνικό_και_Καποδιστριακό_Πανεπιστήμιο_Αθηνών
http://publicspending.medialab.ntua.gr/resource/paymentAgents/090010689,http://www.w3.org/2002/07/owl#sameAs,http://dbpedia.org/resource/National_and_Kapodistrian_University_of_Athens
http://publicspending.medialab.ntua.gr/resource/paymentAgents/090049627,http://www.w3.org/2002/07/owl#sameAs,http://el.dbpedia.org/resource/Αριστοτέλειο_Πανεπιστήμιο_Θεσσαλονίκης
http://publicspending.medialab.ntua.gr/resource/paymentAgents/090049627,http://www.w3.org/2002/07/owl#sameAs,http://dbpedia.org/resource/Aristotle_University_of_Thessaloniki
http://publicspending.medialab.ntua.gr/resource/paymentAgents/090037978,http://www.w3.org/2002/07/owl#sameAs,http://el.dbpedia.org/resource/Οργανισμός_Γεωργικών_Ασφαλίσεων
http://publicspending.medialab.ntua.gr/resource/paymentAgents/999360466,http://www.w3.org/2002/07/owl#sameAs,http://el.dbpedia.org/resource/Γενικό_Νοσοκομείο_Άρτας
http://publicspending.medialab.ntua.gr/resource/paymentAgents/090153025,http://www.w3.org/2002/07/owl#sameAs,http://el.dbpedia.org/resource/Υπουργείο_Εθνικής_Άμυνας_(Ελλάδα)
http://publicspending.medialab.ntua.gr/resource/paymentAgents/090153025,http://www.w3.org/2002/07/owl#sameAs,http://dbpedia.org/resource/Ministry_of_National_Defence_(Greece)
http://publicspending.medialab.ntua.gr/resource/paymentAgents/090153025,http://www.w3.org/2002/07/owl#sameAs,http://el.dbpedia.org/resource/Υπουργείο_Άμυνας_της_Κύπρου
http://publicspending.medialab.ntua.gr/resource/paymentAgents/090153025,http://www.w3.org/2002/07/owl#sameAs,http://el.dbpedia.org/resource/Υπουργείο_Παιδείας,_Διά_Βίου_Μάθησης_και_Θρησκευμάτων
http://publicspending.medialab.ntua.gr/resource/paymentAgents/090153025,http://www.w3.org/2002/07/owl#sameAs,http://dbpedia.org/resource/Ministry_of_Education,_Religious_Affairs,_Culture_and_Sports_(Greece)
http://publicspending.medialab.ntua.gr/resource/paymentAgents/090153025,http://www.w3.org/2002/07/owl#sameAs,http://el.dbpedia.org/resource/Υπουργείο_Εθνικής_Προνοίας
http://publicspending.medialab.ntua.gr/resource/paymentAgents/090169674,http://www.w3.org/2002/07/owl#sameAs,http://el.dbpedia.org/resource/Υπουργείο_Δικαιοσύνης,_Διαφάνειας_και_Ανθρωπίνων_Δικαιωμάτων
http://publicspending.medialab.ntua.gr/resource/paymentAgents/090169674,http://www.w3.org/2002/07/owl#sameAs,http://dbpedia.org/resource/Ministry_of_Justice,_Transparency_and_Human_Rights_(Greece)
http://publicspending.medialab.ntua.gr/resource/paymentAgents/090169674,http://www.w3.org/2002/07/owl#sameAs,http://el.dbpedia.org/resource/Υπουργείο_Δικαιοσύνης_και_Δημοσίας_Τάξεως_της_Κύπρου
http://publicspending.medialab.ntua.gr/resource/paymentAgents/090169674,http://www.w3.org/2002/07/owl#sameAs,http://dbpedia.org/resource/Ministry_of_Justice_and_Public_Order_(Cyprus)
http://publicspending.medialab.ntua.gr/resource/paymentAgents/090169858,http://www.w3.org/2002/07/owl#sameAs,http://el.dbpedia.org/resource/Γενική_Γραμματεία_Έρευνας_και_Τεχνολογίας
http://publicspending.medialab.ntua.gr/resource/paymentAgents/999091563,http://www.w3.org/2002/07/owl#sameAs,http://el.dbpedia.org/resource/Γενικό_Νοσοκομείο_Άρτας
http://publicspending.medialab.ntua.gr/resource/paymentAgents/998870390,http://www.w3.org/2002/07/owl#sameAs,http://el.dbpedia.org/resource/AG_(αποσαφήνιση)
http://publicspending.medialab.ntua.gr/resource/paymentAgents/998870390,http://www.w3.org/2002/07/owl#sameAs,http://dbpedia.org/resource/AG
http://publicspending.medialab.ntua.gr/resource/paymentAgents/998870390,http://www.w3.org/2002/07/owl#sameAs,http://el.dbpedia.org/resource/Siemens
http://publicspending.medialab.ntua.gr/resource/paymentAgents/998870390,http://www.w3.org/2002/07/owl#sameAs,http://dbpedia.org/resource/Siemens
http://publicspending.medialab.ntua.gr/resource/paymentAgents/998870390,http://www.w3.org/2002/07/owl#sameAs,http://el.dbpedia.org/resource/Vinci
http://publicspending.medialab.ntua.gr/resource/paymentAgents/998870390,http://www.w3.org/2002/07/owl#sameAs,http://dbpedia.org/resource/Vinci_(construction)
http://publicspending.medialab.ntua.gr/resource/paymentAgents/090055799,http://www.w3.org/2002/07/owl#sameAs,http://el.dbpedia.org/resource/Υπουργείο_Παιδείας,_Διά_Βίου_Μάθησης_και_Θρησκευμάτων
http://publicspending.medialab.ntua.gr/resource/paymentAgents/090055799,http://www.w3.org/2002/07/owl#sameAs,http://dbpedia.org/resource/Ministry_of_Education,_Religious_Affairs,_Culture_and_Sports_(Greece)
http://publicspending.medialab.ntua.gr/resource/paymentAgents/099793475,http://www.w3.org/2002/07/owl#sameAs,http://el.dbpedia.org/resource/Εθνικό_Μετσόβιο_Πολυτεχνείο
http://publicspending.medialab.ntua.gr/resource/paymentAgents/099793475,http://www.w3.org/2002/07/owl#sameAs,http://dbpedia.org/resource/National_Technical_University_of_Athens
http://publicspending.medialab.ntua.gr/resource/paymentAgents/094439670,http://www.w3.org/2002/07/owl#sameAs,http://el.dbpedia.org/resource/Κτηματολόγιο
http://publicspending.medialab.ntua.gr/resource/paymentAgents/094439670,http://www.w3.org/2002/07/owl#sameAs,http://dbpedia.org/resource/Cadastre
http://publicspending.medialab.ntua.gr/resource/paymentAgents/094439485,http://www.w3.org/2002/07/owl#sameAs,http://el.dbpedia.org/resource/Μονάδα_Οργάνωσης_Διαχείρισης
http://publicspending.medialab.ntua.gr/resource/paymentAgents/999501452,http://www.w3.org/2002/07/owl#sameAs,http://el.dbpedia.org/resource/Γενικό_Νοσοκομείο_Άρτας
http://publicspending.medialab.ntua.gr/resource/paymentAgents/999130600,http://www.w3.org/2002/07/owl#sameAs,http://el.dbpedia.org/resource/Γενικό_Νοσοκομείο_Άρτας
http://publicspending.medialab.ntua.gr/resource/paymentAgents/094014213,http://www.w3.org/2002/07/owl#sameAs,http://el.dbpedia.org/resource/Τράπεζα_της_Ελλάδος
http://publicspending.medialab.ntua.gr/resource/paymentAgents/094014213,http://www.w3.org/2002/07/owl#sameAs,http://dbpedia.org/resource/Bank_of_Greece
http://publicspending.medialab.ntua.gr/resource/paymentAgents/094014213,http://www.w3.org/2002/07/owl#sameAs,http://el.dbpedia.org/resource/Τράπεζα_της_Αγγλίας
http://publicspending.medialab.ntua.gr/resource/paymentAgents/094014213,http://www.w3.org/2002/07/owl#sameAs,http://dbpedia.org/resource/Bank_of_England
http://publicspending.medialab.ntua.gr/resource/paymentAgents/099323477,http://www.w3.org/2002/07/owl#sameAs,http://el.dbpedia.org/resource/Υπουργείο_Εσωτερικών_(Ελλάδα)
http://publicspending.medialab.ntua.gr/resource/paymentAgents/099323477,http://www.w3.org/2002/07/owl#sameAs,http://dbpedia.org/resource/Ministry_of_the_Interior_(Greece)
http://publicspending.medialab.ntua.gr/resource/paymentAgents/099323477,http://www.w3.org/2002/07/owl#sameAs,http://el.dbpedia.org/resource/Υπουργείο_Εσωτερικών,_Αποκέντρωσης_και_Ηλεκτρονικής_Διακυβέρνησης
http://publicspending.medialab.ntua.gr/resource/paymentAgents/099323477,http://www.w3.org/2002/07/owl#sameAs,http://el.dbpedia.org/resource/Υπουργείο_Εσωτερικών_και_Δημόσιας_Τάξης
http://publicspending.medialab.ntua.gr/resource/paymentAgents/099323477,http://www.w3.org/2002/07/owl#sameAs,http://el.dbpedia.org/resource/Υπουργείο_Εσωτερικών,_Δημόσιας_Διοίκησης_και_Αποκέντρωσης
http://publicspending.medialab.ntua.gr/resource/paymentAgents/099323477,http://www.w3.org/2002/07/owl#sameAs,http://el.dbpedia.org/resource/Υπουργείο_Εσωτερικών_της_Κύπρου
http://publicspending.medialab.ntua.gr/resource/paymentAgents/090061075,http://www.w3.org/2002/07/owl#sameAs,http://el.dbpedia.org/resource/Πανεπιστήμιο_Πατρών
http://publicspending.medialab.ntua.gr/resource/paymentAgents/090061075,http://www.w3.org/2002/07/owl#sameAs,http://dbpedia.org/resource/University_of_Patras
http://publicspending.medialab.ntua.gr/resource/paymentAgents/094207780,http://www.w3.org/2002/07/owl#sameAs,http://el.dbpedia.org/resource/Intracom
http://publicspending.medialab.ntua.gr/resource/paymentAgents/094207780,http://www.w3.org/2002/07/owl#sameAs,http://dbpedia.org/resource/Intracom
http://publicspending.medialab.ntua.gr/resource/paymentAgents/090028889,http://www.w3.org/2002/07/owl#sameAs,http://el.dbpedia.org/resource/Δημοκρίτειο_Πανεπιστήμιο_Θράκης
http://publicspending.medialab.ntua.gr/resource/paymentAgents/090028889,http://www.w3.org/2002/07/owl#sameAs,http://dbpedia.org/resource/Democritus_University_of_Thrace
http://publicspending.medialab.ntua.gr/resource/paymentAgents/090136366,http://www.w3.org/2002/07/owl#sameAs,http://el.dbpedia.org/resource/Τεχνολογικό_Εκπαιδευτικό_Ίδρυμα_Λάρισας
http://publicspending.medialab.ntua.gr/resource/paymentAgents/090136366,http://www.w3.org/2002/07/owl#sameAs,http://dbpedia.org/resource/Technological_Educational_Institute_of_Larissa
http://publicspending.medialab.ntua.gr/resource/paymentAgents/099012257,http://www.w3.org/2002/07/owl#sameAs,http://el.dbpedia.org/resource/Υπουργείο_Εργασίας_και_Κοινωνικών_Ασφαλίσεων
http://publicspending.medialab.ntua.gr/resource/paymentAgents/090033943,http://www.w3.org/2002/07/owl#sameAs,http://el.dbpedia.org/resource/Πανεπιστήμιο_Κρήτης
http://publicspending.medialab.ntua.gr/resource/paymentAgents/090033943,http://www.w3.org/2002/07/owl#sameAs,http://dbpedia.org/resource/University_of_Crete
http://publicspending.medialab.ntua.gr/resource/paymentAgents/999224339,http://www.w3.org/2002/07/owl#sameAs,http://el.dbpedia.org/resource/Γενικό_Νοσοκομείο_Άρτας
http://publicspending.medialab.ntua.gr/resource/paymentAgents/090010364,http://www.w3.org/2002/07/owl#sameAs,http://el.dbpedia.org/resource/Ελληνικός_Οργανισμός_Τυποποίησης
http://publicspending.medialab.ntua.gr/resource/paymentAgents/090050779,http://www.w3.org/2002/07/owl#sameAs,http://el.dbpedia.org/resource/Εθνικό_Αστεροσκοπείο_Αθηνών
http://publicspending.medialab.ntua.gr/resource/paymentAgents/090050779,http://www.w3.org/2002/07/owl#sameAs,http://dbpedia.org/resource/National_Observatory_of_Athens
http://publicspending.medialab.ntua.gr/resource/paymentAgents/090024798,http://www.w3.org/2002/07/owl#sameAs,http://el.dbpedia.org/resource/Αριστοτέλειο_Πανεπιστήμιο_Θεσσαλονίκης
http://publicspending.medialab.ntua.gr/resource/paymentAgents/090024798,http://www.w3.org/2002/07/owl#sameAs,http://dbpedia.org/resource/Aristotle_University_of_Thessaloniki
http://publicspending.medialab.ntua.gr/resource/paymentAgents/090024798,http://www.w3.org/2002/07/owl#sameAs,http://el.dbpedia.org/resource/Βιβλιοθήκη_Φιλοσοφικής_Σχολής_–_Αριστοτέλειο_Πανεπιστήμιο_Θεσσαλονίκης
http://publicspending.medialab.ntua.gr/resource/paymentAgents/090024798,http://www.w3.org/2002/07/owl#sameAs,http://el.dbpedia.org/resource/Βιβλιοθήκη_Τμήματος_Βιολογίας_-_Αριστοτέλειο_Πανεπιστήμιο_Θεσσαλονίκης
http://publicspending.medialab.ntua.gr/resource/paymentAgents/094081864,http://www.w3.org/2002/07/owl#sameAs,http://el.dbpedia.org/resource/Διεθνής_Διαστημικός_Σταθμός
http://publicspending.medialab.ntua.gr/resource/paymentAgents/094081864,http://www.w3.org/2002/07/owl#sameAs,http://dbpedia.org/resource/International_Space_Station
http://publicspending.medialab.ntua.gr/resource/paymentAgents/090073326,http://www.w3.org/2002/07/owl#sameAs,http://el.dbpedia.org/resource/Εθνικό_Σύστημα_Υγείας
http://publicspending.medialab.ntua.gr/resource/paymentAgents/090073326,http://www.w3.org/2002/07/owl#sameAs,http://dbpedia.org/resource/Health_care_in_Greece
http://publicspending.medialab.ntua.gr/resource/paymentAgents/090010260,http://www.w3.org/2002/07/owl#sameAs,http://el.dbpedia.org/resource/Οργανισμός_Εργατικής_Κατοικίας
http://publicspending.medialab.ntua.gr/resource/paymentAgents/090029284,http://www.w3.org/2002/07/owl#sameAs,http://el.dbpedia.org/resource/Πανεπιστήμιο_Ιωαννίνων
http://publicspending.medialab.ntua.gr/resource/paymentAgents/090029284,http://www.w3.org/2002/07/owl#sameAs,http://dbpedia.org/resource/University_of_Ioannina
http://publicspending.medialab.ntua.gr/resource/paymentAgents/090034337,http://www.w3.org/2002/07/owl#sameAs,http://el.dbpedia.org/resource/Οικονομικό_Πανεπιστήμιο_Αθηνών
http://publicspending.medialab.ntua.gr/resource/paymentAgents/090034337,http://www.w3.org/2002/07/owl#sameAs,http://dbpedia.org/resource/Athens_University_of_Economics_and_Business
http://publicspending.medialab.ntua.gr/resource/paymentAgents/094207312,http://www.w3.org/2002/07/owl#sameAs,http://el.dbpedia.org/resource/Ελληνική_Ραδιοφωνία_Τηλεόραση
http://publicspending.medialab.ntua.gr/resource/paymentAgents/094207312,http://www.w3.org/2002/07/owl#sameAs,http://dbpedia.org/resource/Hellenic_Broadcasting_Corporation
http://publicspending.medialab.ntua.gr/resource/paymentAgents/090207683,http://www.w3.org/2002/07/owl#sameAs,http://el.dbpedia.org/resource/ΕΑΠ
http://publicspending.medialab.ntua.gr/resource/paymentAgents/025646012,http://www.w3.org/2002/07/owl#sameAs,http://el.dbpedia.org/resource/Μιχαήλ_Μήτρας
http://publicspending.medialab.ntua.gr/resource/paymentAgents/090217640,http://www.w3.org/2002/07/owl#sameAs,http://el.dbpedia.org/resource/Τεχνολογικό_Εκπαιδευτικό_Ίδρυμα_Κρήτης
http://publicspending.medialab.ntua.gr/resource/paymentAgents/090217640,http://www.w3.org/2002/07/owl#sameAs,http://dbpedia.org/resource/Technological_Educational_Institute_of_Crete
http://publicspending.medialab.ntua.gr/resource/paymentAgents/090055634,http://www.w3.org/2002/07/owl#sameAs,http://el.dbpedia.org/resource/Πανεπιστήμιο_Θεσσαλίας
http://publicspending.medialab.ntua.gr/resource/paymentAgents/090055634,http://www.w3.org/2002/07/owl#sameAs,http://dbpedia.org/resource/University_of_Thessaly
http://publicspending.medialab.ntua.gr/resource/paymentAgents/090401013,http://www.w3.org/2002/07/owl#sameAs,http://el.dbpedia.org/resource/Ελληνική_Στατιστική_Αρχή
http://publicspending.medialab.ntua.gr/resource/paymentAgents/090401013,http://www.w3.org/2002/07/owl#sameAs,http://dbpedia.org/resource/Hellenic_Statistical_Authority
http://publicspending.medialab.ntua.gr/resource/paymentAgents/090401013,http://www.w3.org/2002/07/owl#sameAs,http://el.dbpedia.org/resource/Εν_Αθήναις_Αρχαιολογική_Εταιρεία
http://publicspending.medialab.ntua.gr/resource/paymentAgents/090401013,http://www.w3.org/2002/07/owl#sameAs,http://dbpedia.org/resource/Archaeological_Society_of_Athens
http://publicspending.medialab.ntua.gr/resource/paymentAgents/090401013,http://www.w3.org/2002/07/owl#sameAs,http://el.dbpedia.org/resource/Ελληνική_Αρχειακή_Εταιρεία
http://publicspending.medialab.ntua.gr/resource/paymentAgents/090101655,http://www.w3.org/2002/07/owl#sameAs,http://el.dbpedia.org/resource/Ίδρυμα_Τεχνολογίας_και_Έρευνας
http://publicspending.medialab.ntua.gr/resource/paymentAgents/090101655,http://www.w3.org/2002/07/owl#sameAs,http://el.dbpedia.org/resource/Forth
http://publicspending.medialab.ntua.gr/resource/paymentAgents/090101655,http://www.w3.org/2002/07/owl#sameAs,http://dbpedia.org/resource/Forth_(programming_language)
http://publicspending.medialab.ntua.gr/resource/paymentAgents/090116785,http://www.w3.org/2002/07/owl#sameAs,http://el.dbpedia.org/resource/Δυτικός_Ταΰγετος
http://publicspending.medialab.ntua.gr/resource/paymentAgents/090116785,http://www.w3.org/2002/07/owl#sameAs,http://el.dbpedia.org/resource/Τεχνολογικό_Εκπαιδευτικό_Ίδρυμα_Δυτικής_Μακεδονίας
http://publicspending.medialab.ntua.gr/resource/paymentAgents/090116785,http://www.w3.org/2002/07/owl#sameAs,http://dbpedia.org/resource/Technological_Educational_Institute_of_Western_Macedonia
http://publicspending.medialab.ntua.gr/resource/paymentAgents/090116785,http://www.w3.org/2002/07/owl#sameAs,http://el.dbpedia.org/resource/Μακεδονική_επανάσταση_του_1878
http://publicspending.medialab.ntua.gr/resource/paymentAgents/090306519,http://www.w3.org/2002/07/owl#sameAs,http://el.dbpedia.org/resource/Διοικητική_αποκέντρωση
http://publicspending.medialab.ntua.gr/resource/paymentAgents/090306519,http://www.w3.org/2002/07/owl#sameAs,http://dbpedia.org/resource/Decentralization
http://publicspending.medialab.ntua.gr/resource/paymentAgents/090306519,http://www.w3.org/2002/07/owl#sameAs,http://el.dbpedia.org/resource/Αποκεντρωμένη_διοίκηση_(πρόγραμμα_Καλλικράτης)
http://publicspending.medialab.ntua.gr/resource/paymentAgents/998826212,http://www.w3.org/2002/07/owl#sameAs,http://el.dbpedia.org/resource/Γράμμος
http://publicspending.medialab.ntua.gr/resource/paymentAgents/998826212,http://www.w3.org/2002/07/owl#sameAs,http://dbpedia.org/resource/Gramos
http://publicspending.medialab.ntua.gr/resource/paymentAgents/094052358,http://www.w3.org/2002/07/owl#sameAs,http://el.dbpedia.org/resource/Ελληνική_Αεροπορική_Βιομηχανία
http://publicspending.medialab.ntua.gr/resource/paymentAgents/094052358,http://www.w3.org/2002/07/owl#sameAs,http://dbpedia.org/resource/Hellenic_Aerospace_Industry
http://publicspending.medialab.ntua.gr/resource/paymentAgents/094052358,http://www.w3.org/2002/07/owl#sameAs,http://el.dbpedia.org/resource/Ελληνική_Βιομηχανία_Οχημάτων
http://publicspending.medialab.ntua.gr/resource/paymentAgents/094052358,http://www.w3.org/2002/07/owl#sameAs,http://dbpedia.org/resource/ELBO
http://publicspending.medialab.ntua.gr/resource/paymentAgents/090166310,http://www.w3.org/2002/07/owl#sameAs,http://el.dbpedia.org/resource/Πανεπιστήμιο_Αιγαίου
http://publicspending.medialab.ntua.gr/resource/paymentAgents/090166310,http://www.w3.org/2002/07/owl#sameAs,http://dbpedia.org/resource/University_of_the_Aegean
http://publicspending.medialab.ntua.gr/resource/paymentAgents/094076577,http://www.w3.org/2002/07/owl#sameAs,http://el.dbpedia.org/resource/Κτηματική_Εταιρεία_του_Δημοσίου
http://publicspending.medialab.ntua.gr/resource/paymentAgents/094076577,http://www.w3.org/2002/07/owl#sameAs,http://el.dbpedia.org/resource/ΚΕΔ
http://publicspending.medialab.ntua.gr/resource/paymentAgents/998325294,http://www.w3.org/2002/07/owl#sameAs,http://el.dbpedia.org/resource/Ηλεκτρικοί_Σιδηρόδρομοι_Αθηνών_-_Πειραιώς
http://publicspending.medialab.ntua.gr/resource/paymentAgents/998325294,http://www.w3.org/2002/07/owl#sameAs,http://dbpedia.org/resource/ISAP
http://publicspending.medialab.ntua.gr/resource/paymentAgents/998325294,http://www.w3.org/2002/07/owl#sameAs,http://el.dbpedia.org/resource/Μοχλός
http://publicspending.medialab.ntua.gr/resource/paymentAgents/998325294,http://www.w3.org/2002/07/owl#sameAs,http://dbpedia.org/resource/Lever
http://publicspending.medialab.ntua.gr/resource/paymentAgents/090024786,http://www.w3.org/2002/07/owl#sameAs,http://el.dbpedia.org/resource/Ινστιτούτο_Γεωλογικών_και_Μεταλλευτικών_Ερευνών
http://publicspending.medialab.ntua.gr/resource/paymentAgents/090273987,http://www.w3.org/2002/07/owl#sameAs,http://el.dbpedia.org/resource/Υπουργείο_Περιβάλλοντος,_Ενέργειας_και_Κλιματικής_Αλλαγής
http://publicspending.medialab.ntua.gr/resource/paymentAgents/090273987,http://www.w3.org/2002/07/owl#sameAs,http://dbpedia.org/resource/Ministry_of_the_Environment,_Energy_and_Climate_Change_(Greece)
http://publicspending.medialab.ntua.gr/resource/paymentAgents/999975749,http://www.w3.org/2002/07/owl#sameAs,http://el.dbpedia.org/resource/Δημοκρίτειο_Πανεπιστήμιο_Θράκης
http://publicspending.medialab.ntua.gr/resource/paymentAgents/999975749,http://www.w3.org/2002/07/owl#sameAs,http://dbpedia.org/resource/Democritus_University_of_Thrace
http://publicspending.medialab.ntua.gr/resource/paymentAgents/094047453,http://www.w3.org/2002/07/owl#sameAs,http://el.dbpedia.org/resource/Μηχανική
http://publicspending.medialab.ntua.gr/resource/paymentAgents/094047453,http://www.w3.org/2002/07/owl#sameAs,http://dbpedia.org/resource/Mechanics
http://publicspending.medialab.ntua.gr/resource/paymentAgents/094047453,http://www.w3.org/2002/07/owl#sameAs,http://el.dbpedia.org/resource/Μηχανικό
http://publicspending.medialab.ntua.gr/resource/paymentAgents/094047453,http://www.w3.org/2002/07/owl#sameAs,http://dbpedia.org/resource/Sapper
http://publicspending.medialab.ntua.gr/resource/paymentAgents/094047453,http://www.w3.org/2002/07/owl#sameAs,http://el.dbpedia.org/resource/Μοτοσικλέτα
http://publicspending.medialab.ntua.gr/resource/paymentAgents/094047453,http://www.w3.org/2002/07/owl#sameAs,http://dbpedia.org/resource/Motorcycle
http://publicspending.medialab.ntua.gr/resource/paymentAgents/094038689,http://www.w3.org/2002/07/owl#sameAs,http://el.dbpedia.org/resource/Οργανισμός_Σιδηροδρόμων_Ελλάδας
http://publicspending.medialab.ntua.gr/resource/paymentAgents/094038689,http://www.w3.org/2002/07/owl#sameAs,http://dbpedia.org/resource/Hellenic_Railways_Organisation
http://publicspending.medialab.ntua.gr/resource/paymentAgents/090047740,http://www.w3.org/2002/07/owl#sameAs,http://el.dbpedia.org/resource/Αλεξάνδρειο_Τεχνολογικό_Εκπαιδευτικό_Ίδρυμα_Θεσσαλονίκης
http://publicspending.medialab.ntua.gr/resource/paymentAgents/090047740,http://www.w3.org/2002/07/owl#sameAs,http://dbpedia.org/resource/Alexander_Technological_Educational_Institute_of_Thessaloniki
http://publicspending.medialab.ntua.gr/resource/paymentAgents/090187410,http://www.w3.org/2002/07/owl#sameAs,http://el.dbpedia.org/resource/Περιφέρεια_Κεντρικής_Μακεδονίας
http://publicspending.medialab.ntua.gr/resource/paymentAgents/090187410,http://www.w3.org/2002/07/owl#sameAs,http://dbpedia.org/resource/Central_Macedonia
http://publicspending.medialab.ntua.gr/resource/paymentAgents/090077522,http://www.w3.org/2002/07/owl#sameAs,http://el.dbpedia.org/resource/Τεχνολογικό_Εκπαιδευτικό_Ίδρυμα_Αθήνας
http://publicspending.medialab.ntua.gr/resource/paymentAgents/090077522,http://www.w3.org/2002/07/owl#sameAs,http://dbpedia.org/resource/Technological_Educational_Institute_of_Athens
http://publicspending.medialab.ntua.gr/resource/paymentAgents/090034024,http://www.w3.org/2002/07/owl#sameAs,http://el.dbpedia.org/resource/Πολυτεχνείο_Κρήτης
http://publicspending.medialab.ntua.gr/resource/paymentAgents/090034024,http://www.w3.org/2002/07/owl#sameAs,http://dbpedia.org/resource/Technical_University_of_Crete
http://publicspending.medialab.ntua.gr/resource/paymentAgents/090139854,http://www.w3.org/2002/07/owl#sameAs,http://el.dbpedia.org/resource/Τεχνολογικό_Εκπαιδευτικό_Ίδρυμα_Καβάλας
http://publicspending.medialab.ntua.gr/resource/paymentAgents/090139854,http://www.w3.org/2002/07/owl#sameAs,http://dbpedia.org/resource/Technological_Educational_Institute_of_Kavala
http://publicspending.medialab.ntua.gr/resource/paymentAgents/099017070,http://www.w3.org/2002/07/owl#sameAs,http://el.dbpedia.org/resource/Υπουργείο_Υγείας
http://publicspending.medialab.ntua.gr/resource/paymentAgents/099017070,http://www.w3.org/2002/07/owl#sameAs,http://dbpedia.org/resource/Ministry_of_Health_(Greece)
http://publicspending.medialab.ntua.gr/resource/paymentAgents/099017070,http://www.w3.org/2002/07/owl#sameAs,http://el.dbpedia.org/resource/Αγωγός_Μπουργκάς_-_Αλεξανδρούπολης
http://publicspending.medialab.ntua.gr/resource/paymentAgents/099017070,http://www.w3.org/2002/07/owl#sameAs,http://dbpedia.org/resource/Burgas–Alexandroupoli_pipeline
http://publicspending.medialab.ntua.gr/resource/paymentAgents/099017070,http://www.w3.org/2002/07/owl#sameAs,http://el.dbpedia.org/resource/Υπουργείο_Υγείας_και_Κοινωνικής_Αλληλεγγύης
http://publicspending.medialab.ntua.gr/resource/paymentAgents/998558201,http://www.w3.org/2002/07/owl#sameAs,http://el.dbpedia.org/resource/Ευρωπαϊκό_Ταμείο_Περιφερειακής_Ανάπτυξης
http://publicspending.medialab.ntua.gr/resource/paymentAgents/998558201,http://www.w3.org/2002/07/owl#sameAs,http://dbpedia.org/resource/European_Regional_Development_Fund
http://publicspending.medialab.ntua.gr/resource/paymentAgents/999163920,http://www.w3.org/2002/07/owl#sameAs,http://el.dbpedia.org/resource/Τεχνική
http://publicspending.medialab.ntua.gr/resource/paymentAgents/999163920,http://www.w3.org/2002/07/owl#sameAs,http://dbpedia.org/resource/Handicraft
http://publicspending.medialab.ntua.gr/resource/paymentAgents/999163920,http://www.w3.org/2002/07/owl#sameAs,http://el.dbpedia.org/resource/Πρίσμα_(γεωμετρία)
http://publicspending.medialab.ntua.gr/resource/paymentAgents/999163920,http://www.w3.org/2002/07/owl#sameAs,http://dbpedia.org/resource/Prism_(geometry)
http://publicspending.medialab.ntua.gr/resource/paymentAgents/094119190,http://www.w3.org/2002/07/owl#sameAs,http://el.dbpedia.org/resource/Διεθνής_Διαστημικός_Σταθμός
http://publicspending.medialab.ntua.gr/resource/paymentAgents/094119190,http://www.w3.org/2002/07/owl#sameAs,http://dbpedia.org/resource/International_Space_Station
http://publicspending.medialab.ntua.gr/resource/paymentAgents/090197199,http://www.w3.org/2002/07/owl#sameAs,http://el.dbpedia.org/resource/Τεχνολογικό_Εκπαιδευτικό_Ίδρυμα_Πειραιά
http://publicspending.medialab.ntua.gr/resource/paymentAgents/090197199,http://www.w3.org/2002/07/owl#sameAs,http://dbpedia.org/resource/Technological_Educational_Institute_of_Piraeus
http://publicspending.medialab.ntua.gr/resource/paymentAgents/090231161,http://www.w3.org/2002/07/owl#sameAs,http://el.dbpedia.org/resource/Εθνικό_και_Καποδιστριακό_Πανεπιστήμιο_Αθηνών
http://publicspending.medialab.ntua.gr/resource/paymentAgents/090231161,http://www.w3.org/2002/07/owl#sameAs,http://dbpedia.org/resource/National_and_Kapodistrian_University_of_Athens
http://publicspending.medialab.ntua.gr/resource/paymentAgents/090002456,http://www.w3.org/2002/07/owl#sameAs,http://el.dbpedia.org/resource/Ελληνική_Επιτροπή_Διεθνούς_Δημοκρατικής_Αλληλεγγύης
http://publicspending.medialab.ntua.gr/resource/paymentAgents/090002456,http://www.w3.org/2002/07/owl#sameAs,http://el.dbpedia.org/resource/Ελληνική_Ολυμπιακή_Επιτροπή
http://publicspending.medialab.ntua.gr/resource/paymentAgents/090002456,http://www.w3.org/2002/07/owl#sameAs,http://dbpedia.org/resource/Hellenic_Olympic_Committee
http://publicspending.medialab.ntua.gr/resource/paymentAgents/094014249,http://www.w3.org/2002/07/owl#sameAs,http://el.dbpedia.org/resource/Alpha_Bank
http://publicspending.medialab.ntua.gr/resource/paymentAgents/094014249,http://www.w3.org/2002/07/owl#sameAs,http://dbpedia.org/resource/Alpha_Bank
http://publicspending.medialab.ntua.gr/resource/paymentAgents/090015218,http://www.w3.org/2002/07/owl#sameAs,http://el.dbpedia.org/resource/Οικονομικό_Πανεπιστήμιο_Αθηνών
http://publicspending.medialab.ntua.gr/resource/paymentAgents/090015218,http://www.w3.org/2002/07/owl#sameAs,http://dbpedia.org/resource/Athens_University_of_Economics_and_Business
http://publicspending.medialab.ntua.gr/resource/paymentAgents/090003416,http://www.w3.org/2002/07/owl#sameAs,http://el.dbpedia.org/resource/Ίδρυμα_Εθνικού_και_Θρησκευτικού_Προβληματισμού
http://publicspending.medialab.ntua.gr/resource/paymentAgents/090003416,http://www.w3.org/2002/07/owl#sameAs,http://el.dbpedia.org/resource/Εθνικό_Ίδρυμα_Ραδιοφωνίας
http://publicspending.medialab.ntua.gr/resource/paymentAgents/090003416,http://www.w3.org/2002/07/owl#sameAs,http://el.dbpedia.org/resource/Εθνικό_Ίδρυμα_Χωρικών_Σπουδών_(Γαλλία)
http://publicspending.medialab.ntua.gr/resource/paymentAgents/090003416,http://www.w3.org/2002/07/owl#sameAs,http://dbpedia.org/resource/Institut_national_des_études_territoriales
http://publicspending.medialab.ntua.gr/resource/paymentAgents/094112730,http://www.w3.org/2002/07/owl#sameAs,http://el.dbpedia.org/resource/Siemens
http://publicspending.medialab.ntua.gr/resource/paymentAgents/094112730,http://www.w3.org/2002/07/owl#sameAs,http://dbpedia.org/resource/Siemens
http://publicspending.medialab.ntua.gr/resource/paymentAgents/090328837,http://www.w3.org/2002/07/owl#sameAs,http://el.dbpedia.org/resource/Αριστοτέλειο_Πανεπιστήμιο_Θεσσαλονίκης
http://publicspending.medialab.ntua.gr/resource/paymentAgents/090328837,http://www.w3.org/2002/07/owl#sameAs,http://dbpedia.org/resource/Aristotle_University_of_Thessaloniki
http://publicspending.medialab.ntua.gr/resource/paymentAgents/090015163,http://www.w3.org/2002/07/owl#sameAs,http://el.dbpedia.org/resource/Ανωτάτη_Σχολή_Καλών_Τεχνών
http://publicspending.medialab.ntua.gr/resource/paymentAgents/090015163,http://www.w3.org/2002/07/owl#sameAs,http://dbpedia.org/resource/Athens_School_of_Fine_Arts
http://publicspending.medialab.ntua.gr/resource/paymentAgents/090015163,http://www.w3.org/2002/07/owl#sameAs,http://el.dbpedia.org/resource/Σχολή_Καλών_Τεχνών_του_Παρισιού
http://publicspending.medialab.ntua.gr/resource/paymentAgents/090015163,http://www.w3.org/2002/07/owl#sameAs,http://dbpedia.org/resource/École_nationale_supérieure_des_Beaux-Arts
http://publicspending.medialab.ntua.gr/resource/paymentAgents/090213745,http://www.w3.org/2002/07/owl#sameAs,http://el.dbpedia.org/resource/Τεχνολογικό_Εκπαιδευτικό_Ίδρυμα_Σερρών
http://publicspending.medialab.ntua.gr/resource/paymentAgents/099852897,http://www.w3.org/2002/07/owl#sameAs,http://el.dbpedia.org/resource/Επιτροπή_Ανταγωνισμού
http://publicspending.medialab.ntua.gr/resource/paymentAgents/090013502,http://www.w3.org/2002/07/owl#sameAs,http://el.dbpedia.org/resource/Πανεπιστήμιο_Πειραιώς
http://publicspending.medialab.ntua.gr/resource/paymentAgents/090013502,http://www.w3.org/2002/07/owl#sameAs,http://dbpedia.org/resource/University_of_Piraeus
http://publicspending.medialab.ntua.gr/resource/paymentAgents/094349850,http://www.w3.org/2002/07/owl#sameAs,http://el.dbpedia.org/resource/Vodafone
http://publicspending.medialab.ntua.gr/resource/paymentAgents/094349850,http://www.w3.org/2002/07/owl#sameAs,http://dbpedia.org/resource/Vodafone
http://publicspending.medialab.ntua.gr/resource/paymentAgents/090045179,http://www.w3.org/2002/07/owl#sameAs,http://el.dbpedia.org/resource/Επαναστατικό_Κομμουνιστικό_Κίνημα_Ελλάδας
http://publicspending.medialab.ntua.gr/resource/paymentAgents/090045179,http://www.w3.org/2002/07/owl#sameAs,http://dbpedia.org/resource/Revolutionary_Communist_Movement_of_Greece
http://publicspending.medialab.ntua.gr/resource/paymentAgents/999983307,http://www.w3.org/2002/07/owl#sameAs,http://el.dbpedia.org/resource/Κοινωνία_της_γνώσης
http://publicspending.medialab.ntua.gr/resource/paymentAgents/999983307,http://www.w3.org/2002/07/owl#sameAs,http://el.dbpedia.org/resource/Κοινωνία_της_πληροφορίας
http://publicspending.medialab.ntua.gr/resource/paymentAgents/090320852,http://www.w3.org/2002/07/owl#sameAs,http://el.dbpedia.org/resource/Περιφέρεια_Δυτικής_Μακεδονίας
http://publicspending.medialab.ntua.gr/resource/paymentAgents/090320852,http://www.w3.org/2002/07/owl#sameAs,http://dbpedia.org/resource/West_Macedonia
http://publicspending.medialab.ntua.gr/resource/paymentAgents/090320852,http://www.w3.org/2002/07/owl#sameAs,http://el.dbpedia.org/resource/Περιφέρεια_Δυτικής_Ελλάδας
http://publicspending.medialab.ntua.gr/resource/paymentAgents/090320852,http://www.w3.org/2002/07/owl#sameAs,http://dbpedia.org/resource/West_Greece
http://publicspending.medialab.ntua.gr/resource/paymentAgents/999709969,http://www.w3.org/2002/07/owl#sameAs,http://el.dbpedia.org/resource/Χι
http://publicspending.medialab.ntua.gr/resource/paymentAgents/999709969,http://www.w3.org/2002/07/owl#sameAs,http://dbpedia.org/resource/Chi_(letter)
http://publicspending.medialab.ntua.gr/resource/paymentAgents/099361421,http://www.w3.org/2002/07/owl#sameAs,http://el.dbpedia.org/resource/Siemens
http://publicspending.medialab.ntua.gr/resource/paymentAgents/099361421,http://www.w3.org/2002/07/owl#sameAs,http://dbpedia.org/resource/Siemens
http://publicspending.medialab.ntua.gr/resource/paymentAgents/090035567,http://www.w3.org/2002/07/owl#sameAs,http://el.dbpedia.org/resource/Στάδιο_Ειρήνης_και_Φιλίας
http://publicspending.medialab.ntua.gr/resource/paymentAgents/090035567,http://www.w3.org/2002/07/owl#sameAs,http://dbpedia.org/resource/Peace_and_Friendship_Stadium
http://publicspending.medialab.ntua.gr/resource/paymentAgents/800106670,http://www.w3.org/2002/07/owl#sameAs,http://el.dbpedia.org/resource/Γενικό_Νοσοκομείο_Άρτας
http://publicspending.medialab.ntua.gr/resource/paymentAgents/099727226,http://www.w3.org/2002/07/owl#sameAs,http://el.dbpedia.org/resource/Πανεπιστήμιο_Πελοποννήσου
http://publicspending.medialab.ntua.gr/resource/paymentAgents/099727226,http://www.w3.org/2002/07/owl#sameAs,http://dbpedia.org/resource/University_of_Peloponnese
http://publicspending.medialab.ntua.gr/resource/paymentAgents/094493766,http://www.w3.org/2002/07/owl#sameAs,http://el.dbpedia.org/resource/Cosmote
http://publicspending.medialab.ntua.gr/resource/paymentAgents/094493766,http://www.w3.org/2002/07/owl#sameAs,http://dbpedia.org/resource/Cosmote
http://publicspending.medialab.ntua.gr/resource/paymentAgents/099456077,http://www.w3.org/2002/07/owl#sameAs,http://el.dbpedia.org/resource/Εθνικό_Μουσείο_Σύγχρονης_Τέχνης
http://publicspending.medialab.ntua.gr/resource/paymentAgents/099456077,http://www.w3.org/2002/07/owl#sameAs,http://dbpedia.org/resource/National_Museum_of_Contemporary_Art,_Athens
http://publicspending.medialab.ntua.gr/resource/paymentAgents/999054893,http://www.w3.org/2002/07/owl#sameAs,http://el.dbpedia.org/resource/Γράμμος
http://publicspending.medialab.ntua.gr/resource/paymentAgents/999054893,http://www.w3.org/2002/07/owl#sameAs,http://dbpedia.org/resource/Gramos
http://publicspending.medialab.ntua.gr/resource/paymentAgents/094051478,http://www.w3.org/2002/07/owl#sameAs,http://el.dbpedia.org/resource/Ηλεκτρικοί_Σιδηρόδρομοι_Αθηνών_-_Πειραιώς
http://publicspending.medialab.ntua.gr/resource/paymentAgents/094051478,http://www.w3.org/2002/07/owl#sameAs,http://dbpedia.org/resource/ISAP
http://publicspending.medialab.ntua.gr/resource/paymentAgents/998554158,http://www.w3.org/2002/07/owl#sameAs,http://el.dbpedia.org/resource/Οργανισμός_Ασφάλισης_Ελεύθερων_Επαγγελματιών
http://publicspending.medialab.ntua.gr/resource/paymentAgents/094027282,http://www.w3.org/2002/07/owl#sameAs,http://el.dbpedia.org/resource/Ελληνικό_Κέντρο_Θαλασσίων_Ερευνών
http://publicspending.medialab.ntua.gr/resource/paymentAgents/094027282,http://www.w3.org/2002/07/owl#sameAs,http://el.dbpedia.org/resource/Ελληνικό_Κέντρο_Περίθαλψης_Αγρίων_Ζώων
http://publicspending.medialab.ntua.gr/resource/paymentAgents/090037063,http://www.w3.org/2002/07/owl#sameAs,http://el.dbpedia.org/resource/Γεώργιος_Τομπάζης
http://publicspending.medialab.ntua.gr/resource/paymentAgents/094394659,http://www.w3.org/2002/07/owl#sameAs,http://el.dbpedia.org/resource/Σολ
http://publicspending.medialab.ntua.gr/resource/paymentAgents/094394659,http://www.w3.org/2002/07/owl#sameAs,http://dbpedia.org/resource/Sol
http://publicspending.medialab.ntua.gr/resource/paymentAgents/099616784,http://www.w3.org/2002/07/owl#sameAs,http://el.dbpedia.org/resource/Γενικό_Νοσοκομείο_Άρτας
http://publicspending.medialab.ntua.gr/resource/paymentAgents/090224410,http://www.w3.org/2002/07/owl#sameAs,http://el.dbpedia.org/resource/Περιφέρεια_Πελοποννήσου
http://publicspending.medialab.ntua.gr/resource/paymentAgents/090224410,http://www.w3.org/2002/07/owl#sameAs,http://dbpedia.org/resource/Peloponnese_(region)
http://publicspending.medialab.ntua.gr/resource/paymentAgents/094456875,http://www.w3.org/2002/07/owl#sameAs,http://el.dbpedia.org/resource/Siemens
http://publicspending.medialab.ntua.gr/resource/paymentAgents/094456875,http://www.w3.org/2002/07/owl#sameAs,http://dbpedia.org/resource/Siemens
http://publicspending.medialab.ntua.gr/resource/paymentAgents/094419265,http://www.w3.org/2002/07/owl#sameAs,http://el.dbpedia.org/resource/Σύστημα_Μέσων_Μαζικής_Μεταφοράς_Αθηνών
http://publicspending.medialab.ntua.gr/resource/paymentAgents/094419265,http://www.w3.org/2002/07/owl#sameAs,http://dbpedia.org/resource/Athens_Mass_Transit_System
http://publicspending.medialab.ntua.gr/resource/paymentAgents/999562826,http://www.w3.org/2002/07/owl#sameAs,http://el.dbpedia.org/resource/Πανεπιστήμιο_Μακεδονίας
http://publicspending.medialab.ntua.gr/resource/paymentAgents/999562826,http://www.w3.org/2002/07/owl#sameAs,http://dbpedia.org/resource/University_of_Macedonia
http://publicspending.medialab.ntua.gr/resource/paymentAgents/999562826,http://www.w3.org/2002/07/owl#sameAs,http://el.dbpedia.org/resource/Πανεπιστήμιο_Δυτικής_Μακεδονίας
http://publicspending.medialab.ntua.gr/resource/paymentAgents/999562826,http://www.w3.org/2002/07/owl#sameAs,http://dbpedia.org/resource/University_of_Western_Macedonia
http://publicspending.medialab.ntua.gr/resource/paymentAgents/999562826,http://www.w3.org/2002/07/owl#sameAs,http://el.dbpedia.org/resource/Πανεπιστήμιο_Δυτικής_Ελλάδας
http://publicspending.medialab.ntua.gr/resource/paymentAgents/999562826,http://www.w3.org/2002/07/owl#sameAs,http://el.dbpedia.org/resource/Δ.Π.Μ.Σ._στα_Πληροφοριακά_Συστήματα,_Πανεπιστήμιο_Μακεδονίας
http://publicspending.medialab.ntua.gr/resource/paymentAgents/999262830,http://www.w3.org/2002/07/owl#sameAs,http://el.dbpedia.org/resource/Γενικό_Νοσοκομείο_Άρτας
http://publicspending.medialab.ntua.gr/resource/paymentAgents/099039233,http://www.w3.org/2002/07/owl#sameAs,http://el.dbpedia.org/resource/Φίλιππος
http://publicspending.medialab.ntua.gr/resource/paymentAgents/099039233,http://www.w3.org/2002/07/owl#sameAs,http://dbpedia.org/resource/Philip
http://publicspending.medialab.ntua.gr/resource/paymentAgents/998313850,http://www.w3.org/2002/07/owl#sameAs,http://el.dbpedia.org/resource/Μουσείο_Ακρόπολης
http://publicspending.medialab.ntua.gr/resource/paymentAgents/998313850,http://www.w3.org/2002/07/owl#sameAs,http://dbpedia.org/resource/Acropolis_Museum
http://publicspending.medialab.ntua.gr/resource/paymentAgents/090165896,http://www.w3.org/2002/07/owl#sameAs,http://el.dbpedia.org/resource/Χαροκόπειο_Πανεπιστήμιο
http://publicspending.medialab.ntua.gr/resource/paymentAgents/090165896,http://www.w3.org/2002/07/owl#sameAs,http://dbpedia.org/resource/Harokopio_University
http://publicspending.medialab.ntua.gr/resource/paymentAgents/090165896,http://www.w3.org/2002/07/owl#sameAs,http://el.dbpedia.org/resource/Βιβλιοθήκη_και_Κέντρο_Πληροφόρησης_-_Χαροκόπειο_Πανεπιστήμιο
http://publicspending.medialab.ntua.gr/resource/paymentAgents/094326270,http://www.w3.org/2002/07/owl#sameAs,http://el.dbpedia.org/resource/ATEbank
http://publicspending.medialab.ntua.gr/resource/paymentAgents/094326270,http://www.w3.org/2002/07/owl#sameAs,http://dbpedia.org/resource/ATEbank
http://publicspending.medialab.ntua.gr/resource/paymentAgents/998968091,http://www.w3.org/2002/07/owl#sameAs,http://el.dbpedia.org/resource/Φωτεινά_Πιερίας
http://publicspending.medialab.ntua.gr/resource/paymentAgents/998968091,http://www.w3.org/2002/07/owl#sameAs,http://dbpedia.org/resource/Foteina
http://publicspending.medialab.ntua.gr/resource/paymentAgents/999332664,http://www.w3.org/2002/07/owl#sameAs,http://el.dbpedia.org/resource/Μηχανική
http://publicspending.medialab.ntua.gr/resource/paymentAgents/999332664,http://www.w3.org/2002/07/owl#sameAs,http://dbpedia.org/resource/Mechanics
http://publicspending.medialab.ntua.gr/resource/paymentAgents/999332664,http://www.w3.org/2002/07/owl#sameAs,http://el.dbpedia.org/resource/Μηχανικό
http://publicspending.medialab.ntua.gr/resource/paymentAgents/999332664,http://www.w3.org/2002/07/owl#sameAs,http://dbpedia.org/resource/Sapper
http://publicspending.medialab.ntua.gr/resource/paymentAgents/999332664,http://www.w3.org/2002/07/owl#sameAs,http://el.dbpedia.org/resource/Μοτοσικλέτα
http://publicspending.medialab.ntua.gr/resource/paymentAgents/999332664,http://www.w3.org/2002/07/owl#sameAs,http://dbpedia.org/resource/Motorcycle
http://publicspending.medialab.ntua.gr/resource/paymentAgents/090157872,http://www.w3.org/2002/07/owl#sameAs,http://el.dbpedia.org/resource/Εθνικός_Οργανισμός_Φαρμάκων
http://publicspending.medialab.ntua.gr/resource/paymentAgents/090157872,http://www.w3.org/2002/07/owl#sameAs,http://el.dbpedia.org/resource/Εθνικός_Οργανισμός_Παροχής_Υπηρεσιών_Υγείας
http://publicspending.medialab.ntua.gr/resource/paymentAgents/090157872,http://www.w3.org/2002/07/owl#sameAs,http://el.dbpedia.org/resource/Εθνικός_Οργανισμός_Πληροφοριακών_Προτύπων
http://publicspending.medialab.ntua.gr/resource/paymentAgents/997688869,http://www.w3.org/2002/07/owl#sameAs,http://el.dbpedia.org/resource/Αλέξανδρος
http://publicspending.medialab.ntua.gr/resource/paymentAgents/998035924,http://www.w3.org/2002/07/owl#sameAs,http://el.dbpedia.org/resource/Γεώργιος_(όνομα)
http://publicspending.medialab.ntua.gr/resource/paymentAgents/998035924,http://www.w3.org/2002/07/owl#sameAs,http://dbpedia.org/resource/George_(given_name)
http://publicspending.medialab.ntua.gr/resource/paymentAgents/998035924,http://www.w3.org/2002/07/owl#sameAs,http://el.dbpedia.org/resource/Ευρωπαϊκή_Ένωση
http://publicspending.medialab.ntua.gr/resource/paymentAgents/998035924,http://www.w3.org/2002/07/owl#sameAs,http://dbpedia.org/resource/European_Union
http://publicspending.medialab.ntua.gr/resource/paymentAgents/998035924,http://www.w3.org/2002/07/owl#sameAs,http://el.dbpedia.org/resource/Πατρίς
http://publicspending.medialab.ntua.gr/resource/paymentAgents/094056437,http://www.w3.org/2002/07/owl#sameAs,http://el.dbpedia.org/resource/Bayer_AG
http://publicspending.medialab.ntua.gr/resource/paymentAgents/094056437,http://www.w3.org/2002/07/owl#sameAs,http://dbpedia.org/resource/Bayer
http://publicspending.medialab.ntua.gr/resource/paymentAgents/094332079,http://www.w3.org/2002/07/owl#sameAs,http://el.dbpedia.org/resource/Intracom
http://publicspending.medialab.ntua.gr/resource/paymentAgents/094332079,http://www.w3.org/2002/07/owl#sameAs,http://dbpedia.org/resource/Intracom
http://publicspending.medialab.ntua.gr/resource/paymentAgents/094014250,http://www.w3.org/2002/07/owl#sameAs,http://el.dbpedia.org/resource/EFG_Eurobank_Ergasias
http://publicspending.medialab.ntua.gr/resource/paymentAgents/094014250,http://www.w3.org/2002/07/owl#sameAs,http://dbpedia.org/resource/Eurobank_EFG
http://publicspending.medialab.ntua.gr/resource/paymentAgents/094014250,http://www.w3.org/2002/07/owl#sameAs,http://el.dbpedia.org/resource/EFG_Eurobank_Ergasias
http://publicspending.medialab.ntua.gr/resource/paymentAgents/094014250,http://www.w3.org/2002/07/owl#sameAs,http://dbpedia.org/resource/Eurobank_EFG
http://publicspending.medialab.ntua.gr/resource/paymentAgents/099703799,http://www.w3.org/2002/07/owl#sameAs,http://el.dbpedia.org/resource/Γενικό_Νοσοκομείο_Άρτας
http://publicspending.medialab.ntua.gr/resource/paymentAgents/090017680,http://www.w3.org/2002/07/owl#sameAs,http://el.dbpedia.org/resource/Ναυτικό_Απομαχικό_Ταμείο
http://publicspending.medialab.ntua.gr/resource/paymentAgents/090074427,http://www.w3.org/2002/07/owl#sameAs,http://el.dbpedia.org/resource/Κρατικό_Μουσείο_Σύγχρονης_Τέχνης
http://publicspending.medialab.ntua.gr/resource/paymentAgents/090074427,http://www.w3.org/2002/07/owl#sameAs,http://dbpedia.org/resource/State_Museum_of_Contemporary_Art
http://publicspending.medialab.ntua.gr/resource/paymentAgents/998871373,http://www.w3.org/2002/07/owl#sameAs,http://el.dbpedia.org/resource/Μοχλός
http://publicspending.medialab.ntua.gr/resource/paymentAgents/998871373,http://www.w3.org/2002/07/owl#sameAs,http://dbpedia.org/resource/Lever
http://publicspending.medialab.ntua.gr/resource/paymentAgents/997582264,http://www.w3.org/2002/07/owl#sameAs,http://el.dbpedia.org/resource/Γεώργιος_(όνομα)
http://publicspending.medialab.ntua.gr/resource/paymentAgents/997582264,http://www.w3.org/2002/07/owl#sameAs,http://dbpedia.org/resource/George_(given_name)
http://publicspending.medialab.ntua.gr/resource/paymentAgents/090297487,http://www.w3.org/2002/07/owl#sameAs,http://el.dbpedia.org/resource/Νομαρχιακή_Αυτοδιοίκηση_Αθηνών_-_Πειραιώς
http://publicspending.medialab.ntua.gr/resource/paymentAgents/999355106,http://www.w3.org/2002/07/owl#sameAs,http://el.dbpedia.org/resource/Ελληνικό_Κέντρο_Θαλασσίων_Ερευνών
http://publicspending.medialab.ntua.gr/resource/paymentAgents/998399720,http://www.w3.org/2002/07/owl#sameAs,http://el.dbpedia.org/resource/Ελικώνας
http://publicspending.medialab.ntua.gr/resource/paymentAgents/998399720,http://www.w3.org/2002/07/owl#sameAs,http://dbpedia.org/resource/Mount_Helicon
http://publicspending.medialab.ntua.gr/resource/paymentAgents/998399720,http://www.w3.org/2002/07/owl#sameAs,http://el.dbpedia.org/resource/Γλύκων
http://publicspending.medialab.ntua.gr/resource/paymentAgents/998399720,http://www.w3.org/2002/07/owl#sameAs,http://el.dbpedia.org/resource/Βιαμάξ
http://publicspending.medialab.ntua.gr/resource/paymentAgents/998399720,http://www.w3.org/2002/07/owl#sameAs,http://dbpedia.org/resource/Biamax
http://publicspending.medialab.ntua.gr/resource/paymentAgents/090052005,http://www.w3.org/2002/07/owl#sameAs,http://el.dbpedia.org/resource/Υπηρεσία_Πολιτικής_Αεροπορίας
http://publicspending.medialab.ntua.gr/resource/paymentAgents/090052005,http://www.w3.org/2002/07/owl#sameAs,http://dbpedia.org/resource/Hellenic_Civil_Aviation_Authority
http://publicspending.medialab.ntua.gr/resource/paymentAgents/999894869,http://www.w3.org/2002/07/owl#sameAs,http://el.dbpedia.org/resource/Γενικό_σύγγραμμα
http://publicspending.medialab.ntua.gr/resource/paymentAgents/999894869,http://www.w3.org/2002/07/owl#sameAs,http://el.dbpedia.org/resource/Γενικό_Νοσοκομείο_Άρτας
http://publicspending.medialab.ntua.gr/resource/paymentAgents/999894869,http://www.w3.org/2002/07/owl#sameAs,http://el.dbpedia.org/resource/Γενική_Οργάνωση_Στρατού
http://publicspending.medialab.ntua.gr/resource/paymentAgents/998939913,http://www.w3.org/2002/07/owl#sameAs,http://el.dbpedia.org/resource/Olympic_Air
http://publicspending.medialab.ntua.gr/resource/paymentAgents/998939913,http://www.w3.org/2002/07/owl#sameAs,http://dbpedia.org/resource/Olympic_Air
http://publicspending.medialab.ntua.gr/resource/paymentAgents/099610130,http://www.w3.org/2002/07/owl#sameAs,http://el.dbpedia.org/resource/Οργανισμός_Εργατικής_Κατοικίας
http://publicspending.medialab.ntua.gr/resource/paymentAgents/094014237,http://www.w3.org/2002/07/owl#sameAs,http://el.dbpedia.org/resource/Εμπορική_Τράπεζα_της_Ελλάδος
http://publicspending.medialab.ntua.gr/resource/paymentAgents/094014237,http://www.w3.org/2002/07/owl#sameAs,http://dbpedia.org/resource/Emporiki_Bank
http://publicspending.medialab.ntua.gr/resource/paymentAgents/998325221,http://www.w3.org/2002/07/owl#sameAs,http://el.dbpedia.org/resource/Διόσκουροι
http://publicspending.medialab.ntua.gr/resource/paymentAgents/998325221,http://www.w3.org/2002/07/owl#sameAs,http://dbpedia.org/resource/Castor_and_Pollux
http://publicspending.medialab.ntua.gr/resource/paymentAgents/999655324,http://www.w3.org/2002/07/owl#sameAs,http://el.dbpedia.org/resource/Ανώτατη_Σχολή_Παιδαγωγικής_και_Τεχνολογικής_Εκπαίδευσης
http://publicspending.medialab.ntua.gr/resource/paymentAgents/999655324,http://www.w3.org/2002/07/owl#sameAs,http://dbpedia.org/resource/School_of_Pedagogical_and_Technological_Education
http://publicspending.medialab.ntua.gr/resource/paymentAgents/998430819,http://www.w3.org/2002/07/owl#sameAs,http://el.dbpedia.org/resource/Μίλητος
http://publicspending.medialab.ntua.gr/resource/paymentAgents/998430819,http://www.w3.org/2002/07/owl#sameAs,http://dbpedia.org/resource/Miletus
http://publicspending.medialab.ntua.gr/resource/paymentAgents/998430819,http://www.w3.org/2002/07/owl#sameAs,http://el.dbpedia.org/resource/Σκύλος
http://publicspending.medialab.ntua.gr/resource/paymentAgents/998430819,http://www.w3.org/2002/07/owl#sameAs,http://dbpedia.org/resource/Dog
http://publicspending.medialab.ntua.gr/resource/paymentAgents/998430819,http://www.w3.org/2002/07/owl#sameAs,http://el.dbpedia.org/resource/Μίλατος_Λασιθίου
http://publicspending.medialab.ntua.gr/resource/paymentAgents/998430819,http://www.w3.org/2002/07/owl#sameAs,http://el.dbpedia.org/resource/Σκύλης
http://publicspending.medialab.ntua.gr/resource/paymentAgents/998430819,http://www.w3.org/2002/07/owl#sameAs,http://el.dbpedia.org/resource/Σκώλος
http://publicspending.medialab.ntua.gr/resource/paymentAgents/998430819,http://www.w3.org/2002/07/owl#sameAs,http://el.dbpedia.org/resource/Εταιρεία_Περιορισμένης_Ευθύνης
http://publicspending.medialab.ntua.gr/resource/paymentAgents/998430819,http://www.w3.org/2002/07/owl#sameAs,http://dbpedia.org/resource/Limited_liability_company
http://publicspending.medialab.ntua.gr/resource/paymentAgents/998430819,http://www.w3.org/2002/07/owl#sameAs,http://el.dbpedia.org/resource/Μελάτες
http://publicspending.medialab.ntua.gr/resource/paymentAgents/999723430,http://www.w3.org/2002/07/owl#sameAs,http://el.dbpedia.org/resource/ΕΚΚΑ
http://publicspending.medialab.ntua.gr/resource/paymentAgents/997953577,http://www.w3.org/2002/07/owl#sameAs,http://el.dbpedia.org/resource/Διοικητική_αποκέντρωση
http://publicspending.medialab.ntua.gr/resource/paymentAgents/997953577,http://www.w3.org/2002/07/owl#sameAs,http://dbpedia.org/resource/Decentralization
http://publicspending.medialab.ntua.gr/resource/paymentAgents/997953577,http://www.w3.org/2002/07/owl#sameAs,http://el.dbpedia.org/resource/Αποκεντρωμένη_διοίκηση_(πρόγραμμα_Καλλικράτης)
http://publicspending.medialab.ntua.gr/resource/paymentAgents/099912223,http://www.w3.org/2002/07/owl#sameAs,http://el.dbpedia.org/resource/Συνήγορος_του_Πολίτη
http://publicspending.medialab.ntua.gr/resource/paymentAgents/099912223,http://www.w3.org/2002/07/owl#sameAs,http://dbpedia.org/resource/Ombudsman
http://publicspending.medialab.ntua.gr/resource/paymentAgents/999186484,http://www.w3.org/2002/07/owl#sameAs,http://el.dbpedia.org/resource/Construction_Time_Again_Tour
http://publicspending.medialab.ntua.gr/resource/paymentAgents/999186484,http://www.w3.org/2002/07/owl#sameAs,http://dbpedia.org/resource/Construction_Time_Again_Tour
http://publicspending.medialab.ntua.gr/resource/paymentAgents/999669027,http://www.w3.org/2002/07/owl#sameAs,http://el.dbpedia.org/resource/Γενικό_Νοσοκομείο_Άρτας
http://publicspending.medialab.ntua.gr/resource/paymentAgents/094289571,http://www.w3.org/2002/07/owl#sameAs,http://el.dbpedia.org/resource/Κρι-κρι
http://publicspending.medialab.ntua.gr/resource/paymentAgents/094289571,http://www.w3.org/2002/07/owl#sameAs,http://dbpedia.org/resource/Kri-kri
http://publicspending.medialab.ntua.gr/resource/paymentAgents/090365335,http://www.w3.org/2002/07/owl#sameAs,http://el.dbpedia.org/resource/Ελεγκτικό_Συνέδριο
http://publicspending.medialab.ntua.gr/resource/paymentAgents/090365335,http://www.w3.org/2002/07/owl#sameAs,http://dbpedia.org/resource/Court_of_Audit_(Greece)
http://publicspending.medialab.ntua.gr/resource/paymentAgents/998093595,http://www.w3.org/2002/07/owl#sameAs,http://el.dbpedia.org/resource/Αλκιβιάδης
http://publicspending.medialab.ntua.gr/resource/paymentAgents/998093595,http://www.w3.org/2002/07/owl#sameAs,http://dbpedia.org/resource/Alcibiades
http://publicspending.medialab.ntua.gr/resource/paymentAgents/998093595,http://www.w3.org/2002/07/owl#sameAs,http://el.dbpedia.org/resource/Βήτα
http://publicspending.medialab.ntua.gr/resource/paymentAgents/998093595,http://www.w3.org/2002/07/owl#sameAs,http://dbpedia.org/resource/Beta
http://publicspending.medialab.ntua.gr/resource/paymentAgents/998093595,http://www.w3.org/2002/07/owl#sameAs,http://el.dbpedia.org/resource/Ανάπτυξη
http://publicspending.medialab.ntua.gr/resource/paymentAgents/998093595,http://www.w3.org/2002/07/owl#sameAs,http://dbpedia.org/resource/Growth
http://publicspending.medialab.ntua.gr/resource/paymentAgents/997925591,http://www.w3.org/2002/07/owl#sameAs,http://el.dbpedia.org/resource/Πανηπειρωτικός_Αθλητικός_Σύλλογος_Γιάννινα
http://publicspending.medialab.ntua.gr/resource/paymentAgents/997925591,http://www.w3.org/2002/07/owl#sameAs,http://dbpedia.org/resource/PAS_Giannina_F.C.
http://publicspending.medialab.ntua.gr/resource/paymentAgents/090281730,http://www.w3.org/2002/07/owl#sameAs,http://el.dbpedia.org/resource/Νομαρχιακή_Αυτοδιοίκηση_Αθηνών_-_Πειραιώς
http://publicspending.medialab.ntua.gr/resource/paymentAgents/997898375,http://www.w3.org/2002/07/owl#sameAs,http://el.dbpedia.org/resource/Κάππα
http://publicspending.medialab.ntua.gr/resource/paymentAgents/997898375,http://www.w3.org/2002/07/owl#sameAs,http://dbpedia.org/resource/Kappa
http://publicspending.medialab.ntua.gr/resource/paymentAgents/999854442,http://www.w3.org/2002/07/owl#sameAs,http://el.dbpedia.org/resource/Γενική_Γραμματεία_Νέας_Γενιάς
http://publicspending.medialab.ntua.gr/resource/paymentAgents/090200100,http://www.w3.org/2002/07/owl#sameAs,http://el.dbpedia.org/resource/Τεχνολογικό_Εκπαιδευτικό_Ίδρυμα_Λαμίας
http://publicspending.medialab.ntua.gr/resource/paymentAgents/099765151,http://www.w3.org/2002/07/owl#sameAs,http://el.dbpedia.org/resource/Ενιαίος_Φορέας_Ελέγχου_Τροφίμων
http://publicspending.medialab.ntua.gr/resource/paymentAgents/999021745,http://www.w3.org/2002/07/owl#sameAs,http://el.dbpedia.org/resource/Πέτρων
http://publicspending.medialab.ntua.gr/resource/paymentAgents/999021745,http://www.w3.org/2002/07/owl#sameAs,http://el.dbpedia.org/resource/Οττάβα
http://publicspending.medialab.ntua.gr/resource/paymentAgents/999021745,http://www.w3.org/2002/07/owl#sameAs,http://dbpedia.org/resource/Ottawa
http://publicspending.medialab.ntua.gr/resource/paymentAgents/999296624,http://www.w3.org/2002/07/owl#sameAs,http://el.dbpedia.org/resource/Γενικό_Νοσοκομείο_Άρτας
http://publicspending.medialab.ntua.gr/resource/paymentAgents/997679492,http://www.w3.org/2002/07/owl#sameAs,http://el.dbpedia.org/resource/Μι
http://publicspending.medialab.ntua.gr/resource/paymentAgents/997679492,http://www.w3.org/2002/07/owl#sameAs,http://dbpedia.org/resource/Mu_(letter)
http://publicspending.medialab.ntua.gr/resource/paymentAgents/997679492,http://www.w3.org/2002/07/owl#sameAs,http://el.dbpedia.org/resource/Μιχαήλ
http://publicspending.medialab.ntua.gr/resource/paymentAgents/997679492,http://www.w3.org/2002/07/owl#sameAs,http://dbpedia.org/resource/Michael_(disambiguation)
http://publicspending.medialab.ntua.gr/resource/paymentAgents/999528925,http://www.w3.org/2002/07/owl#sameAs,http://el.dbpedia.org/resource/Γενικό_Νοσοκομείο_Άρτας
http://publicspending.medialab.ntua.gr/resource/paymentAgents/090280677,http://www.w3.org/2002/07/owl#sameAs,http://el.dbpedia.org/resource/Επιτροπή_Κεφαλαιαγοράς
http://publicspending.medialab.ntua.gr/resource/paymentAgents/090280677,http://www.w3.org/2002/07/owl#sameAs,http://dbpedia.org/resource/Hellenic_Capital_Market_Commission
http://publicspending.medialab.ntua.gr/resource/paymentAgents/997586865,http://www.w3.org/2002/07/owl#sameAs,http://el.dbpedia.org/resource/Αρχή_προστασίας_ανταγωνισμού
http://publicspending.medialab.ntua.gr/resource/paymentAgents/997586865,http://www.w3.org/2002/07/owl#sameAs,http://dbpedia.org/resource/Competition_regulator
http://publicspending.medialab.ntua.gr/resource/paymentAgents/999103517,http://www.w3.org/2002/07/owl#sameAs,http://el.dbpedia.org/resource/Εθνικό_Κέντρο_Βιβλίου
http://publicspending.medialab.ntua.gr/resource/paymentAgents/999103517,http://www.w3.org/2002/07/owl#sameAs,http://el.dbpedia.org/resource/Εθνικό_Κέντρο_Τεκμηρίωσης
http://publicspending.medialab.ntua.gr/resource/paymentAgents/999103517,http://www.w3.org/2002/07/owl#sameAs,http://el.dbpedia.org/resource/Εθνικό_Κέντρο_Έρευνας_Φυσικών_Επιστημών_«Δημόκριτος»
http://publicspending.medialab.ntua.gr/resource/paymentAgents/999103517,http://www.w3.org/2002/07/owl#sameAs,http://dbpedia.org/resource/National_Centre_of_Scientific_Research_%22DEMOKRITOS%22
http://publicspending.medialab.ntua.gr/resource/paymentAgents/094024440,http://www.w3.org/2002/07/owl#sameAs,http://el.dbpedia.org/resource/Νοσηλευτική
http://publicspending.medialab.ntua.gr/resource/paymentAgents/094024440,http://www.w3.org/2002/07/owl#sameAs,http://dbpedia.org/resource/Nursing
http://publicspending.medialab.ntua.gr/resource/paymentAgents/094024440,http://www.w3.org/2002/07/owl#sameAs,http://el.dbpedia.org/resource/Νοσηλευτικό_Κέντρο_Λίλιαν_Γκ._Κάρτερ
http://publicspending.medialab.ntua.gr/resource/paymentAgents/094024440,http://www.w3.org/2002/07/owl#sameAs,http://dbpedia.org/resource/Lillian_G._Carter_Nursing_Center
http://publicspending.medialab.ntua.gr/resource/paymentAgents/999127644,http://www.w3.org/2002/07/owl#sameAs,http://el.dbpedia.org/resource/Φωτεινά_Πιερίας
http://publicspending.medialab.ntua.gr/resource/paymentAgents/999127644,http://www.w3.org/2002/07/owl#sameAs,http://dbpedia.org/resource/Foteina
http://publicspending.medialab.ntua.gr/resource/paymentAgents/090340107,http://www.w3.org/2002/07/owl#sameAs,http://el.dbpedia.org/resource/Κρατική_Ορχήστρα_Αθηνών
http://publicspending.medialab.ntua.gr/resource/paymentAgents/094081077,http://www.w3.org/2002/07/owl#sameAs,http://el.dbpedia.org/resource/Ευρωπαϊκός_Οργανισμός_Διαστήματος
http://publicspending.medialab.ntua.gr/resource/paymentAgents/094081077,http://www.w3.org/2002/07/owl#sameAs,http://dbpedia.org/resource/European_Space_Agency
http://publicspending.medialab.ntua.gr/resource/paymentAgents/094081077,http://www.w3.org/2002/07/owl#sameAs,http://el.dbpedia.org/resource/Ευρωπαϊκός_Οργανισμός_Διπλωμάτων_Ευρεσιτεχνίας
http://publicspending.medialab.ntua.gr/resource/paymentAgents/094081077,http://www.w3.org/2002/07/owl#sameAs,http://dbpedia.org/resource/European_Patent_Organisation
http://publicspending.medialab.ntua.gr/resource/paymentAgents/023541415,http://www.w3.org/2002/07/owl#sameAs,http://el.dbpedia.org/resource/Γιάννης_Καλιτζάκης
http://publicspending.medialab.ntua.gr/resource/paymentAgents/023541415,http://www.w3.org/2002/07/owl#sameAs,http://dbpedia.org/resource/Ioannis_Kalitzakis
http://publicspending.medialab.ntua.gr/resource/paymentAgents/094537398,http://www.w3.org/2002/07/owl#sameAs,http://el.dbpedia.org/resource/Ελληνικός_Οργανισμός_Τυποποίησης
http://publicspending.medialab.ntua.gr/resource/paymentAgents/090262659,http://www.w3.org/2002/07/owl#sameAs,http://el.dbpedia.org/resource/Περιφέρεια_Θεσσαλίας
http://publicspending.medialab.ntua.gr/resource/paymentAgents/090160667,http://www.w3.org/2002/07/owl#sameAs,http://el.dbpedia.org/resource/Νομαρχιακή_Αυτοδιοίκηση_Αθηνών_-_Πειραιώς
http://publicspending.medialab.ntua.gr/resource/paymentAgents/094444827,http://www.w3.org/2002/07/owl#sameAs,http://el.dbpedia.org/resource/Forthnet
http://publicspending.medialab.ntua.gr/resource/paymentAgents/094444827,http://www.w3.org/2002/07/owl#sameAs,http://dbpedia.org/resource/Forthnet
http://publicspending.medialab.ntua.gr/resource/paymentAgents/999009824,http://www.w3.org/2002/07/owl#sameAs,http://el.dbpedia.org/resource/Άλφα
http://publicspending.medialab.ntua.gr/resource/paymentAgents/999009824,http://www.w3.org/2002/07/owl#sameAs,http://dbpedia.org/resource/Alpha
http://publicspending.medialab.ntua.gr/resource/paymentAgents/999009824,http://www.w3.org/2002/07/owl#sameAs,http://el.dbpedia.org/resource/Έψιλον
http://publicspending.medialab.ntua.gr/resource/paymentAgents/999009824,http://www.w3.org/2002/07/owl#sameAs,http://dbpedia.org/resource/Epsilon
http://publicspending.medialab.ntua.gr/resource/paymentAgents/999009824,http://www.w3.org/2002/07/owl#sameAs,http://el.dbpedia.org/resource/Ταυ
http://publicspending.medialab.ntua.gr/resource/paymentAgents/999009824,http://www.w3.org/2002/07/owl#sameAs,http://dbpedia.org/resource/Tau
http://publicspending.medialab.ntua.gr/resource/paymentAgents/999009824,http://www.w3.org/2002/07/owl#sameAs,http://el.dbpedia.org/resource/Τεχνική
http://publicspending.medialab.ntua.gr/resource/paymentAgents/999009824,http://www.w3.org/2002/07/owl#sameAs,http://dbpedia.org/resource/Handicraft
http://publicspending.medialab.ntua.gr/resource/paymentAgents/999009824,http://www.w3.org/2002/07/owl#sameAs,http://el.dbpedia.org/resource/Διάτμηση
http://publicspending.medialab.ntua.gr/resource/paymentAgents/022617152,http://www.w3.org/2002/07/owl#sameAs,http://el.dbpedia.org/resource/Ιωάννης_Π._Παρασκευόπουλος
http://publicspending.medialab.ntua.gr/resource/paymentAgents/022617152,http://www.w3.org/2002/07/owl#sameAs,http://dbpedia.org/resource/Ioannis_Paraskevopoulos
http://publicspending.medialab.ntua.gr/resource/paymentAgents/022617152,http://www.w3.org/2002/07/owl#sameAs,http://el.dbpedia.org/resource/Παναγιώτης_Παρασκευόπουλος
http://publicspending.medialab.ntua.gr/resource/paymentAgents/022617152,http://www.w3.org/2002/07/owl#sameAs,http://dbpedia.org/resource/Panagiotis_Paraskevopoulos
http://publicspending.medialab.ntua.gr/resource/paymentAgents/997580420,http://www.w3.org/2002/07/owl#sameAs,http://el.dbpedia.org/resource/Κράτος
http://publicspending.medialab.ntua.gr/resource/paymentAgents/997580420,http://www.w3.org/2002/07/owl#sameAs,http://dbpedia.org/resource/State_(polity)
http://publicspending.medialab.ntua.gr/resource/paymentAgents/997580420,http://www.w3.org/2002/07/owl#sameAs,http://el.dbpedia.org/resource/Κράτης
http://publicspending.medialab.ntua.gr/resource/paymentAgents/997580420,http://www.w3.org/2002/07/owl#sameAs,http://dbpedia.org/resource/Crates
http://publicspending.medialab.ntua.gr/resource/paymentAgents/094016600,http://www.w3.org/2002/07/owl#sameAs,http://el.dbpedia.org/resource/Ελληνική_Βιομηχανία_Οχημάτων
http://publicspending.medialab.ntua.gr/resource/paymentAgents/094016600,http://www.w3.org/2002/07/owl#sameAs,http://dbpedia.org/resource/ELBO
http://publicspending.medialab.ntua.gr/resource/paymentAgents/999200723,http://www.w3.org/2002/07/owl#sameAs,http://el.dbpedia.org/resource/Γενικό_Νοσοκομείο_Άρτας
http://publicspending.medialab.ntua.gr/resource/paymentAgents/099324100,http://www.w3.org/2002/07/owl#sameAs,http://el.dbpedia.org/resource/Ανώτατο_Συμβούλιο_Επιλογής_Προσωπικού
http://publicspending.medialab.ntua.gr/resource/paymentAgents/099324100,http://www.w3.org/2002/07/owl#sameAs,http://dbpedia.org/resource/Supreme_Council_for_Personnel_Selection
