http://publicspending.medialab.ntua.gr/resource/paymentAgents/090003373,http://www.w3.org/2002/07/owl#sameAs,http://dbpedia.org/resource/Mexican_Social_Security_Institute
http://publicspending.medialab.ntua.gr/resource/paymentAgents/090003373,http://www.w3.org/2002/07/owl#sameAs,http://dbpedia.org/resource/Institute_for_Social_Security_and_Services_for_State_Workers
http://publicspending.medialab.ntua.gr/resource/paymentAgents/090010376,http://www.w3.org/2002/07/owl#sameAs,http://dbpedia.org/resource/Employment_agency
http://publicspending.medialab.ntua.gr/resource/paymentAgents/090010376,http://www.w3.org/2002/07/owl#sameAs,http://dbpedia.org/resource/Employment_Agency_Standards_Inspectorate
http://publicspending.medialab.ntua.gr/resource/paymentAgents/090010376,http://www.w3.org/2002/07/owl#sameAs,http://dbpedia.org/resource/Agency_worker_law
http://publicspending.medialab.ntua.gr/resource/paymentAgents/094325955,http://www.w3.org/2002/07/owl#sameAs,http://dbpedia.org/resource/Athens_Metro
http://publicspending.medialab.ntua.gr/resource/paymentAgents/094325955,http://www.w3.org/2002/07/owl#sameAs,http://el.dbpedia.org/resource/Μετρό_Αθήνας
http://publicspending.medialab.ntua.gr/resource/paymentAgents/094325955,http://www.w3.org/2002/07/owl#sameAs,http://dbpedia.org/resource/Subway
http://publicspending.medialab.ntua.gr/resource/paymentAgents/094449128,http://www.w3.org/2002/07/owl#sameAs,http://dbpedia.org/resource/Egnatia_Odos_(modern_road)
http://publicspending.medialab.ntua.gr/resource/paymentAgents/094449128,http://www.w3.org/2002/07/owl#sameAs,http://el.dbpedia.org/resource/Εγνατία_Οδός
http://publicspending.medialab.ntua.gr/resource/paymentAgents/094449128,http://www.w3.org/2002/07/owl#sameAs,http://dbpedia.org/resource/Egnatia_Odos_%28modern_road%29
http://publicspending.medialab.ntua.gr/resource/paymentAgents/094449128,http://www.w3.org/2002/07/owl#sameAs,http://dbpedia.org/resource/Egnatia_Odos
http://publicspending.medialab.ntua.gr/resource/paymentAgents/094449128,http://www.w3.org/2002/07/owl#sameAs,http://dbpedia.org/resource/Egnatia_Street,_Thessaloniki
http://publicspending.medialab.ntua.gr/resource/paymentAgents/094449128,http://www.w3.org/2002/07/owl#sameAs,http://el.dbpedia.org/resource/Οδός_Εγνατίας_(Θεσσαλονίκη)
http://publicspending.medialab.ntua.gr/resource/paymentAgents/998825645,http://www.w3.org/2002/07/owl#sameAs,http://dbpedia.org/resource/AnsaldoBreda
http://publicspending.medialab.ntua.gr/resource/paymentAgents/998825645,http://www.w3.org/2002/07/owl#sameAs,http://dbpedia.org/resource/NSB_Class_72
http://publicspending.medialab.ntua.gr/resource/paymentAgents/998825645,http://www.w3.org/2002/07/owl#sameAs,http://dbpedia.org/resource/Ansaldobreda_A650
http://publicspending.medialab.ntua.gr/resource/paymentAgents/998825645,http://www.w3.org/2002/07/owl#sameAs,http://dbpedia.org/resource/AnsaldoBreda_Driverless_Metro
http://publicspending.medialab.ntua.gr/resource/paymentAgents/998825645,http://www.w3.org/2002/07/owl#sameAs,http://dbpedia.org/resource/AnsaldoBreda_Meneghino
http://publicspending.medialab.ntua.gr/resource/paymentAgents/998825645,http://www.w3.org/2002/07/owl#sameAs,http://dbpedia.org/resource/Kato_Vermio
http://publicspending.medialab.ntua.gr/resource/paymentAgents/998825645,http://www.w3.org/2002/07/owl#sameAs,http://el.dbpedia.org/resource/Κάτω_Βέρμιο_Ημαθίας
http://publicspending.medialab.ntua.gr/resource/paymentAgents/998825645,http://www.w3.org/2002/07/owl#sameAs,http://dbpedia.org/resource/Ansaldo
http://publicspending.medialab.ntua.gr/resource/paymentAgents/998825645,http://www.w3.org/2002/07/owl#sameAs,http://dbpedia.org/resource/Impregilo
http://publicspending.medialab.ntua.gr/resource/paymentAgents/998825645,http://www.w3.org/2002/07/owl#sameAs,http://dbpedia.org/resource/Aegek_SA
http://publicspending.medialab.ntua.gr/resource/paymentAgents/094026421,http://www.w3.org/2002/07/owl#sameAs,http://dbpedia.org/resource/Hellenic_Post
http://publicspending.medialab.ntua.gr/resource/paymentAgents/094026421,http://www.w3.org/2002/07/owl#sameAs,http://el.dbpedia.org/resource/Ελληνικά_Ταχυδρομεία
http://publicspending.medialab.ntua.gr/resource/paymentAgents/090001435,http://www.w3.org/2002/07/owl#sameAs,http://dbpedia.org/resource/National_Technical_University_of_Athens
http://publicspending.medialab.ntua.gr/resource/paymentAgents/090001435,http://www.w3.org/2002/07/owl#sameAs,http://el.dbpedia.org/resource/Εθνικό_Μετσόβιο_Πολυτεχνείο
http://publicspending.medialab.ntua.gr/resource/paymentAgents/090010689,http://www.w3.org/2002/07/owl#sameAs,http://dbpedia.org/resource/National_and_Kapodistrian_University_of_Athens
http://publicspending.medialab.ntua.gr/resource/paymentAgents/090010689,http://www.w3.org/2002/07/owl#sameAs,http://el.dbpedia.org/resource/Εθνικό_και_Καποδιστριακό_Πανεπιστήμιο_Αθηνών
http://publicspending.medialab.ntua.gr/resource/paymentAgents/090010689,http://www.w3.org/2002/07/owl#sameAs,http://dbpedia.org/resource/Faculty_of_Geology_and_Geoenvironment_(University_of_Athens)
http://publicspending.medialab.ntua.gr/resource/paymentAgents/998569215,http://www.w3.org/2002/07/owl#sameAs,http://dbpedia.org/resource/Avax_Technologies
http://publicspending.medialab.ntua.gr/resource/paymentAgents/998569215,http://www.w3.org/2002/07/owl#sameAs,http://dbpedia.org/resource/Joannou_&_Paraskevaides
http://publicspending.medialab.ntua.gr/resource/paymentAgents/998569215,http://www.w3.org/2002/07/owl#sameAs,http://el.dbpedia.org/resource/J_&_P
http://publicspending.medialab.ntua.gr/resource/paymentAgents/998569215,http://www.w3.org/2002/07/owl#sameAs,http://dbpedia.org/resource/Ter%C5%88a
http://publicspending.medialab.ntua.gr/resource/paymentAgents/998764360,http://www.w3.org/2002/07/owl#sameAs,http://dbpedia.org/resource/Gesellschaft_mit_beschränkter_Haftung
http://publicspending.medialab.ntua.gr/resource/paymentAgents/998764360,http://www.w3.org/2002/07/owl#sameAs,http://dbpedia.org/resource/Gesellschaft_mit_beschr%C3%A4nkter_Haftung
http://publicspending.medialab.ntua.gr/resource/paymentAgents/998764360,http://www.w3.org/2002/07/owl#sameAs,http://dbpedia.org/resource/Bau
http://publicspending.medialab.ntua.gr/resource/paymentAgents/998764360,http://www.w3.org/2002/07/owl#sameAs,http://dbpedia.org/resource/Ter%C5%88a
http://publicspending.medialab.ntua.gr/resource/paymentAgents/998870390,http://www.w3.org/2002/07/owl#sameAs,http://dbpedia.org/resource/Vinci_(construction)
http://publicspending.medialab.ntua.gr/resource/paymentAgents/998870390,http://www.w3.org/2002/07/owl#sameAs,http://el.dbpedia.org/resource/Vinci
http://publicspending.medialab.ntua.gr/resource/paymentAgents/998870390,http://www.w3.org/2002/07/owl#sameAs,http://dbpedia.org/resource/Siemens
http://publicspending.medialab.ntua.gr/resource/paymentAgents/998870390,http://www.w3.org/2002/07/owl#sameAs,http://el.dbpedia.org/resource/Siemens
http://publicspending.medialab.ntua.gr/resource/paymentAgents/094439670,http://www.w3.org/2002/07/owl#sameAs,http://dbpedia.org/resource/Land_registration
http://publicspending.medialab.ntua.gr/resource/paymentAgents/094439670,http://www.w3.org/2002/07/owl#sameAs,http://dbpedia.org/resource/Land_register_building_(Amsterdam)
http://publicspending.medialab.ntua.gr/resource/paymentAgents/094014213,http://www.w3.org/2002/07/owl#sameAs,http://dbpedia.org/resource/Bank_of_Greece
http://publicspending.medialab.ntua.gr/resource/paymentAgents/094014213,http://www.w3.org/2002/07/owl#sameAs,http://el.dbpedia.org/resource/Τράπεζα_της_Ελλάδος
http://publicspending.medialab.ntua.gr/resource/paymentAgents/999986149,http://www.w3.org/2002/07/owl#sameAs,http://dbpedia.org/resource/European_Regional_Development_Fund
http://publicspending.medialab.ntua.gr/resource/paymentAgents/999986149,http://www.w3.org/2002/07/owl#sameAs,http://el.dbpedia.org/resource/Ευρωπαϊκό_Ταμείο_Περιφερειακής_Ανάπτυξης
http://publicspending.medialab.ntua.gr/resource/paymentAgents/090355852,http://www.w3.org/2002/07/owl#sameAs,http://dbpedia.org/resource/South_Aegean
http://publicspending.medialab.ntua.gr/resource/paymentAgents/090355852,http://www.w3.org/2002/07/owl#sameAs,http://el.dbpedia.org/resource/Περιφέρεια_Νοτίου_Αιγαίου
http://publicspending.medialab.ntua.gr/resource/paymentAgents/090355852,http://www.w3.org/2002/07/owl#sameAs,http://dbpedia.org/resource/South_Aegean_Volcanic_Arc
http://publicspending.medialab.ntua.gr/resource/paymentAgents/094051245,http://www.w3.org/2002/07/owl#sameAs,http://dbpedia.org/resource/Maritime_Company_of_Lesvos
http://publicspending.medialab.ntua.gr/resource/paymentAgents/094207780,http://www.w3.org/2002/07/owl#sameAs,http://dbpedia.org/resource/Intracom
http://publicspending.medialab.ntua.gr/resource/paymentAgents/094207780,http://www.w3.org/2002/07/owl#sameAs,http://el.dbpedia.org/resource/Intracom
http://publicspending.medialab.ntua.gr/resource/paymentAgents/099012257,http://www.w3.org/2002/07/owl#sameAs,http://dbpedia.org/resource/Ministry_of_Labour_and_Social_Security_(Greece)
http://publicspending.medialab.ntua.gr/resource/paymentAgents/099012257,http://www.w3.org/2002/07/owl#sameAs,http://el.dbpedia.org/resource/Υπουργείο_Εργασίας_και_Κοινωνικής_Ασφάλισης_(Ελλάδα)
http://publicspending.medialab.ntua.gr/resource/paymentAgents/099012257,http://www.w3.org/2002/07/owl#sameAs,http://dbpedia.org/resource/Ministry_of_Labour_and_Social_Security_(Turkey)
http://publicspending.medialab.ntua.gr/resource/paymentAgents/099012257,http://www.w3.org/2002/07/owl#sameAs,http://dbpedia.org/resource/Ministry_of_Labour_&_Social_Security
http://publicspending.medialab.ntua.gr/resource/paymentAgents/998766390,http://www.w3.org/2002/07/owl#sameAs,http://dbpedia.org/resource/Disney's_Adventures_of_the_Gummi_Bears
http://publicspending.medialab.ntua.gr/resource/paymentAgents/998766390,http://www.w3.org/2002/07/owl#sameAs,http://dbpedia.org/resource/Domokos
http://publicspending.medialab.ntua.gr/resource/paymentAgents/998766390,http://www.w3.org/2002/07/owl#sameAs,http://el.dbpedia.org/resource/Δομοκός
http://publicspending.medialab.ntua.gr/resource/paymentAgents/998766390,http://www.w3.org/2002/07/owl#sameAs,http://dbpedia.org/resource/Ter%C5%88a
http://publicspending.medialab.ntua.gr/resource/paymentAgents/090050779,http://www.w3.org/2002/07/owl#sameAs,http://dbpedia.org/resource/National_Observatory_of_Athens
http://publicspending.medialab.ntua.gr/resource/paymentAgents/090050779,http://www.w3.org/2002/07/owl#sameAs,http://el.dbpedia.org/resource/Εθνικό_Αστεροσκοπείο_Αθηνών
http://publicspending.medialab.ntua.gr/resource/paymentAgents/998683560,http://www.w3.org/2002/07/owl#sameAs,http://dbpedia.org/resource/Ter%C5%88a
http://publicspending.medialab.ntua.gr/resource/paymentAgents/998683560,http://www.w3.org/2002/07/owl#sameAs,http://dbpedia.org/resource/Avax_Technologies
http://publicspending.medialab.ntua.gr/resource/paymentAgents/998683560,http://www.w3.org/2002/07/owl#sameAs,http://dbpedia.org/resource/Joannou_&_Paraskevaides
http://publicspending.medialab.ntua.gr/resource/paymentAgents/998683560,http://www.w3.org/2002/07/owl#sameAs,http://el.dbpedia.org/resource/J_&_P
http://publicspending.medialab.ntua.gr/resource/paymentAgents/998857827,http://www.w3.org/2002/07/owl#sameAs,http://dbpedia.org/resource/Inc.
http://publicspending.medialab.ntua.gr/resource/paymentAgents/998857827,http://www.w3.org/2002/07/owl#sameAs,http://dbpedia.org/resource/Electrical_network
http://publicspending.medialab.ntua.gr/resource/paymentAgents/998857827,http://www.w3.org/2002/07/owl#sameAs,http://el.dbpedia.org/resource/Ηλεκτρικό_κύκλωμα
http://publicspending.medialab.ntua.gr/resource/paymentAgents/998857827,http://www.w3.org/2002/07/owl#sameAs,http://dbpedia.org/resource/System
http://publicspending.medialab.ntua.gr/resource/paymentAgents/998857827,http://www.w3.org/2002/07/owl#sameAs,http://el.dbpedia.org/resource/Σύστημα
http://publicspending.medialab.ntua.gr/resource/paymentAgents/998857827,http://www.w3.org/2002/07/owl#sameAs,http://dbpedia.org/resource/Electrical_system_design
http://publicspending.medialab.ntua.gr/resource/paymentAgents/998857827,http://www.w3.org/2002/07/owl#sameAs,http://dbpedia.org/resource/Electrical_engineering
http://publicspending.medialab.ntua.gr/resource/paymentAgents/998857827,http://www.w3.org/2002/07/owl#sameAs,http://el.dbpedia.org/resource/Ηλεκτρολόγος_μηχανικός
http://publicspending.medialab.ntua.gr/resource/paymentAgents/998857827,http://www.w3.org/2002/07/owl#sameAs,http://dbpedia.org/resource/Electronic_component
http://publicspending.medialab.ntua.gr/resource/paymentAgents/998857827,http://www.w3.org/2002/07/owl#sameAs,http://dbpedia.org/resource/Electrical_connector
http://publicspending.medialab.ntua.gr/resource/paymentAgents/998857827,http://www.w3.org/2002/07/owl#sameAs,http://dbpedia.org/resource/Electric_generator
http://publicspending.medialab.ntua.gr/resource/paymentAgents/998857827,http://www.w3.org/2002/07/owl#sameAs,http://el.dbpedia.org/resource/Γεννήτρια
http://publicspending.medialab.ntua.gr/resource/paymentAgents/090073326,http://www.w3.org/2002/07/owl#sameAs,http://dbpedia.org/resource/Emergency
http://publicspending.medialab.ntua.gr/resource/paymentAgents/094207312,http://www.w3.org/2002/07/owl#sameAs,http://dbpedia.org/resource/Hellenic_Broadcasting_Corporation
http://publicspending.medialab.ntua.gr/resource/paymentAgents/094207312,http://www.w3.org/2002/07/owl#sameAs,http://el.dbpedia.org/resource/Ελληνική_Ραδιοφωνία_Τηλεόραση
http://publicspending.medialab.ntua.gr/resource/paymentAgents/094207312,http://www.w3.org/2002/07/owl#sameAs,http://dbpedia.org/resource/Greek_Radio_(Australia)
http://publicspending.medialab.ntua.gr/resource/paymentAgents/098051722,http://www.w3.org/2002/07/owl#sameAs,http://dbpedia.org/resource/Bank_of_Cyprus
http://publicspending.medialab.ntua.gr/resource/paymentAgents/098051722,http://www.w3.org/2002/07/owl#sameAs,http://el.dbpedia.org/resource/Τράπεζα_Κύπρου
http://publicspending.medialab.ntua.gr/resource/paymentAgents/090207683,http://www.w3.org/2002/07/owl#sameAs,http://dbpedia.org/resource/Hellenic_Open_University
http://publicspending.medialab.ntua.gr/resource/paymentAgents/090207683,http://www.w3.org/2002/07/owl#sameAs,http://el.dbpedia.org/resource/Ελληνικό_Ανοικτό_Πανεπιστήμιο
http://publicspending.medialab.ntua.gr/resource/paymentAgents/025646012,http://www.w3.org/2002/07/owl#sameAs,http://dbpedia.org/resource/Nikolaos_Mitrou
http://publicspending.medialab.ntua.gr/resource/paymentAgents/025646012,http://www.w3.org/2002/07/owl#sameAs,http://el.dbpedia.org/resource/Νίκος_Μήτρου
http://publicspending.medialab.ntua.gr/resource/paymentAgents/090217640,http://www.w3.org/2002/07/owl#sameAs,http://dbpedia.org/resource/Technological_Educational_Institute_of_Crete
http://publicspending.medialab.ntua.gr/resource/paymentAgents/090217640,http://www.w3.org/2002/07/owl#sameAs,http://el.dbpedia.org/resource/Τεχνολογικό_Εκπαιδευτικό_Ίδρυμα_Κρήτης
http://publicspending.medialab.ntua.gr/resource/paymentAgents/094027257,http://www.w3.org/2002/07/owl#sameAs,http://dbpedia.org/resource/Abbott_Laboratories
http://publicspending.medialab.ntua.gr/resource/paymentAgents/094027257,http://www.w3.org/2002/07/owl#sameAs,http://dbpedia.org/resource/Abbott_Laboratories_v._Gardner
http://publicspending.medialab.ntua.gr/resource/paymentAgents/090101655,http://www.w3.org/2002/07/owl#sameAs,http://dbpedia.org/resource/Forth_(programming_language)
http://publicspending.medialab.ntua.gr/resource/paymentAgents/090101655,http://www.w3.org/2002/07/owl#sameAs,http://el.dbpedia.org/resource/Forth
http://publicspending.medialab.ntua.gr/resource/paymentAgents/998826212,http://www.w3.org/2002/07/owl#sameAs,http://dbpedia.org/resource/Anthoupoli%2C_Patras
http://publicspending.medialab.ntua.gr/resource/paymentAgents/998826212,http://www.w3.org/2002/07/owl#sameAs,http://dbpedia.org/resource/Anthoupolis
http://publicspending.medialab.ntua.gr/resource/paymentAgents/998826212,http://www.w3.org/2002/07/owl#sameAs,http://el.dbpedia.org/resource/Ανθούπολη_Λευκωσίας
http://publicspending.medialab.ntua.gr/resource/paymentAgents/998826212,http://www.w3.org/2002/07/owl#sameAs,http://dbpedia.org/resource/Anthoupoli_metro_station
http://publicspending.medialab.ntua.gr/resource/paymentAgents/998826212,http://www.w3.org/2002/07/owl#sameAs,http://dbpedia.org/resource/Grammis
http://publicspending.medialab.ntua.gr/resource/paymentAgents/998826212,http://www.w3.org/2002/07/owl#sameAs,http://dbpedia.org/resource/TIS
http://publicspending.medialab.ntua.gr/resource/paymentAgents/998826212,http://www.w3.org/2002/07/owl#sameAs,http://dbpedia.org/resource/Federal_Communications_Commission
http://publicspending.medialab.ntua.gr/resource/paymentAgents/998826212,http://www.w3.org/2002/07/owl#sameAs,http://dbpedia.org/resource/FCC_(disambiguation)
http://publicspending.medialab.ntua.gr/resource/paymentAgents/998826212,http://www.w3.org/2002/07/owl#sameAs,http://dbpedia.org/resource/Avax_Technologies
http://publicspending.medialab.ntua.gr/resource/paymentAgents/998826212,http://www.w3.org/2002/07/owl#sameAs,http://dbpedia.org/resource/Joannou_&_Paraskevaides
http://publicspending.medialab.ntua.gr/resource/paymentAgents/998826212,http://www.w3.org/2002/07/owl#sameAs,http://el.dbpedia.org/resource/J_&_P
http://publicspending.medialab.ntua.gr/resource/paymentAgents/094052358,http://www.w3.org/2002/07/owl#sameAs,http://dbpedia.org/resource/Hellenic_Aerospace_Industry
http://publicspending.medialab.ntua.gr/resource/paymentAgents/094052358,http://www.w3.org/2002/07/owl#sameAs,http://el.dbpedia.org/resource/Ελληνική_Αεροπορική_Βιομηχανία
http://publicspending.medialab.ntua.gr/resource/paymentAgents/094019638,http://www.w3.org/2002/07/owl#sameAs,http://dbpedia.org/resource/Mochlos
http://publicspending.medialab.ntua.gr/resource/paymentAgents/094019638,http://www.w3.org/2002/07/owl#sameAs,http://el.dbpedia.org/resource/Τουρλωτή_Λασιθίου
http://publicspending.medialab.ntua.gr/resource/paymentAgents/094024650,http://www.w3.org/2002/07/owl#sameAs,http://dbpedia.org/resource/ANEK_Lines
http://publicspending.medialab.ntua.gr/resource/paymentAgents/998325294,http://www.w3.org/2002/07/owl#sameAs,http://dbpedia.org/resource/TIS
http://publicspending.medialab.ntua.gr/resource/paymentAgents/998325294,http://www.w3.org/2002/07/owl#sameAs,http://dbpedia.org/resource/Mochlos
http://publicspending.medialab.ntua.gr/resource/paymentAgents/998325294,http://www.w3.org/2002/07/owl#sameAs,http://el.dbpedia.org/resource/Τουρλωτή_Λασιθίου
http://publicspending.medialab.ntua.gr/resource/paymentAgents/094014298,http://www.w3.org/2002/07/owl#sameAs,http://dbpedia.org/resource/Piraeus_Bank
http://publicspending.medialab.ntua.gr/resource/paymentAgents/094014298,http://www.w3.org/2002/07/owl#sameAs,http://el.dbpedia.org/resource/Τράπεζα_Πειραιώς
http://publicspending.medialab.ntua.gr/resource/paymentAgents/094014298,http://www.w3.org/2002/07/owl#sameAs,http://dbpedia.org/resource/Piraeus_Bank_Romania
http://publicspending.medialab.ntua.gr/resource/paymentAgents/094014298,http://www.w3.org/2002/07/owl#sameAs,http://dbpedia.org/resource/Piraeus_Bank_Tower_Bucharest
http://publicspending.medialab.ntua.gr/resource/paymentAgents/094014298,http://www.w3.org/2002/07/owl#sameAs,http://dbpedia.org/resource/Piraeus_Bank_Group
http://publicspending.medialab.ntua.gr/resource/paymentAgents/094206604,http://www.w3.org/2002/07/owl#sameAs,http://dbpedia.org/resource/Altec_Lansing
http://publicspending.medialab.ntua.gr/resource/paymentAgents/090034024,http://www.w3.org/2002/07/owl#sameAs,http://dbpedia.org/resource/Technical_University_of_Crete
http://publicspending.medialab.ntua.gr/resource/paymentAgents/090034024,http://www.w3.org/2002/07/owl#sameAs,http://el.dbpedia.org/resource/Πολυτεχνείο_Κρήτης
http://publicspending.medialab.ntua.gr/resource/paymentAgents/094385614,http://www.w3.org/2002/07/owl#sameAs,http://dbpedia.org/resource/Blue_star
http://publicspending.medialab.ntua.gr/resource/paymentAgents/090015175,http://www.w3.org/2002/07/owl#sameAs,http://dbpedia.org/resource/Panteion_University
http://publicspending.medialab.ntua.gr/resource/paymentAgents/090015175,http://www.w3.org/2002/07/owl#sameAs,http://el.dbpedia.org/resource/Πάντειο_Πανεπιστήμιο
http://publicspending.medialab.ntua.gr/resource/paymentAgents/090050626,http://www.w3.org/2002/07/owl#sameAs,http://dbpedia.org/resource/Athens_Academy_(school)
http://publicspending.medialab.ntua.gr/resource/paymentAgents/090050626,http://www.w3.org/2002/07/owl#sameAs,http://dbpedia.org/resource/Athens_Academy_%28school%29
http://publicspending.medialab.ntua.gr/resource/paymentAgents/090050626,http://www.w3.org/2002/07/owl#sameAs,http://dbpedia.org/resource/Academy_of_Athens_(modern)
http://publicspending.medialab.ntua.gr/resource/paymentAgents/090050626,http://www.w3.org/2002/07/owl#sameAs,http://el.dbpedia.org/resource/Ακαδημία_Αθηνών
http://publicspending.medialab.ntua.gr/resource/paymentAgents/999163920,http://www.w3.org/2002/07/owl#sameAs,http://dbpedia.org/resource/DOM_Inspector
http://publicspending.medialab.ntua.gr/resource/paymentAgents/999163920,http://www.w3.org/2002/07/owl#sameAs,http://dbpedia.org/resource/Prisma
http://publicspending.medialab.ntua.gr/resource/paymentAgents/098054091,http://www.w3.org/2002/07/owl#sameAs,http://dbpedia.org/resource/Thales_Nederland
http://publicspending.medialab.ntua.gr/resource/paymentAgents/998296510,http://www.w3.org/2002/07/owl#sameAs,http://dbpedia.org/resource/Emporiki
http://publicspending.medialab.ntua.gr/resource/paymentAgents/800178001,http://www.w3.org/2002/07/owl#sameAs,http://dbpedia.org/resource/MSG
http://publicspending.medialab.ntua.gr/resource/paymentAgents/094382949,http://www.w3.org/2002/07/owl#sameAs,http://dbpedia.org/resource/Road_transport
http://publicspending.medialab.ntua.gr/resource/paymentAgents/094500633,http://www.w3.org/2002/07/owl#sameAs,http://dbpedia.org/resource/G4S
http://publicspending.medialab.ntua.gr/resource/paymentAgents/090002456,http://www.w3.org/2002/07/owl#sameAs,http://dbpedia.org/resource/Hellenic_Olympic_Committee
http://publicspending.medialab.ntua.gr/resource/paymentAgents/090002456,http://www.w3.org/2002/07/owl#sameAs,http://el.dbpedia.org/resource/Ελληνική_Ολυμπιακή_Επιτροπή
http://publicspending.medialab.ntua.gr/resource/paymentAgents/094014249,http://www.w3.org/2002/07/owl#sameAs,http://dbpedia.org/resource/Alpha_Bank
http://publicspending.medialab.ntua.gr/resource/paymentAgents/094014249,http://www.w3.org/2002/07/owl#sameAs,http://el.dbpedia.org/resource/Alpha_Bank
http://publicspending.medialab.ntua.gr/resource/paymentAgents/090015218,http://www.w3.org/2002/07/owl#sameAs,http://dbpedia.org/resource/Athens_University_of_Economics_and_Business
http://publicspending.medialab.ntua.gr/resource/paymentAgents/090015218,http://www.w3.org/2002/07/owl#sameAs,http://el.dbpedia.org/resource/Οικονομικό_Πανεπιστήμιο_Αθηνών
http://publicspending.medialab.ntua.gr/resource/paymentAgents/094112730,http://www.w3.org/2002/07/owl#sameAs,http://dbpedia.org/resource/Siemens
http://publicspending.medialab.ntua.gr/resource/paymentAgents/094112730,http://www.w3.org/2002/07/owl#sameAs,http://el.dbpedia.org/resource/Siemens
http://publicspending.medialab.ntua.gr/resource/paymentAgents/998571002,http://www.w3.org/2002/07/owl#sameAs,http://dbpedia.org/resource/Alstom
http://publicspending.medialab.ntua.gr/resource/paymentAgents/998571002,http://www.w3.org/2002/07/owl#sameAs,http://dbpedia.org/resource/Impregilo
http://publicspending.medialab.ntua.gr/resource/paymentAgents/998571002,http://www.w3.org/2002/07/owl#sameAs,http://dbpedia.org/resource/Aegek_SA
http://publicspending.medialab.ntua.gr/resource/paymentAgents/090042189,http://www.w3.org/2002/07/owl#sameAs,http://dbpedia.org/resource/Technological_Educational_Institute_of_Crete
http://publicspending.medialab.ntua.gr/resource/paymentAgents/090042189,http://www.w3.org/2002/07/owl#sameAs,http://el.dbpedia.org/resource/Τεχνολογικό_Εκπαιδευτικό_Ίδρυμα_Κρήτης
http://publicspending.medialab.ntua.gr/resource/paymentAgents/094349850,http://www.w3.org/2002/07/owl#sameAs,http://dbpedia.org/resource/Vodafone
http://publicspending.medialab.ntua.gr/resource/paymentAgents/094349850,http://www.w3.org/2002/07/owl#sameAs,http://el.dbpedia.org/resource/Vodafone
http://publicspending.medialab.ntua.gr/resource/paymentAgents/999709969,http://www.w3.org/2002/07/owl#sameAs,http://dbpedia.org/resource/Chi
http://publicspending.medialab.ntua.gr/resource/paymentAgents/999709969,http://www.w3.org/2002/07/owl#sameAs,http://dbpedia.org/resource/VolkerRail
http://publicspending.medialab.ntua.gr/resource/paymentAgents/999709969,http://www.w3.org/2002/07/owl#sameAs,http://dbpedia.org/resource/NV
http://publicspending.medialab.ntua.gr/resource/paymentAgents/099361421,http://www.w3.org/2002/07/owl#sameAs,http://dbpedia.org/resource/Siemens
http://publicspending.medialab.ntua.gr/resource/paymentAgents/099361421,http://www.w3.org/2002/07/owl#sameAs,http://el.dbpedia.org/resource/Siemens
http://publicspending.medialab.ntua.gr/resource/paymentAgents/090035567,http://www.w3.org/2002/07/owl#sameAs,http://dbpedia.org/resource/Peace_and_Friendship_Stadium
http://publicspending.medialab.ntua.gr/resource/paymentAgents/090035567,http://www.w3.org/2002/07/owl#sameAs,http://el.dbpedia.org/resource/Στάδιο_Ειρήνης_και_Φιλίας
http://publicspending.medialab.ntua.gr/resource/paymentAgents/094510640,http://www.w3.org/2002/07/owl#sameAs,http://dbpedia.org/resource/Ecology
http://publicspending.medialab.ntua.gr/resource/paymentAgents/094510640,http://www.w3.org/2002/07/owl#sameAs,http://el.dbpedia.org/resource/Οικολογία
http://publicspending.medialab.ntua.gr/resource/paymentAgents/094493766,http://www.w3.org/2002/07/owl#sameAs,http://dbpedia.org/resource/Cosmote
http://publicspending.medialab.ntua.gr/resource/paymentAgents/094493766,http://www.w3.org/2002/07/owl#sameAs,http://el.dbpedia.org/resource/Cosmote
http://publicspending.medialab.ntua.gr/resource/paymentAgents/099456077,http://www.w3.org/2002/07/owl#sameAs,http://dbpedia.org/resource/National_Museum_of_Modern_Art,_Tokyo
http://publicspending.medialab.ntua.gr/resource/paymentAgents/099456077,http://www.w3.org/2002/07/owl#sameAs,http://dbpedia.org/resource/National_Museum_of_Modern_Art,_Kyoto
http://publicspending.medialab.ntua.gr/resource/paymentAgents/094188194,http://www.w3.org/2002/07/owl#sameAs,http://dbpedia.org/resource/Monk's_Hill_Secondary_School
http://publicspending.medialab.ntua.gr/resource/paymentAgents/090230987,http://www.w3.org/2002/07/owl#sameAs,http://dbpedia.org/resource/Ministry_of_Welfare_(Iceland)
http://publicspending.medialab.ntua.gr/resource/paymentAgents/090230987,http://www.w3.org/2002/07/owl#sameAs,http://dbpedia.org/resource/List_of_health_ministries
http://publicspending.medialab.ntua.gr/resource/paymentAgents/999054893,http://www.w3.org/2002/07/owl#sameAs,http://dbpedia.org/resource/Gram
http://publicspending.medialab.ntua.gr/resource/paymentAgents/999054893,http://www.w3.org/2002/07/owl#sameAs,http://el.dbpedia.org/resource/Γραμμάριο
http://publicspending.medialab.ntua.gr/resource/paymentAgents/999054893,http://www.w3.org/2002/07/owl#sameAs,http://dbpedia.org/resource/Company
http://publicspending.medialab.ntua.gr/resource/paymentAgents/999054893,http://www.w3.org/2002/07/owl#sameAs,http://el.dbpedia.org/resource/Εταιρεία
http://publicspending.medialab.ntua.gr/resource/paymentAgents/999054893,http://www.w3.org/2002/07/owl#sameAs,http://dbpedia.org/resource/Dodecanese
http://publicspending.medialab.ntua.gr/resource/paymentAgents/999054893,http://www.w3.org/2002/07/owl#sameAs,http://el.dbpedia.org/resource/Δωδεκάνησα
http://publicspending.medialab.ntua.gr/resource/paymentAgents/094021290,http://www.w3.org/2002/07/owl#sameAs,http://dbpedia.org/resource/Novartis
http://publicspending.medialab.ntua.gr/resource/paymentAgents/094027282,http://www.w3.org/2002/07/owl#sameAs,http://dbpedia.org/resource/Cinema_of_Greece
http://publicspending.medialab.ntua.gr/resource/paymentAgents/094027282,http://www.w3.org/2002/07/owl#sameAs,http://el.dbpedia.org/resource/Ελληνικός_κινηματογράφος
http://publicspending.medialab.ntua.gr/resource/paymentAgents/094186059,http://www.w3.org/2002/07/owl#sameAs,http://dbpedia.org/resource/Pyramis
http://publicspending.medialab.ntua.gr/resource/paymentAgents/094114445,http://www.w3.org/2002/07/owl#sameAs,http://dbpedia.org/resource/Subway
http://publicspending.medialab.ntua.gr/resource/paymentAgents/094456875,http://www.w3.org/2002/07/owl#sameAs,http://dbpedia.org/resource/Siemens
http://publicspending.medialab.ntua.gr/resource/paymentAgents/094456875,http://www.w3.org/2002/07/owl#sameAs,http://el.dbpedia.org/resource/Siemens
http://publicspending.medialab.ntua.gr/resource/paymentAgents/999562826,http://www.w3.org/2002/07/owl#sameAs,http://dbpedia.org/resource/University_of_Western_Macedonia
http://publicspending.medialab.ntua.gr/resource/paymentAgents/999562826,http://www.w3.org/2002/07/owl#sameAs,http://el.dbpedia.org/resource/Πανεπιστήμιο_Δυτικής_Μακεδονίας
http://publicspending.medialab.ntua.gr/resource/paymentAgents/999119994,http://www.w3.org/2002/07/owl#sameAs,http://dbpedia.org/resource/Genzyme
http://publicspending.medialab.ntua.gr/resource/paymentAgents/094073495,http://www.w3.org/2002/07/owl#sameAs,http://dbpedia.org/resource/Air_Liquide
http://publicspending.medialab.ntua.gr/resource/paymentAgents/094073495,http://www.w3.org/2002/07/owl#sameAs,http://dbpedia.org/resource/Air_Liquide_(band)
http://publicspending.medialab.ntua.gr/resource/paymentAgents/094073495,http://www.w3.org/2002/07/owl#sameAs,http://dbpedia.org/resource/Air_Liquide_(album)
http://publicspending.medialab.ntua.gr/resource/paymentAgents/997626173,http://www.w3.org/2002/07/owl#sameAs,http://dbpedia.org/resource/Service
http://publicspending.medialab.ntua.gr/resource/paymentAgents/997626173,http://www.w3.org/2002/07/owl#sameAs,http://dbpedia.org/resource/Management_services_organization
http://publicspending.medialab.ntua.gr/resource/paymentAgents/997626173,http://www.w3.org/2002/07/owl#sameAs,http://dbpedia.org/resource/Avax_Technologies
http://publicspending.medialab.ntua.gr/resource/paymentAgents/997626173,http://www.w3.org/2002/07/owl#sameAs,http://dbpedia.org/resource/Joannou_&_Paraskevaides
http://publicspending.medialab.ntua.gr/resource/paymentAgents/997626173,http://www.w3.org/2002/07/owl#sameAs,http://el.dbpedia.org/resource/J_&_P
http://publicspending.medialab.ntua.gr/resource/paymentAgents/997626173,http://www.w3.org/2002/07/owl#sameAs,http://dbpedia.org/resource/Tsk
http://publicspending.medialab.ntua.gr/resource/paymentAgents/997626173,http://www.w3.org/2002/07/owl#sameAs,http://dbpedia.org/resource/Greece
http://publicspending.medialab.ntua.gr/resource/paymentAgents/997626173,http://www.w3.org/2002/07/owl#sameAs,http://el.dbpedia.org/resource/Ελλάδα
http://publicspending.medialab.ntua.gr/resource/paymentAgents/997626173,http://www.w3.org/2002/07/owl#sameAs,http://dbpedia.org/resource/Management
http://publicspending.medialab.ntua.gr/resource/paymentAgents/997626173,http://www.w3.org/2002/07/owl#sameAs,http://el.dbpedia.org/resource/Διοίκηση
http://publicspending.medialab.ntua.gr/resource/paymentAgents/997626173,http://www.w3.org/2002/07/owl#sameAs,http://dbpedia.org/resource/Management_accounting
http://publicspending.medialab.ntua.gr/resource/paymentAgents/997626173,http://www.w3.org/2002/07/owl#sameAs,http://el.dbpedia.org/resource/Διοικητική_Λογιστική
http://publicspending.medialab.ntua.gr/resource/paymentAgents/997626173,http://www.w3.org/2002/07/owl#sameAs,http://dbpedia.org/resource/Management_system
http://publicspending.medialab.ntua.gr/resource/paymentAgents/998313850,http://www.w3.org/2002/07/owl#sameAs,http://dbpedia.org/resource/Acropolis_Museum
http://publicspending.medialab.ntua.gr/resource/paymentAgents/998313850,http://www.w3.org/2002/07/owl#sameAs,http://el.dbpedia.org/resource/Μουσείο_Ακρόπολης
http://publicspending.medialab.ntua.gr/resource/paymentAgents/998313850,http://www.w3.org/2002/07/owl#sameAs,http://dbpedia.org/resource/Old_Acropolis_Museum
http://publicspending.medialab.ntua.gr/resource/paymentAgents/094468339,http://www.w3.org/2002/07/owl#sameAs,http://dbpedia.org/resource/Aegean_Airlines
http://publicspending.medialab.ntua.gr/resource/paymentAgents/094468339,http://www.w3.org/2002/07/owl#sameAs,http://el.dbpedia.org/resource/Aegean_Airlines
http://publicspending.medialab.ntua.gr/resource/paymentAgents/094326270,http://www.w3.org/2002/07/owl#sameAs,http://dbpedia.org/resource/ATEbank
http://publicspending.medialab.ntua.gr/resource/paymentAgents/094326270,http://www.w3.org/2002/07/owl#sameAs,http://el.dbpedia.org/resource/ATEbank
http://publicspending.medialab.ntua.gr/resource/paymentAgents/099989853,http://www.w3.org/2002/07/owl#sameAs,http://dbpedia.org/resource/Gilead_Sciences
http://publicspending.medialab.ntua.gr/resource/paymentAgents/094017805,http://www.w3.org/2002/07/owl#sameAs,http://dbpedia.org/resource/Marfin_Egnatia_Bank
http://publicspending.medialab.ntua.gr/resource/paymentAgents/094017805,http://www.w3.org/2002/07/owl#sameAs,http://dbpedia.org/resource/Marfin_Investment_Group
http://publicspending.medialab.ntua.gr/resource/paymentAgents/094017805,http://www.w3.org/2002/07/owl#sameAs,http://el.dbpedia.org/resource/Marfin_Investment_Group
http://publicspending.medialab.ntua.gr/resource/paymentAgents/999332664,http://www.w3.org/2002/07/owl#sameAs,http://dbpedia.org/resource/Joint
http://publicspending.medialab.ntua.gr/resource/paymentAgents/999332664,http://www.w3.org/2002/07/owl#sameAs,http://dbpedia.org/resource/Joint_(song)
http://publicspending.medialab.ntua.gr/resource/paymentAgents/999332664,http://www.w3.org/2002/07/owl#sameAs,http://dbpedia.org/resource/Ter%C5%88a
http://publicspending.medialab.ntua.gr/resource/paymentAgents/998906193,http://www.w3.org/2002/07/owl#sameAs,http://dbpedia.org/resource/Adam
http://publicspending.medialab.ntua.gr/resource/paymentAgents/998906193,http://www.w3.org/2002/07/owl#sameAs,http://el.dbpedia.org/resource/Αδάμ
http://publicspending.medialab.ntua.gr/resource/paymentAgents/099877019,http://www.w3.org/2002/07/owl#sameAs,http://dbpedia.org/resource/PROBANK
http://publicspending.medialab.ntua.gr/resource/paymentAgents/094143441,http://www.w3.org/2002/07/owl#sameAs,http://dbpedia.org/resource/Scientific_instrument
http://publicspending.medialab.ntua.gr/resource/paymentAgents/094143441,http://www.w3.org/2002/07/owl#sameAs,http://dbpedia.org/resource/SPECTRO_Analytical_Instruments
http://publicspending.medialab.ntua.gr/resource/paymentAgents/999723940,http://www.w3.org/2002/07/owl#sameAs,http://dbpedia.org/resource/Knights_Hospitaller
http://publicspending.medialab.ntua.gr/resource/paymentAgents/999723940,http://www.w3.org/2002/07/owl#sameAs,http://el.dbpedia.org/resource/Ιωαννίτες_Ιππότες
http://publicspending.medialab.ntua.gr/resource/paymentAgents/999723940,http://www.w3.org/2002/07/owl#sameAs,http://dbpedia.org/resource/Fran%C3%A7aise_des_Jeux
http://publicspending.medialab.ntua.gr/resource/paymentAgents/999723940,http://www.w3.org/2002/07/owl#sameAs,http://dbpedia.org/resource/French
http://publicspending.medialab.ntua.gr/resource/paymentAgents/999723940,http://www.w3.org/2002/07/owl#sameAs,http://dbpedia.org/resource/Compagnie_Fran%C3%A7aise_d'Assurance_pour_le_Commerce_Ext%C3%A9rieur
http://publicspending.medialab.ntua.gr/resource/paymentAgents/999723940,http://www.w3.org/2002/07/owl#sameAs,http://dbpedia.org/resource/Fran%C3%A7aise_des_Jeux_(lottery)
http://publicspending.medialab.ntua.gr/resource/paymentAgents/998035924,http://www.w3.org/2002/07/owl#sameAs,http://dbpedia.org/resource/EE
http://publicspending.medialab.ntua.gr/resource/paymentAgents/998035924,http://www.w3.org/2002/07/owl#sameAs,http://el.dbpedia.org/resource/ΕΕ_(αποσαφήνιση)
http://publicspending.medialab.ntua.gr/resource/paymentAgents/998035924,http://www.w3.org/2002/07/owl#sameAs,http://dbpedia.org/resource/Vangelis_Meimarakis
http://publicspending.medialab.ntua.gr/resource/paymentAgents/998035924,http://www.w3.org/2002/07/owl#sameAs,http://el.dbpedia.org/resource/Βαγγέλης_Μεϊμαράκης
http://publicspending.medialab.ntua.gr/resource/paymentAgents/998035924,http://www.w3.org/2002/07/owl#sameAs,http://dbpedia.org/resource/George
http://publicspending.medialab.ntua.gr/resource/paymentAgents/094332079,http://www.w3.org/2002/07/owl#sameAs,http://dbpedia.org/resource/Intracom
http://publicspending.medialab.ntua.gr/resource/paymentAgents/094332079,http://www.w3.org/2002/07/owl#sameAs,http://el.dbpedia.org/resource/Intracom
http://publicspending.medialab.ntua.gr/resource/paymentAgents/094014250,http://www.w3.org/2002/07/owl#sameAs,http://dbpedia.org/resource/Eurobank_EFG
http://publicspending.medialab.ntua.gr/resource/paymentAgents/094014250,http://www.w3.org/2002/07/owl#sameAs,http://el.dbpedia.org/resource/EFG_Eurobank_Ergasias
http://publicspending.medialab.ntua.gr/resource/paymentAgents/094014250,http://www.w3.org/2002/07/owl#sameAs,http://dbpedia.org/resource/EFG_Eurobank_(Serbia)
http://publicspending.medialab.ntua.gr/resource/paymentAgents/094014250,http://www.w3.org/2002/07/owl#sameAs,http://dbpedia.org/resource/Eurobank
http://publicspending.medialab.ntua.gr/resource/paymentAgents/094014250,http://www.w3.org/2002/07/owl#sameAs,http://dbpedia.org/resource/Eurobank_EFG
http://publicspending.medialab.ntua.gr/resource/paymentAgents/094014250,http://www.w3.org/2002/07/owl#sameAs,http://el.dbpedia.org/resource/EFG_Eurobank_Ergasias
http://publicspending.medialab.ntua.gr/resource/paymentAgents/094014250,http://www.w3.org/2002/07/owl#sameAs,http://dbpedia.org/resource/EFG_Eurobank_(Serbia)
http://publicspending.medialab.ntua.gr/resource/paymentAgents/094014250,http://www.w3.org/2002/07/owl#sameAs,http://dbpedia.org/resource/EFG_Eurobank_%28Serbia%29
http://publicspending.medialab.ntua.gr/resource/paymentAgents/094014250,http://www.w3.org/2002/07/owl#sameAs,http://dbpedia.org/resource/Eurobank
http://publicspending.medialab.ntua.gr/resource/paymentAgents/998871373,http://www.w3.org/2002/07/owl#sameAs,http://dbpedia.org/resource/Mochlos
http://publicspending.medialab.ntua.gr/resource/paymentAgents/998871373,http://www.w3.org/2002/07/owl#sameAs,http://el.dbpedia.org/resource/Τουρλωτή_Λασιθίου
http://publicspending.medialab.ntua.gr/resource/paymentAgents/998871373,http://www.w3.org/2002/07/owl#sameAs,http://dbpedia.org/resource/Ter%C5%88a
http://publicspending.medialab.ntua.gr/resource/paymentAgents/094140021,http://www.w3.org/2002/07/owl#sameAs,http://dbpedia.org/resource/Boehringer_Ingelheim
http://publicspending.medialab.ntua.gr/resource/paymentAgents/998399720,http://www.w3.org/2002/07/owl#sameAs,http://dbpedia.org/resource/Tourism
http://publicspending.medialab.ntua.gr/resource/paymentAgents/998399720,http://www.w3.org/2002/07/owl#sameAs,http://el.dbpedia.org/resource/Τουρισμός
http://publicspending.medialab.ntua.gr/resource/paymentAgents/998399720,http://www.w3.org/2002/07/owl#sameAs,http://dbpedia.org/resource/Avax_Technologies
http://publicspending.medialab.ntua.gr/resource/paymentAgents/998399720,http://www.w3.org/2002/07/owl#sameAs,http://dbpedia.org/resource/Joannou_&_Paraskevaides
http://publicspending.medialab.ntua.gr/resource/paymentAgents/998399720,http://www.w3.org/2002/07/owl#sameAs,http://el.dbpedia.org/resource/J_&_P
http://publicspending.medialab.ntua.gr/resource/paymentAgents/998399720,http://www.w3.org/2002/07/owl#sameAs,http://dbpedia.org/resource/Alstom
http://publicspending.medialab.ntua.gr/resource/paymentAgents/998939913,http://www.w3.org/2002/07/owl#sameAs,http://dbpedia.org/resource/Olympic_Air
http://publicspending.medialab.ntua.gr/resource/paymentAgents/998939913,http://www.w3.org/2002/07/owl#sameAs,http://el.dbpedia.org/resource/Olympic_Air
http://publicspending.medialab.ntua.gr/resource/paymentAgents/998939913,http://www.w3.org/2002/07/owl#sameAs,http://dbpedia.org/resource/Olympic_Air_destinations
http://publicspending.medialab.ntua.gr/resource/paymentAgents/998985794,http://www.w3.org/2002/07/owl#sameAs,http://dbpedia.org/resource/ARTAS
http://publicspending.medialab.ntua.gr/resource/paymentAgents/998985794,http://www.w3.org/2002/07/owl#sameAs,http://dbpedia.org/resource/Arta
http://publicspending.medialab.ntua.gr/resource/paymentAgents/998985794,http://www.w3.org/2002/07/owl#sameAs,http://dbpedia.org/resource/PASS
http://publicspending.medialab.ntua.gr/resource/paymentAgents/094085710,http://www.w3.org/2002/07/owl#sameAs,http://dbpedia.org/resource/Alexander
http://publicspending.medialab.ntua.gr/resource/paymentAgents/094085710,http://www.w3.org/2002/07/owl#sameAs,http://el.dbpedia.org/resource/Αλέξανδρος
http://publicspending.medialab.ntua.gr/resource/paymentAgents/094014237,http://www.w3.org/2002/07/owl#sameAs,http://dbpedia.org/resource/Emporiki_Bank
http://publicspending.medialab.ntua.gr/resource/paymentAgents/094014237,http://www.w3.org/2002/07/owl#sameAs,http://el.dbpedia.org/resource/Εμπορική_Τράπεζα_της_Ελλάδος
http://publicspending.medialab.ntua.gr/resource/paymentAgents/094014237,http://www.w3.org/2002/07/owl#sameAs,http://dbpedia.org/resource/Emporiki
http://publicspending.medialab.ntua.gr/resource/paymentAgents/999711399,http://www.w3.org/2002/07/owl#sameAs,http://dbpedia.org/resource/Avax_Technologies
http://publicspending.medialab.ntua.gr/resource/paymentAgents/998430819,http://www.w3.org/2002/07/owl#sameAs,http://dbpedia.org/resource/Epe
http://publicspending.medialab.ntua.gr/resource/paymentAgents/998430819,http://www.w3.org/2002/07/owl#sameAs,http://dbpedia.org/resource/Engineer
http://publicspending.medialab.ntua.gr/resource/paymentAgents/998430819,http://www.w3.org/2002/07/owl#sameAs,http://dbpedia.org/resource/Study
http://publicspending.medialab.ntua.gr/resource/paymentAgents/998430819,http://www.w3.org/2002/07/owl#sameAs,http://dbpedia.org/resource/Systra
http://publicspending.medialab.ntua.gr/resource/paymentAgents/998430819,http://www.w3.org/2002/07/owl#sameAs,http://dbpedia.org/resource/SYSTRA
http://publicspending.medialab.ntua.gr/resource/paymentAgents/094457638,http://www.w3.org/2002/07/owl#sameAs,http://dbpedia.org/resource/Shipyard
http://publicspending.medialab.ntua.gr/resource/paymentAgents/094457638,http://www.w3.org/2002/07/owl#sameAs,http://el.dbpedia.org/resource/Ναυπηγείο
http://publicspending.medialab.ntua.gr/resource/paymentAgents/997830018,http://www.w3.org/2002/07/owl#sameAs,http://dbpedia.org/resource/Bros
http://publicspending.medialab.ntua.gr/resource/paymentAgents/094035442,http://www.w3.org/2002/07/owl#sameAs,http://dbpedia.org/resource/Xerox
http://publicspending.medialab.ntua.gr/resource/paymentAgents/999186484,http://www.w3.org/2002/07/owl#sameAs,http://dbpedia.org/resource/Construction
http://publicspending.medialab.ntua.gr/resource/paymentAgents/998420248,http://www.w3.org/2002/07/owl#sameAs,http://dbpedia.org/resource/Etvo
http://publicspending.medialab.ntua.gr/resource/paymentAgents/998420248,http://www.w3.org/2002/07/owl#sameAs,http://dbpedia.org/resource/Kalon
http://publicspending.medialab.ntua.gr/resource/paymentAgents/998420248,http://www.w3.org/2002/07/owl#sameAs,http://dbpedia.org/resource/University_of_the_Arts_London
http://publicspending.medialab.ntua.gr/resource/paymentAgents/998420248,http://www.w3.org/2002/07/owl#sameAs,http://dbpedia.org/resource/The_arts
http://publicspending.medialab.ntua.gr/resource/paymentAgents/998420248,http://www.w3.org/2002/07/owl#sameAs,http://dbpedia.org/resource/University_of_Houston_College_of_Liberal_Arts_and_Social_Sciences
http://publicspending.medialab.ntua.gr/resource/paymentAgents/998420248,http://www.w3.org/2002/07/owl#sameAs,http://dbpedia.org/resource/University_of_North_Carolina_School_of_the_Arts
http://publicspending.medialab.ntua.gr/resource/paymentAgents/998420248,http://www.w3.org/2002/07/owl#sameAs,http://dbpedia.org/resource/University_for_the_Creative_Arts
http://publicspending.medialab.ntua.gr/resource/paymentAgents/998420248,http://www.w3.org/2002/07/owl#sameAs,http://dbpedia.org/resource/University_of_Arts_in_Belgrade
http://publicspending.medialab.ntua.gr/resource/paymentAgents/997857160,http://www.w3.org/2002/07/owl#sameAs,http://dbpedia.org/resource/Industrial_music
http://publicspending.medialab.ntua.gr/resource/paymentAgents/997857160,http://www.w3.org/2002/07/owl#sameAs,http://dbpedia.org/resource/Industrial_Revolution
http://publicspending.medialab.ntua.gr/resource/paymentAgents/997857160,http://www.w3.org/2002/07/owl#sameAs,http://el.dbpedia.org/resource/Βιομηχανική_επανάσταση
http://publicspending.medialab.ntua.gr/resource/paymentAgents/997857160,http://www.w3.org/2002/07/owl#sameAs,http://dbpedia.org/resource/Industrial_design
http://publicspending.medialab.ntua.gr/resource/paymentAgents/997857160,http://www.w3.org/2002/07/owl#sameAs,http://el.dbpedia.org/resource/Βιομηχανικός_σχεδιασμός
http://publicspending.medialab.ntua.gr/resource/paymentAgents/997857160,http://www.w3.org/2002/07/owl#sameAs,http://dbpedia.org/resource/Furnace
http://publicspending.medialab.ntua.gr/resource/paymentAgents/997857160,http://www.w3.org/2002/07/owl#sameAs,http://dbpedia.org/resource/Industrial_park
http://publicspending.medialab.ntua.gr/resource/paymentAgents/997857160,http://www.w3.org/2002/07/owl#sameAs,http://dbpedia.org/resource/Industrial_engineering
http://publicspending.medialab.ntua.gr/resource/paymentAgents/997857160,http://www.w3.org/2002/07/owl#sameAs,http://dbpedia.org/resource/List_of_industrial_processes
http://publicspending.medialab.ntua.gr/resource/paymentAgents/094289571,http://www.w3.org/2002/07/owl#sameAs,http://dbpedia.org/resource/Kri-kri
http://publicspending.medialab.ntua.gr/resource/paymentAgents/094289571,http://www.w3.org/2002/07/owl#sameAs,http://el.dbpedia.org/resource/Κρι-κρι
http://publicspending.medialab.ntua.gr/resource/paymentAgents/090365335,http://www.w3.org/2002/07/owl#sameAs,http://dbpedia.org/resource/Court_of_Auditors
http://publicspending.medialab.ntua.gr/resource/paymentAgents/090365335,http://www.w3.org/2002/07/owl#sameAs,http://el.dbpedia.org/resource/Ευρωπαϊκό_Ελεγκτικό_Συνέδριο
http://publicspending.medialab.ntua.gr/resource/paymentAgents/090365335,http://www.w3.org/2002/07/owl#sameAs,http://dbpedia.org/resource/Audit
http://publicspending.medialab.ntua.gr/resource/paymentAgents/997791627,http://www.w3.org/2002/07/owl#sameAs,http://dbpedia.org/resource/Rhodes
http://publicspending.medialab.ntua.gr/resource/paymentAgents/997791627,http://www.w3.org/2002/07/owl#sameAs,http://el.dbpedia.org/resource/Ρόδος
http://publicspending.medialab.ntua.gr/resource/paymentAgents/997791627,http://www.w3.org/2002/07/owl#sameAs,http://dbpedia.org/resource/Christakis_Zografos
http://publicspending.medialab.ntua.gr/resource/paymentAgents/997791627,http://www.w3.org/2002/07/owl#sameAs,http://el.dbpedia.org/resource/Χρηστάκης_Ζωγράφος
http://publicspending.medialab.ntua.gr/resource/paymentAgents/997791627,http://www.w3.org/2002/07/owl#sameAs,http://dbpedia.org/resource/Nicholas_A._Christakis
http://publicspending.medialab.ntua.gr/resource/paymentAgents/997791627,http://www.w3.org/2002/07/owl#sameAs,http://el.dbpedia.org/resource/Νικόλας_Χρηστάκης
http://publicspending.medialab.ntua.gr/resource/paymentAgents/997791627,http://www.w3.org/2002/07/owl#sameAs,http://dbpedia.org/resource/IK
http://publicspending.medialab.ntua.gr/resource/paymentAgents/998093595,http://www.w3.org/2002/07/owl#sameAs,http://dbpedia.org/resource/Alchiviad_Diamandi_di_Samarina
http://publicspending.medialab.ntua.gr/resource/paymentAgents/998093595,http://www.w3.org/2002/07/owl#sameAs,http://dbpedia.org/resource/Epenthesis
http://publicspending.medialab.ntua.gr/resource/paymentAgents/998093595,http://www.w3.org/2002/07/owl#sameAs,http://dbpedia.org/resource/Iapetus
http://publicspending.medialab.ntua.gr/resource/paymentAgents/998093595,http://www.w3.org/2002/07/owl#sameAs,http://el.dbpedia.org/resource/Ιαπετός
http://publicspending.medialab.ntua.gr/resource/paymentAgents/998093595,http://www.w3.org/2002/07/owl#sameAs,http://dbpedia.org/resource/Gaia
http://publicspending.medialab.ntua.gr/resource/paymentAgents/998093595,http://www.w3.org/2002/07/owl#sameAs,http://el.dbpedia.org/resource/Γαία
http://publicspending.medialab.ntua.gr/resource/paymentAgents/998093595,http://www.w3.org/2002/07/owl#sameAs,http://dbpedia.org/resource/TIS
http://publicspending.medialab.ntua.gr/resource/paymentAgents/998093595,http://www.w3.org/2002/07/owl#sameAs,http://dbpedia.org/resource/Persian_language
http://publicspending.medialab.ntua.gr/resource/paymentAgents/998093595,http://www.w3.org/2002/07/owl#sameAs,http://el.dbpedia.org/resource/Περσική_γλώσσα
http://publicspending.medialab.ntua.gr/resource/paymentAgents/998093595,http://www.w3.org/2002/07/owl#sameAs,http://dbpedia.org/resource/Tin
http://publicspending.medialab.ntua.gr/resource/paymentAgents/998093595,http://www.w3.org/2002/07/owl#sameAs,http://el.dbpedia.org/resource/Κασσίτερος
http://publicspending.medialab.ntua.gr/resource/paymentAgents/998093595,http://www.w3.org/2002/07/owl#sameAs,http://dbpedia.org/resource/Titanium_nitride
http://publicspending.medialab.ntua.gr/resource/paymentAgents/998093595,http://www.w3.org/2002/07/owl#sameAs,http://dbpedia.org/resource/Gia
http://publicspending.medialab.ntua.gr/resource/paymentAgents/998093595,http://www.w3.org/2002/07/owl#sameAs,http://dbpedia.org/resource/KT
http://publicspending.medialab.ntua.gr/resource/paymentAgents/997898375,http://www.w3.org/2002/07/owl#sameAs,http://dbpedia.org/resource/LEON
http://publicspending.medialab.ntua.gr/resource/paymentAgents/998993604,http://www.w3.org/2002/07/owl#sameAs,http://dbpedia.org/resource/Blood_donation
http://publicspending.medialab.ntua.gr/resource/paymentAgents/998993604,http://www.w3.org/2002/07/owl#sameAs,http://dbpedia.org/resource/Blood_Donation_Badge_of_Honor
http://publicspending.medialab.ntua.gr/resource/paymentAgents/094456967,http://www.w3.org/2002/07/owl#sameAs,http://dbpedia.org/resource/List_of_The_Elenium_and_The_Tamuli_characters
http://publicspending.medialab.ntua.gr/resource/paymentAgents/999021745,http://www.w3.org/2002/07/owl#sameAs,http://dbpedia.org/resource/Patronage
http://publicspending.medialab.ntua.gr/resource/paymentAgents/997679492,http://www.w3.org/2002/07/owl#sameAs,http://dbpedia.org/resource/Sth
http://publicspending.medialab.ntua.gr/resource/paymentAgents/997679492,http://www.w3.org/2002/07/owl#sameAs,http://dbpedia.org/resource/Lambeth_degree
http://publicspending.medialab.ntua.gr/resource/paymentAgents/997679492,http://www.w3.org/2002/07/owl#sameAs,http://dbpedia.org/resource/Sonic_the_Hedgehog
http://publicspending.medialab.ntua.gr/resource/paymentAgents/094279701,http://www.w3.org/2002/07/owl#sameAs,http://dbpedia.org/resource/Marina
http://publicspending.medialab.ntua.gr/resource/paymentAgents/094440299,http://www.w3.org/2002/07/owl#sameAs,http://dbpedia.org/resource/Athens_International_Airport_%22Eleftherios_Venizelos%22
http://publicspending.medialab.ntua.gr/resource/paymentAgents/999496100,http://www.w3.org/2002/07/owl#sameAs,http://dbpedia.org/resource/Spa
http://publicspending.medialab.ntua.gr/resource/paymentAgents/999496100,http://www.w3.org/2002/07/owl#sameAs,http://dbpedia.org/resource/Spondyloarthropathy
http://publicspending.medialab.ntua.gr/resource/paymentAgents/999496100,http://www.w3.org/2002/07/owl#sameAs,http://dbpedia.org/resource/Impregilo
http://publicspending.medialab.ntua.gr/resource/paymentAgents/094423696,http://www.w3.org/2002/07/owl#sameAs,http://dbpedia.org/resource/Biomedicine
http://publicspending.medialab.ntua.gr/resource/paymentAgents/094081077,http://www.w3.org/2002/07/owl#sameAs,http://dbpedia.org/resource/European_Agency_for_Safety_and_Health_at_Work
http://publicspending.medialab.ntua.gr/resource/paymentAgents/094081077,http://www.w3.org/2002/07/owl#sameAs,http://dbpedia.org/resource/European_Medicines_Agency
http://publicspending.medialab.ntua.gr/resource/paymentAgents/094081077,http://www.w3.org/2002/07/owl#sameAs,http://dbpedia.org/resource/Frontex
http://publicspending.medialab.ntua.gr/resource/paymentAgents/094081077,http://www.w3.org/2002/07/owl#sameAs,http://dbpedia.org/resource/European_Agency_for_Reconstruction
http://publicspending.medialab.ntua.gr/resource/paymentAgents/023541415,http://www.w3.org/2002/07/owl#sameAs,http://dbpedia.org/resource/Kalagi
http://publicspending.medialab.ntua.gr/resource/paymentAgents/094537398,http://www.w3.org/2002/07/owl#sameAs,http://dbpedia.org/resource/Fraternity
http://publicspending.medialab.ntua.gr/resource/paymentAgents/997712628,http://www.w3.org/2002/07/owl#sameAs,http://dbpedia.org/resource/Medusa
http://publicspending.medialab.ntua.gr/resource/paymentAgents/997712628,http://www.w3.org/2002/07/owl#sameAs,http://el.dbpedia.org/resource/Μέδουσα_(μυθολογία)
http://publicspending.medialab.ntua.gr/resource/paymentAgents/997712628,http://www.w3.org/2002/07/owl#sameAs,http://dbpedia.org/resource/Akmon
http://publicspending.medialab.ntua.gr/resource/paymentAgents/094444827,http://www.w3.org/2002/07/owl#sameAs,http://dbpedia.org/resource/Forthnet
http://publicspending.medialab.ntua.gr/resource/paymentAgents/094444827,http://www.w3.org/2002/07/owl#sameAs,http://el.dbpedia.org/resource/Forthnet
http://publicspending.medialab.ntua.gr/resource/paymentAgents/998000531,http://www.w3.org/2002/07/owl#sameAs,http://dbpedia.org/resource/Christos_Christodoulou
http://publicspending.medialab.ntua.gr/resource/paymentAgents/998000531,http://www.w3.org/2002/07/owl#sameAs,http://el.dbpedia.org/resource/Χρήστος_Χριστοδούλου
http://publicspending.medialab.ntua.gr/resource/paymentAgents/998000531,http://www.w3.org/2002/07/owl#sameAs,http://dbpedia.org/resource/Makarios_III
http://publicspending.medialab.ntua.gr/resource/paymentAgents/998000531,http://www.w3.org/2002/07/owl#sameAs,http://el.dbpedia.org/resource/Αρχιεπίσκοπος_Κύπρου_Μακάριος_Γ΄
http://publicspending.medialab.ntua.gr/resource/paymentAgents/998000531,http://www.w3.org/2002/07/owl#sameAs,http://dbpedia.org/resource/Demetrios_Christodoulou
http://publicspending.medialab.ntua.gr/resource/paymentAgents/998000531,http://www.w3.org/2002/07/owl#sameAs,http://dbpedia.org/resource/Pambos_Christodoulou
http://publicspending.medialab.ntua.gr/resource/paymentAgents/998000531,http://www.w3.org/2002/07/owl#sameAs,http://dbpedia.org/resource/Nikos_Christodoulou
http://publicspending.medialab.ntua.gr/resource/paymentAgents/998000531,http://www.w3.org/2002/07/owl#sameAs,http://dbpedia.org/resource/Fanis_Christodoulou
http://publicspending.medialab.ntua.gr/resource/paymentAgents/998000531,http://www.w3.org/2002/07/owl#sameAs,http://el.dbpedia.org/resource/Φάνης_Χριστοδούλου
http://publicspending.medialab.ntua.gr/resource/paymentAgents/998000531,http://www.w3.org/2002/07/owl#sameAs,http://dbpedia.org/resource/Marios_Christodoulou
http://publicspending.medialab.ntua.gr/resource/paymentAgents/998000531,http://www.w3.org/2002/07/owl#sameAs,http://dbpedia.org/resource/Stanley_Christodoulou
http://publicspending.medialab.ntua.gr/resource/paymentAgents/998000531,http://www.w3.org/2002/07/owl#sameAs,http://dbpedia.org/resource/Georgios_Christodoulou
http://publicspending.medialab.ntua.gr/resource/paymentAgents/998000531,http://www.w3.org/2002/07/owl#sameAs,http://dbpedia.org/resource/Adam_Christodoulou
http://publicspending.medialab.ntua.gr/resource/paymentAgents/998000531,http://www.w3.org/2002/07/owl#sameAs,http://dbpedia.org/resource/Riki_Christodoulou
http://publicspending.medialab.ntua.gr/resource/paymentAgents/998000531,http://www.w3.org/2002/07/owl#sameAs,http://dbpedia.org/resource/Anastasios_Christodoulou
http://publicspending.medialab.ntua.gr/resource/paymentAgents/998000531,http://www.w3.org/2002/07/owl#sameAs,http://dbpedia.org/resource/University_Challenge_2006%E2%80%9307
http://publicspending.medialab.ntua.gr/resource/paymentAgents/998000531,http://www.w3.org/2002/07/owl#sameAs,http://dbpedia.org/resource/Evangelia_Christodoulou
http://publicspending.medialab.ntua.gr/resource/paymentAgents/998000531,http://www.w3.org/2002/07/owl#sameAs,http://dbpedia.org/resource/Andreas_Christodoulou
http://publicspending.medialab.ntua.gr/resource/paymentAgents/998000531,http://www.w3.org/2002/07/owl#sameAs,http://dbpedia.org/resource/Christodoulos_Christodoulou
http://publicspending.medialab.ntua.gr/resource/paymentAgents/998000531,http://www.w3.org/2002/07/owl#sameAs,http://dbpedia.org/resource/Maria_Christodoulou
http://publicspending.medialab.ntua.gr/resource/paymentAgents/999009824,http://www.w3.org/2002/07/owl#sameAs,http://dbpedia.org/resource/Ion_(mythology)
http://publicspending.medialab.ntua.gr/resource/paymentAgents/999009824,http://www.w3.org/2002/07/owl#sameAs,http://el.dbpedia.org/resource/Ίωνας
http://publicspending.medialab.ntua.gr/resource/paymentAgents/998462412,http://www.w3.org/2002/07/owl#sameAs,http://dbpedia.org/resource/Nikos
http://publicspending.medialab.ntua.gr/resource/paymentAgents/998462412,http://www.w3.org/2002/07/owl#sameAs,http://dbpedia.org/resource/Nick
http://publicspending.medialab.ntua.gr/resource/paymentAgents/094035050,http://www.w3.org/2002/07/owl#sameAs,http://dbpedia.org/resource/Bull
