Δήμος Αβδήρων;18,830;9,290;9,540;5.349
Δήμος Αγαθονησίου;190;110;80;1.310
Δήμος Αγίας Βαρβάρας;26,490;12,650;13,840;10.923,71
Δήμος Αγίας Παρασκευής;59,500;27,750;31,750;7.498,42
Δήμος Αγιάς;11,440;5,860;5,580;1.729
Δήμος Αγίου Βασιλείου;7,440;3,790;3,650;2.071
Δήμος Αγίου Δημητρίου;70,970;34,520;36,450;14.340,27
Δήμος Αγίου Ευστρατίου;270;130;140;623
Δήμος Αγίου Νικολάου;26,430;13,080;13,350;5.165
Δήμος Αγίων Αναργύρων - Καματερού;62,440;30,850;31,590;6.824,04
Δήμος Αγκιστρίου;1,120;570;550;8.379
Δήμος Αγράφων;6,780;3,530;3,250;737
Δήμος Αγρινίου;93,930;46,570;47,360;7.641
Δήμος Αθηναίων;655,780;311,650;344,130;16.830,41
Δήμος Αιγάλεω;69,660;34,070;35,590;10.800,00
Δήμος Αιγιαλείας;49,740;24,520;25,220;6.879
Δήμος Αίγινας;13,190;6,560;6,630;15.090
Δήμος Ακτίου - Βόνιτσας;16,470;8,480;7,990;2.495
Δήμος Αλεξάνδρειας;41,610;20,790;20,820;8.690
Δήμος Αλεξανδρούπολης;72,750;35,780;36,970;5.978
Δήμος Αλιάρτου;10,850;5,600;5,250;4.230
Δήμος Αλίμου;41,830;19,780;22,050;7.079,03
Δήμος Αλμυρού;18,260;9,070;9,190;2.017
Δήμος Αλμωπίας;27,460;13,730;13,730;2.786
Δήμος Αλοννήσου;2,800;1,480;1,320;2.908
Δήμος Αμαρίου;5,950;3,070;2,880;2.146
Δήμος Αμαρουσίου;72,480;33,790;38,690;5.602,10
Δήμος Αμοργού;1,940;1,010;930;1.535
Δήμος Αμπελοκήπων - Μενεμένης;51,670;24,520;27,150;5.276,76
Δήμος Αμυνταίου;16,890;8,570;8,320;2.866
Δήμος Αμφίκλειας - Ελάτειας;10,940;5,540;5,400;2.051
Δήμος Αμφιλοχίας;17,060;8,540;8,520;1.564
Δήμος Αμφίπολης;9,150;4,390;4,760;2.222
Δήμος Ανατολικής Μάνης;12,900;6,610;6,290;2.083
Δήμος Ανάφης;240;120;120;595
Δήμος Ανδραβίδας - Κυλλήνης;21,640;11,570;10,070;6.088
Δήμος Ανδρίτσαινας - Κρεστένων;14,190;7,470;6,720;3.360
Δήμος Άνδρου;9,170;4,570;4,600;2.413
Δήμος Αντιπάρου;1,190;600;590;2.634
Δήμος Ανωγείων;2,400;1,200;1,200;2.123
Δήμος Αποκορώνου;12,860;6,460;6,400;4.076
Δήμος Αργιθέας;3,360;1,770;1,590;901
Δήμος Άργους - Μυκηνών;42,090;20,930;21,160;4.198
Δήμος Αριστοτέλη;18,280;9,100;9,180;2.447
Δήμος Αρριανών;16,570;8,210;8,360;2.149
Δήμος Αρταίων;42,980;21,170;21,810;9.400
Δήμος Αρχαίας Ολυμπίας;13,410;6,850;6,560;2.460
Δήμος Αρχανών - Αστερουσίων;16,650;8,300;8,350;4.939
Δήμος Ασπροπύργου;30,160;15,710;14,450;29.574
Δήμος Αστυπαλαίας;1,310;680;630;1.148
Δήμος Αχαρνών;107,500;54,610;52,890;99.669
Δήμος Βάρης - Βούλας - Βουλιαγμένης;48,380;23,680;24,700;1.299,66
Δήμος Βέλου - Βόχας;19,130;9,680;9,450;11.605
Δήμος Βέροιας;66,630;32,650;33,980;8.365
Δήμος Βιάννου;5,500;2,730;2,770;2.483
Δήμος Βισαλτίας;19,980;9,970;10,010;3.035
Δήμος Βοΐου;18,510;9,220;9,290;1.837
Δήμος Βόλβης;23,370;11,760;11,610;2.985
Δήμος Βόλου;144,420;70,420;74,000;37.452
Δήμος Βόρειας Κυνουρίας;10,380;5,250;5,130;1.799
Δήμος Βορείων Τζουμέρκων;5,770;2,910;2,860;1.610
Δήμος Βριλησσίων;30,660;14,560;16,100;7.951,24
Δήμος Βύρωνα;60,840;28,830;32,010;6.610,17
Δήμος Γαλατσίου;58,850;28,190;30,660;14.617,49
Δήμος Γαύδου;150;90;60;463
Δήμος Γεωργίου Καραϊσκάκη;5,850;3,000;2,850;1.261
Δήμος Γλυφάδας;86,980;41,040;45,940;3.429,00
Δήμος Γόρτυνας;15,710;7,910;7,800;3.380
Δήμος Γορτυνίας;10,320;5,360;4,960;982
Δήμος Γρεβενών;25,620;13,330;12,290;1.378
Δήμος Δάφνης - Υμηττού;33,540;15,780;17,760;14.272,34
Δήμος Δέλτα;45,460;22,720;22,740;14.613
Δήμος Δελφών;26,700;13,250;13,450;2.380
Δήμος Δεσκάτης;5,870;2,940;2,930;1.360
Δήμος Διδυμοτείχου;19,510;10,130;9,380;3.451
Δήμος Διονύσου;40,170;19,490;20,680;36.040
Δήμος Δίου - Ολύμπου;25,870;13,380;12,490;5.223
Δήμος Διρφύων - Μεσσαπίων;18,780;9,920;8,860;2.416
Δήμος Διστόμου - Αράχοβας - Αντίκυρας;8,200;4,160;4,040;2.789
Δήμος Δομοκού;11,670;6,000;5,670;1.648
Δήμος Δοξάτου;14,580;7,040;7,540;5.990
Δήμος Δράμας;59,010;28,350;30,660;7.024
Δήμος Δυτικής Αχαΐας;26,300;14,080;12,220;4.587
Δήμος Δυτικής Μάνης;7,280;3,710;3,570;1.807
Δήμος Δωδώνης;9,720;4,990;4,730;1.478
Δήμος Δωρίδος;13,730;7,090;6,640;1.375
Δήμος Έδεσσας;29,030;14,300;14,730;4.750
Δήμος Ελασσόνας;32,110;16,000;16,110;2.052
Δήμος Ελαφονήσου;1,050;540;510;5.252
Δήμος Ελευσίνας;30,140;15,070;15,070;82.374
Δήμος Ελληνικού - Αργυρούπολης;51,330;24,770;26,560;3.342,89
Δήμος Εμμανουήλ Παππά;14,830;7,370;7,460;4.389
Δήμος Εορδαίας;45,450;22,620;22,830;6.412
Δήμος Επιδαύρου;8,070;4,080;3,990;2.370
Δήμος Ερέτριας;13,160;6,690;6,470;7.807
Δήμος Ερμιονίδας;13,670;6,980;6,690;3.246
Δήμος Ερυμάνθου;8,740;4,620;4,120;1.501
Δήμος Ευρώτα;18,050;9,700;8,350;2.085
Δήμος Ζαγοράς - Μουρεσίου;5,830;2,980;2,850;3.879
Δήμος Ζαγορίου;3,740;1,840;1,900;378
Δήμος Ζακυνθίων;40,650;20,270;20,380;10.023
Δήμος Ζαχάρως;8,950;4,560;4,390;3.240
Δήμος Ζηρού;14,080;6,970;7,110;3.699
Δήμος Ζίτσας;14,810;7,380;7,430;2.619
Δήμος Ζωγράφου;70,060;32,660;37,400;8.225,90
Δήμος Ηγουμενίτσας;25,780;12,850;12,930;6.018
Δήμος Ήλιδας;32,130;16,180;15,950;8.022
Δήμος Ηλιούπολης;77,850;36,990;40,860;6.118,36
Δήμος Ηρακλείας;21,400;10,510;10,890;4.740
Municipality of Irakleio;49,350;23,660;25,690;10.640,36
Municipality of Heraklion;173,450;85,210;88,240;70.908
Δήμος Θάσου;13,720;6,770;6,950;3.610
Δήμος Θερμαϊκού;50,100;24,760;25,340;37.553
Δήμος Θέρμης;53,070;26,190;26,880;13.889
Δήμος Θέρμου;8,270;4,190;4,080;2.478
Δήμος Θεσσαλονίκης;322,240;147,660;174,580;16.703,30
Δήμος Θηβαίων;36,540;19,600;16,940;4.402
Δήμος Θήρας;15,250;7,670;7,580;16.828
Δήμος Ιάσμου;13,750;6,720;7,030;2.833
Δήμος Ιεράπετρας;28,270;14,070;14,200;5.103
Δήμος Ιερά Πόλεως Μεσολογγίου;34,420;17,200;17,220;5.059
Δήμος Ιητών;2,030;1,070;960;1.862
Δήμος Ιθάκης;3,180;1,600;1,580;2.699
Δήμος Ικαρίας;8,410;4,220;4,190;3.294
Δήμος Ιλίου;84,830;41,670;43,160;8.973,87
Δήμος Ιστιαίας - Αιδηψού;20,990;10,410;10,580;4.122
Δήμος Ιωαννιτών;111,740;53,660;58,080;27.705
Δήμος Καβάλας;70,360;33,980;36,380;20.026
Δήμος Καισαριανής;26,050;12,290;13,760;3.322,28
Δήμος Καλαβρύτων;11,220;5,840;5,380;1.060
Δήμος Καλαμαριάς;91,270;43,070;48,200;14.258,71
Δήμος Καλαμάτας;70,130;34,910;35,220;15.927
Δήμος Καλαμπάκας;21,280;10,610;10,670;1.283
Δήμος Καλλιθέας;100,050;46,640;53,410;21.067,59
Δήμος Καλυμνίων;16,140;7,970;8,170;11.996
Δήμος Καντάνου - Σελίνου;5,420;2,790;2,630;1.441
Δήμος Καρδίτσας;56,460;27,670;28,790;8.721
Δήμος Καρπάθου;6,160;3,090;3,070;1.897
Δήμος Καρπενησίου;13,500;6,780;6,720;1.423
Δήμος Καρύστου;11,770;5,920;5,850;1.745
Δήμος Κάσου;1,090;560;530;1.569
Δήμος Κασσάνδρας;16,710;8,530;8,180;4.999
Δήμος Καστοριάς;35,830;17,840;17,990;4.694
Δήμος Κατερίνης;86,170;41,920;44,250;12.637
Δήμος Κάτω Νευροκοπίου;7,930;4,010;3,920;908
Δήμος Κέας;2,420;1,240;1,180;1.625
Δήμος Κεντρικών Τζουμέρκων;6,230;3,110;3,120;1.223
Δήμος Κερατσινίου - Δραπετσώνας;91,090;44,050;47,040;9.767,32
Δήμος Κέρκυρας;101,080;49,240;51,840;16.545
Δήμος Κεφαλλονιάς;35,590;17,750;17,840;4.525
Δήμος Κηφισιάς;71,100;33,360;37,740;2.025,64
Δήμος Κιλελέρ;21,040;10,600;10,440;2.155
Δήμος Κιλκίς;51,990;25,820;26,170;3.250
Δήμος Κιμώλου;920;480;440;1.728
Δήμος Κισσάμου;10,800;5,470;5,330;3.167
Δήμος Κοζάνης;70,420;35,340;35,080;6.574
Δήμος Κομοτηνής;66,580;32,270;34,310;10.324
Δήμος Κόνιτσας;6,390;3,280;3,110;672
Δήμος Κορδελιού - Ευόσμου;101,010;49,370;51,640;7.561,76
Δήμος Κορινθίων;58,280;29,400;28,880;9.534
Δήμος Κορυδαλλού;63,550;31,760;31,790;14.697,04
Δήμος Κρωπίας;30,340;15,320;15,020;29.745
Δήμος Κυθήρων;4,030;2,060;1,970;1.343
Δήμος Κύθνου;1,310;720;590;1.308
Δήμος Κύμης - Αλιβερίου;28,440;14,430;14,010;3.533
Δήμος Κω;33,300;17,340;15,960;11.470
Δήμος Λαγκαδά;40,800;20,190;20,610;3.337
Δήμος Λαμιέων;74,720;37,130;37,590;7.890
Δήμος Λαρισαίων;163,380;80,440;82,940;48.628
Δήμος Λαυρεωτικής;24,970;12,420;12,550;14.204
Δήμος Λεβαδέων;31,230;15,560;15,670;4.500
Δήμος Λειψών;790;400;390;4.553
Δήμος Λέρου;8,130;4,210;3,920;10.961
Δήμος Λέσβου;85,330;42,210;43,120;5.226
Δήμος Λευκάδας;22,710;11,480;11,230;6.808
Δήμος Λήμνος;17,000;8,810;8,190;3.560
Δήμος Λίμνης Πλαστήρα;4,520;2,250;2,270;2.279
Δήμος Λοκρών;19,710;9,810;9,900;3.206
Δήμος Λουτρακίου - Αγίων Θεοδώρων;21,100;10,430;10,670;7.155
Δήμος Λυκόβρυσης - Πεύκης;31,290;15,010;16,280;7.583,62
Δήμος Μακρακώμης;16,130;8,140;7,990;1.928
Δήμος Μαλεβιζίου;24,710;12,440;12,270;8.465
Δήμος Μάνδρας - Ειδυλλίας;17,890;8,790;9,100;4.198
Δήμος Μαντουδίου - Λίμνης - Αγίας Άννας;11,690;5,880;5,810;1.999
Δήμος Μαραθώνος;33,560;18,830;14,730;15.066
Δήμος Μαρκοπούλου Μεσογαίας;20,070;9,900;10,170;24.522
Δήμος Μαρωνείας - Σαπών;14,710;7,320;7,390;2.292
Δήμος Μεγαλόπολης;11,030;5,730;5,300;1.526
Δήμος Μεγανησίου;1,040;520;520;4.652
Δήμος Μεγαρέων;36,960;19,590;17,370;11.196
Δήμος Μεγίστης;490;320;170;4.091
Δήμος Μεσσήνης;23,970;12,240;11,730;4.265
Δήμος Μεταμόρφωσης;29,770;14,650;15,120;5.410,76
Δήμος Μετσόβου;6,240;3,110;3,130;1.716
Δήμος Μήλου;4,960;2,510;2,450;3.097
Δήμος Μινώα Πεδιάδας;16,810;8,430;8,380;4.221
Δήμος Μονεμβασιάς;22,000;11,140;10,860;2.318
Δήμος Μοσχάτου - Ταύρου;39,900;19,110;20,790;8.966,29
Δήμος Μουζακίου;13,090;6,470;6,620;4.171
Δήμος Μύκης;15,530;7,710;7,820;2.452
Δήμος Μυκόνου;10,190;5,290;4,900;9.688
Δήμος Μυλοποτάμου;14,470;7,370;7,100;4.131
Δήμος Μώλου - Αγίου Κωνσταντίνου;12,170;6,000;6,170;3.608
Δήμος Νάξου και Μικρών Κυκλάδων;19,440;9,770;9,670;3.920
Δήμος Ηρωικής Πόλεως Νάουσας;32,470;16,210;16,260;7.631
Δήμος Ναυπακτίας;27,570;13,920;13,650;3.147
Δήμος Ναυπλιέων;33,260;16,920;16,340;8.523
Δήμος Νεάπολης - Συκεών;84,500;40,350;44,150;6.548,86
Δήμος Νέας Ζίχνης;12,500;6,020;6,480;3.092
Δήμος Νέας Ιωνίας;66,800;32,470;34,330;15.109,70
Δήμος Νέας Προποντίδας;36,520;18,280;18,240;9.809
Δήμος Νέας Σμύρνης;73,090;33,660;39,430;20.740,64
Δήμος Νεμέας;6,500;3,300;3,200;3.175
Δήμος Νεστορίου;2,630;1,350;1,280;427
Δήμος Νέστου;22,200;11,010;11,190;3.270
Δήμος Νίκαιας - Αγίου Ιωάννη Ρέντη;105,230;51,140;54,090;9.418,24
Δήμος Νικολάου Σκουφά;12,810;6,350;6,460;5.525
Δήμος Νισύρου;980;530;450;1.958
Δήμος Νότιας Κυνουρίας;8,180;4,220;3,960;1.381
Δήμος Νοτίου Πηλίου;10,320;5,180;5,140;2.800
Δήμος Ξάνθης;64,450;31,860;32,590;13.017
Δήμος Ξηρομέρου;11,780;6,010;5,770;1.996
Δήμος Ξυλοκάστρου - Ευρωστίνης;17,420;8,580;8,840;4.232
Δήμος Οινουσσών;820;420;400;4.705
Δήμος Οιχαλίας;12,280;6,330;5,950;2.956
Δήμος Ορεστιάδας;37,530;19,470;18,060;3.927
Δήμος Ορεστίδος;11,820;5,930;5,890;3.469
Δήμος Οροπεδίου Λασιθίου;2,440;1,230;1,210;1.877
Δήμος Ορχομενού;11,570;5,890;5,680;2.782
Δήμος Παγγαίου;31,920;15,780;16,140;4.551
Δήμος Παιανίας;26,620;13,200;13,420;50.080
Δήμος Παιονίας;28,370;14,340;14,030;3.086
Δήμος Παλαιού Φαλήρου;62,370;28,770;33,600;13.635,77
Δήμος Παλαμά;16,730;8,480;8,250;4.371
Δήμος Παλλήνης;54,390;26,780;27,610;1.848,11
Δήμος Παξών;2,220;1,160;1,060;7.370
Δήμος Παπάγου - Χολαργού;45,850;21,630;24,220;6.259,39
Δήμος Παρανεστίου;3,960;2,010;1,950;385
Δήμος Πάργας;11,940;5,940;6,000;4.345
Δήμος Πάρου;13,710;6,860;6,850;6.984
Δήμος Πάτμου;3,040;1,520;1,520;6.750
Δήμος Πατρέων;214,580;105,870;108,710;64.081
Δήμος Παύλου Μελά;98,870;48,280;50,590;4.160,67
Δήμος Πειραιώς;163,910;78,700;85,210;15.086,06
Δήμος Πέλλας;63,080;31,230;31,850;9.426
Δήμος Πεντέλης;34,880;16,900;17,980;96.717
Δήμος Περάματος;25,290;12,460;12,830;1.717,02
Δήμος Περιστερίου;138,920;68,040;70,880;13.822,89
Δήμος Πετρούπολης;58,800;28,550;30,250;8.913,14
Δήμος Πηνειού;21,420;11,020;10,400;13.263
Δήμος Πλατανιά;16,760;8,520;8,240;3.408
Δήμος Πολυγύρου;22,020;10,850;11,170;2.324
Δήμος Πόρου;4,010;2,230;1,780;8.088
Δήμος Πρέβεζας;31,700;15,730;15,970;8.330
Δήμος Πρεσπών;1,570;780;790;305
Δήμος Προσοτσάνης;13,060;6,310;6,750;2.710
Δήμος Πύδνας - Κολινδρού;15,360;7,560;7,800;4.524
Δήμος Πυλαίας - Χορτιάτη;70,210;34,390;35,820;45.112
Δήμος Πύλης;14,210;7,160;7,050;1.897
Δήμος Πύλου - Νέστορος;21,550;11,040;10,510;3.888
Δήμος Πύργου;48,370;23,910;24,460;10.593
Δήμος Πωγωνίου;8,990;4,550;4,440;1.282
Δήμος Ραφήνας - Πικερμίου;19,940;9,850;10,090;49.233
Δήμος Ρεθύμνης;54,900;26,470;28,430;13.855
Δήμος Ρήγα Φεραίου;10,970;5,640;5,330;1.992
Δήμος Ρόδου;115,290;57,910;57,380;8.231
Δήμος Σαλαμίνας;39,220;19,640;19,580;40.786
Δήμος Σαμοθράκης;2,840;1,620;1,220;1.596
Δήμος Σάμου;32,760;16,930;15,830;6.862
Δήμος Σαρωνικού;28,820;14,300;14,520;20.719
Δήμος Σερβίων - Βελβεντού;14,890;7,430;7,460;2.045
Δήμος Σερίφου;1,480;820;660;1.968
Δήμος Σερρών;76,240;36,990;39,250;12.697
Δήμος Σητείας;18,550;9,230;9,320;2.958
Δήμος Σιθωνίας;12,420;6,270;6,150;2.403
Δήμος Σικίνου;260;130;130;612
Δήμος Σικυωνίων;22,930;11,540;11,390;3.806
Δήμος Σιντικής;21,950;10,630;11,320;1.989
Δήμος Σίφνου;2,570;1,310;1,260;3.476
Δήμος Σκιάθου;6,110;3,110;3,000;12.245
Δήμος Σκοπέλου;4,830;2,360;2,470;3.727
Δήμος Σκύδρας;20,090;9,950;10,140;8.387
Δήμος Σκύρου;2,960;1,610;1,350;1.327
Δήμος Σουλίου;10,130;5,050;5,080;2.015
Δήμος Σουφλίου;14,900;7,630;7,270;1.124
Δήμος Σοφάδων;18,910;9,400;9,510;2.624
Δήμος Σπάρτης;35,600;18,040;17,560;3.012
Δήμος Σπάτων - Αρτέμιδος;33,800;16,750;17,050;45.865
Δήμος Σπετσών;4,070;1,990;2,080;15.007
Δήμος Στυλίδας;12,880;6,620;6,260;2.777
Δήμος Σύμης;2,580;1,400;1,180;3.924
Δήμος Σύρου - Ερμούπολης;21,390;10,400;10,990;20.991
Δήμος Σφακίων;1,920;1,010;910;411
Δήμος Τανάγρας;19,340;10,590;8,750;4.195
Δήμος Τεμπών;12,830;6,450;6,380;2.225
Δήμος Τήλου;790;440;350;1.224
Δήμος Τήνου;8,590;4,270;4,320;4.417
Δήμος Τοπείρου;11,480;5,830;5,650;3.674
Δήμος Τρικκαίων;80,900;40,140;40,760;13.315
Δήμος Τρίπολης;46,910;24,000;22,910;3.179
Δήμος Τριφυλίας;27,900;14,250;13,650;4.529
Δήμος Τροιζηνίας;7,160;3,640;3,520;2.973
Δήμος Τυρνάβου;24,970;12,440;12,530;4.753
Δήμος Ύδρας;1,980;1,020;960;3.072
Δήμος Φαιστού;24,360;12,140;12,220;5.930
Δήμος Φαρκαδόνας;13,310;6,630;6,680;3.610
Δήμος Φαρσάλων;18,650;9,290;9,360;2.521
Δήμος Φιλαδελφείας - Χαλκηδόνος;35,470;17,120;18,350;9.717,81
Δήμος Φιλιατών;7,750;4,000;3,750;1.328
Δήμος Φιλοθέης - Ψυχικού;26,750;11,900;14,850;4.401,84
Δήμος Φλώρινας;32,620;15,910;16,710;3.980
Δήμος Φολεγάνδρου;780;410;370;2.421
Δήμος Φούρνων Κορσέων;1,450;720;730;3.205
Δήμος Φυλής;46,150;23,070;23,080;42.290
Δήμος Χαϊδαρίου;46,590;23,080;23,510;2.056,50
Δήμος Χαλανδρίου;73,970;34,660;39,310;6.845,90
Δήμος Χαλκηδόνος;33,560;16,720;16,840;8.573
Δήμος Χάλκης;490;260;230;1.323
Δήμος Χαλκιδέων;102,420;52,010;50,410;24.112
Δήμος Χανίων;108,310;54,100;54,210;30.831
Δήμος Χερσονήσου;27,080;13,650;13,430;9.950
Δήμος Χίου;51,320;25,870;25,450;6.093
Δήμος Ψαρών;450;210;240;1.011
Δήμος Ωραιοκάστρου;38,330;19,500;18,830;17.594
Δήμος Ωρωπού;33,530;18,450;15,080;9.915
